"ZCTA5CE10","mb40","mb50","mb60"
"01001",2006,2006,2006
"01002",2005.25,2006,2008.75
"01003",2005.25,2005.25,2005.25
"01005",2008.75,2008.75,2008.75
"01007",2008.75,2008.75,2008.75
"01008",2007,2007,2007
"01009",2007.25,2007.25,2007.25
"01010",2007,2007,2007
"01011",2006,2007,2008.75
"01012",2006.5,2007.75,2009.25
"01013",2005.25,2005.25,2005.25
"01020",2005.25,2005.25,2005.25
"01022",2005.25,2005.25,2005.25
"01026",2005.5,2006.25,2006.75
"01027",2005.5,2006.75,2006.75
"01028",2007.5,2007.5,2007.5
"01029",2007,2007,2007
"01030",2006,2006,2006
"01031",2008.75,2008.75,2009.25
"01032",2006.75,2007.75,2009.25
"01033",2005.25,2007.25,2007.25
"01034",2005.75,2007,2007
"01035",2005.25,2005.25,2005.25
"01036",2007.5,2007.5,2007.5
"01037",2008.75,2008.75,2008.75
"01038",2005.25,2005.25,2005.25
"01039",2007.75,2008.75,2009.75
"01040",2005.25,2005.25,2005.25
"01050",2006.25,2006.75,2006.75
"01053",2008.75,2008.75,2009.75
"01054",2006,2006,2006
"01056",2007.25,2007.25,2007.25
"01057",2007,2007,2007.25
"01060",2005.25,2005.25,2005.25
"01062",2006.75,2006.75,2008.75
"01063",2005.25,2005.25,2005.25
"01066",2007.75,2008.75,2009.25
"01068",2005.5,2005.5,2007
"01069",2007,2007,2007
"01070",2005,2006.25,2012
"01071",2005.5,2005.5,2005.5
"01072",2005.25,2005.25,2006
"01073",2005.5,2006.75,2006.75
"01074",2008.75,2008.75,2008.75
"01075",2005.25,2005.25,2005.25
"01077",2005.5,2005.5,2006
"01079",2007.25,2007.25,2007.25
"01080",2007.25,2007.25,2007.25
"01081",2005.5,2007,2007
"01082",2008.75,2008.75,2008.75
"01083",2007,2007,2007
"01084",2005.5,2006.25,2006.75
"01085",2005.5,2005.5,2006
"01086",2005.5,2005.5,2005.5
"01088",2005.25,2005.25,2007.75
"01089",2006,2006,2006
"01092",2007,2007,2007
"01093",2006,2007.75,2008.75
"01094",2008.75,2008.75,2008.75
"01095",2007.25,2007.25,2007.25
"01096",2008.75,2008.75,2009.75
"01097",2005.5,2005.5,2005.5
"01098",2005.5,2006.25,2006.75
"01103",2006,2006,2006
"01104",2005.25,2006,2006
"01105",2006,2006,2006
"01106",2006,2006,2006
"01107",2006,2006,2006
"01108",2006,2006,2006
"01109",2006,2006,2006
"01118",2007.5,2007.5,2007.5
"01119",2007.5,2007.5,2007.5
"01128",2007.5,2007.5,2007.5
"01129",2007.5,2007.5,2007.5
"01151",2007.25,2007.25,2007.25
"01199",2006,2006,2006
"01201",2005,2005.5,2005.5
"01220",2006.25,2006.25,2006.25
"01222",2006.5,2006.5,2007.75
"01223",2005,2005,2005.5
"01224",2005,2005.5,2006.25
"01225",2006.25,2006.25,2006.25
"01226",2005.5,2006.25,2006.25
"01229",2005,2005,2005
"01230",2007,2009.25,2009.25
"01235",2005.5,2005.5,2006.5
"01236",2005,2005,2006.5
"01237",2005.5,2005.5,2007.5
"01238",2005,2005,2005
"01240",2005,2005,2005
"01242",2005,2005,2005
"01243",2005.5,2006.25,2007
"01244",2007,2007,2007
"01245",2007,2007,2010.5
"01247",2008.5,2012.25,2012.25
"01253",2007,2007,2007
"01254",2005,2005,2005
"01255",2007,2007,2007
"01256",2006.25,2006.25,2006.25
"01257",2007,2007.75,2009.25
"01258",2007,2007.75,2009.25
"01259",2006.5,2006.5,2007
"01260",2005,2005,2005
"01262",2005,2005,2005
"01264",2007,2007,2007
"01266",2005,2005,2005
"01267",2005,2005,2007.5
"01270",2006.25,2006.25,2006.25
"01301",2008.75,2010.5,2010.5
"01330",2005.25,2006,2006.75
"01331",2005.25,2007.75,2008.5
"01337",2008.5,2010.5,2010.5
"01338",2005,2006.25,2012
"01339",2006.25,2008,2014
"01340",2010.5,2010.5,2015
"01341",2005.25,2005.25,2006.75
"01342",2005.25,2006,2006
"01343",2010.25,2012.25,2012.25
"01344",2007.75,2008.75,2010.5
"01346",2008,2014,2014.5
"01347",2006,2006,2006
"01349",2008.5,2008.75,2010.5
"01350",2012.25,2012.25,2012.25
"01351",2006,2006,2006
"01354",2008.5,2008.75,2010.5
"01355",2005.25,2008.5,2008.75
"01360",2006.75,2007.75,2008.75
"01364",2005.25,2005.25,2005.25
"01366",2008.75,2008.75,2008.75
"01367",2008,2014,2014.5
"01368",2005.25,2006.75,2006.75
"01370",2006.75,2007.75,2010.5
"01373",2005.25,2006,2006
"01375",2005.25,2006,2006
"01376",2008.5,2008.75,2010.5
"01378",2005.25,2006.75,2006.75
"01379",2005.25,2006,2007.75
"01420",2005,2006,2006.5
"01430",2005.25,2006.5,2008.5
"01431",2005.5,2006.5,2008.5
"01432",2007,2008.75,2009
"01434",2005,2005,2005
"01436",2007.75,2008.5,2010.5
"01438",2007.75,2008.5,2010.5
"01440",2005,2005,2005
"01450",2007.5,2008.25,2009
"01451",2005,2005,2005
"01452",2005,2005,2005.5
"01453",2006.5,2006.5,2006.5
"01460",2005,2005,2005.75
"01462",2006.5,2006.5,2007.5
"01463",2006.25,2007.5,2007.5
"01464",2006.5,2006.5,2007.5
"01467",2005,2005,2005
"01468",2007.75,2008.5,2010.5
"01469",2006.5,2007.5,2007.5
"01473",2005,2005,2005
"01474",2006.5,2007.5,2007.5
"01475",2005.25,2005.25,2005.25
"01501",2007.75,2007.75,2007.75
"01503",2007.5,2007.5,2007.5
"01504",2005.5,2005.5,2005.5
"01505",2008.25,2008.25,2008.5
"01506",2007,2008.75,2010.25
"01507",2009.5,2010.25,2010.25
"01510",2007.5,2008.25,2008.5
"01515",2007,2007,2007
"01516",2005.25,2005.25,2005.25
"01518",2010.25,2010.25,2010.25
"01519",2008.25,2008.25,2008.25
"01520",2007.75,2008.25,2008.5
"01521",2005.5,2007,2007
"01522",2005.5,2005.5,2008.25
"01523",2006.5,2006.5,2006.5
"01524",2007,2007,2007.75
"01525",2005.25,2005.25,2005.25
"01527",2007.75,2007.75,2007.75
"01529",2005.5,2005.5,2005.5
"01531",2008.5,2008.75,2008.75
"01532",2007.5,2007.5,2007.5
"01534",2008.25,2008.25,2008.25
"01535",2007,2007,2007
"01536",2008.25,2008.25,2008.25
"01537",2009.5,2009.5,2009.5
"01540",2009.5,2009.5,2009.5
"01541",2005,2005,2005.5
"01542",2007.75,2007.75,2007.75
"01543",2005.5,2005.5,2005.5
"01545",2007.75,2007.75,2008.25
"01550",2005.5,2010,2010.25
"01560",2008.25,2008.25,2008.25
"01561",2006.5,2006.5,2006.5
"01562",2007,2007,2007
"01564",2006.5,2006.5,2008.25
"01566",2010.25,2010.25,2010.25
"01568",2008.25,2008.25,2008.25
"01569",2005.25,2005.25,2005.25
"01570",2009.5,2009.5,2009.5
"01571",2009.5,2009.5,2009.5
"01581",2007.5,2007.5,2008.25
"01583",2008.25,2008.5,2008.5
"01585",2008.25,2008.5,2008.75
"01588",2005.25,2005.25,2005.25
"01590",2007.75,2008.25,2008.25
"01602",2007.75,2007.75,2007.75
"01603",2007.75,2007.75,2007.75
"01604",2007.75,2007.75,2007.75
"01605",2007.75,2007.75,2007.75
"01606",2008.25,2008.25,2008.5
"01607",2007.75,2007.75,2007.75
"01608",2007.75,2007.75,2007.75
"01609",2007.75,2007.75,2007.75
"01610",2007.75,2007.75,2007.75
"01611",2007.75,2007.75,2007.75
"01612",2007,2007,2007
"01701",2006.5,2006.75,2006.75
"01702",2006.5,2006.75,2006.75
"01718",2007,2007,2007
"01719",2005,2005,2005
"01720",2006.75,2007,2007
"01721",2006.5,2006.75,2006.75
"01730",2007,2007,2007
"01731",2007,2007,2007
"01740",2005,2005,2005
"01741",2007,2007,2007
"01742",2007,2007,2007
"01745",2006.5,2006.75,2006.75
"01746",2008.5,2008.5,2008.5
"01747",2008.25,2008.5,2008.5
"01748",2008.25,2008.25,2008.25
"01749",2007.5,2007.5,2007.5
"01752",2007.5,2007.5,2007.5
"01754",2007,2007,2007
"01756",2005.5,2005.5,2005.5
"01757",2008.5,2008.5,2008.5
"01760",2006.25,2006.5,2006.75
"01770",2006.75,2006.75,2006.75
"01772",2007.5,2007.5,2007.5
"01773",2007,2007,2007
"01775",2005,2005,2005
"01776",2006.75,2006.75,2006.75
"01778",2006.75,2006.75,2006.75
"01801",2007.5,2007.5,2007.5
"01803",2007.5,2007.5,2007.5
"01810",2005.75,2005.75,2005.75
"01821",2007,2007,2007
"01824",2007,2007,2007
"01826",2005,2005,2005
"01827",2005.75,2005.75,2007
"01830",2005.5,2005.5,2005.5
"01832",2005.5,2005.5,2005.5
"01833",2005.75,2006,2006
"01834",2005.5,2005.5,2005.75
"01835",2005.75,2005.75,2005.75
"01840",2005.75,2005.75,2005.75
"01841",2005.75,2005.75,2005.75
"01843",2005.75,2005.75,2005.75
"01844",2005,2005,2005.75
"01845",2005.75,2005.75,2005.75
"01850",2005,2005,2005
"01851",2007,2007,2007
"01852",2007,2007,2007
"01854",2007,2007,2007
"01860",2005.5,2005.5,2005.5
"01862",2007,2007,2007
"01863",2007,2007,2007
"01864",2007.5,2007.5,2007.5
"01867",2007.5,2007.5,2007.5
"01876",2007,2007,2007.5
"01879",2005.75,2005.75,2006
"01880",2007.5,2007.5,2007.5
"01886",2007,2007,2008.75
"01887",2007.5,2007.5,2007.5
"01890",2006.5,2006.5,2006.5
"01901",2006.25,2006.25,2006.25
"01902",2006.25,2006.25,2006.25
"01904",2006.25,2006.25,2006.25
"01905",2006.25,2006.25,2006.25
"01906",2006.25,2006.25,2006.25
"01907",2006.25,2006.25,2006.25
"01908",2005.75,2005.75,2005.75
"01913",2005.5,2005.5,2007.75
"01915",2006,2006.25,2006.25
"01921",2005.75,2005.75,2006
"01922",2008.5,2008.5,2008.5
"01923",2006.25,2006.25,2006.25
"01929",2005,2005,2005
"01930",2005,2005,2005
"01937",2006.25,2006.25,2006.25
"01938",2006,2006,2006
"01940",2006.25,2007.5,2007.5
"01944",2005,2005,2005
"01945",2006.25,2006.25,2007.75
"01949",2006,2006,2006.25
"01950",2008.5,2008.5,2008.5
"01951",2008.5,2008.5,2008.5
"01952",2008.5,2008.5,2008.5
"01960",2006.25,2006.25,2006.25
"01966",2005,2005,2006.25
"01969",2006,2006,2008.5
"01970",2006.25,2006.25,2006.25
"01982",2006,2006,2006
"01983",2006,2006,2006
"01984",2006,2006,2006
"01985",2005.5,2005.5,2007.75
"02019",2005.5,2005.5,2005.5
"02021",2005.25,2005.25,2005.75
"02025",2005.75,2005.75,2005.75
"02026",2005,2005.25,2005.25
"02030",2005,2005.25,2005.25
"02032",2005.25,2005.75,2008.5
"02035",2005.75,2006,2007
"02038",2005.5,2006,2008.25
"02043",2005.75,2005.75,2005.75
"02045",2005.75,2005.75,2006
"02047",2006.25,2008,2010.75
"02048",2005.25,2005.75,2006
"02050",2006,2006,2006.25
"02052",2005.25,2005.75,2008.5
"02053",2008.5,2008.5,2008.5
"02054",2008,2008.5,2008.5
"02056",2005.5,2006,2008.5
"02061",2005.75,2005.75,2005.75
"02062",2005.25,2005.25,2005.75
"02066",2005.75,2005.75,2006
"02067",2005.25,2005.25,2005.5
"02071",2005.25,2005.75,2008.5
"02072",2005.25,2005.25,2005.25
"02081",2005.25,2005.75,2008.5
"02090",2005,2005.25,2005.25
"02093",2005.75,2006,2006.75
"02108",2005.75,2005.75,2005.75
"02109",2005.75,2005.75,2005.75
"02110",2005.75,2005.75,2005.75
"02111",2005.75,2005.75,2005.75
"02113",2005.75,2005.75,2005.75
"02114",2005.75,2005.75,2005.75
"02115",2005.75,2005.75,2005.75
"02116",2005.75,2005.75,2005.75
"02118",2005.75,2005.75,2005.75
"02119",2005.75,2005.75,2005.75
"02120",2005.75,2005.75,2005.75
"02121",2005.75,2005.75,2005.75
"02122",2005.75,2005.75,2005.75
"02124",2005.75,2005.75,2005.75
"02125",2005.75,2005.75,2005.75
"02126",2005.75,2005.75,2005.75
"02127",2005.75,2005.75,2005.75
"02128",2005.75,2005.75,2005.75
"02129",2005.75,2005.75,2005.75
"02130",2005.75,2005.75,2005.75
"02131",2005.25,2005.25,2005.75
"02132",2005,2005.25,2005.25
"02134",2006.5,2006.5,2006.5
"02135",2006.5,2006.5,2006.5
"02136",2005.75,2005.75,2005.75
"02138",2006.5,2006.5,2006.5
"02139",2006.25,2006.25,2006.5
"02140",2006.5,2006.5,2006.5
"02141",2005.75,2005.75,2005.75
"02142",2005.75,2005.75,2005.75
"02143",2006,2006.25,2006.5
"02144",2006.5,2006.5,2006.5
"02145",2005.75,2005.75,2006.25
"02148",2005.75,2005.75,2005.75
"02149",2005.75,2005.75,2005.75
"02150",2005.75,2005.75,2005.75
"02151",2005.75,2005.75,2005.75
"02152",2005.75,2005.75,2005.75
"02155",2006.5,2006.5,2006.5
"02163",2006.5,2006.5,2006.5
"02169",2005.75,2005.75,2005.75
"02170",2005.75,2005.75,2005.75
"02171",2005.75,2005.75,2005.75
"02176",2005.75,2006.25,2006.25
"02180",2007.5,2007.5,2007.5
"02184",2005.75,2005.75,2005.75
"02186",2005.75,2005.75,2005.75
"02188",2005.75,2005.75,2005.75
"02189",2005.75,2005.75,2005.75
"02190",2005.75,2005.75,2005.75
"02191",2005.75,2005.75,2005.75
"02199",2005.75,2005.75,2005.75
"02203",2005.75,2005.75,2005.75
"02210",2005.75,2005.75,2005.75
"02215",2005.75,2005.75,2006
"02301",2005.25,2005.25,2005.25
"02302",2005.25,2005.5,2005.5
"02322",2005.25,2005.25,2005.25
"02324",2006.75,2008.5,2008.5
"02330",2005.25,2005.25,2005.25
"02332",2006,2006,2006
"02333",2005.5,2005.5,2005.5
"02338",2005.5,2006,2006.25
"02339",2005.5,2005.5,2005.75
"02341",2005.5,2005.5,2005.5
"02343",2005.25,2005.25,2005.25
"02346",2005.25,2007.75,2008.5
"02347",2007.75,2007.75,2007.75
"02351",2005.5,2005.5,2005.5
"02356",2005.25,2005.25,2005.25
"02357",2005.25,2005.25,2005.25
"02359",2006,2006,2006
"02360",2005.25,2008.5,2009
"02364",2006,2006,2006
"02366",2008.75,2010.5,2010.5
"02367",2005.25,2005.25,2005.25
"02368",2005.75,2005.75,2005.75
"02370",2005.5,2005.5,2005.75
"02375",2005.25,2005.25,2005.25
"02379",2005.25,2005.25,2005.5
"02382",2005.5,2005.5,2005.5
"02420",2006.5,2006.5,2006.5
"02421",2006.5,2006.5,2006.5
"02445",2005.25,2005.25,2006.25
"02446",2006.5,2006.5,2006.5
"02451",2006.5,2006.5,2006.5
"02452",2006.5,2006.5,2006.5
"02453",2006.5,2006.5,2006.5
"02457",2005,2005.25,2005.25
"02458",2006.5,2006.5,2006.5
"02459",2005,2005.25,2005.25
"02460",2006.5,2006.5,2006.5
"02461",2005,2005.25,2005.25
"02462",2005,2005.25,2005.25
"02464",2005,2005.25,2005.25
"02465",2005.75,2006.25,2006.5
"02466",2005.25,2005.25,2005.25
"02467",2005,2005.25,2005.25
"02468",2005,2005.25,2005.25
"02472",2006.5,2006.5,2006.5
"02474",2006.5,2006.5,2006.5
"02476",2006.5,2006.5,2006.5
"02478",2006.5,2006.5,2006.5
"02481",2005,2005.25,2005.25
"02482",2005.25,2005.25,2005.25
"02492",2005,2005.25,2005.25
"02493",2006.25,2006.5,2006.75
"02494",2005,2005.25,2005.25
"02532",2008.5,2009,2009
"02534",2009,2009,2009
"02535",2010.75,2012,2012
"02536",2009,2009,2010.5
"02537",2007.25,2007.25,2007.25
"02538",2008.5,2009,2009
"02539",2006.75,2006.75,2006.75
"02540",2010.5,2010.5,2010.5
"02542",2007.25,2007.25,2009
"02543",2010.5,2010.75,2012
"02553",2008.5,2009,2009
"02554",2010.25,2010.25,2010.25
"02556",2010.5,2010.5,2010.5
"02557",2006.75,2006.75,2006.75
"02558",2008.5,2009,2009
"02559",2008.5,2009,2009
"02561",2008.5,2009,2009
"02562",2007.25,2008.75,2009
"02563",2007.25,2007.25,2007.25
"02564",2010.25,2010.25,2010.25
"02568",2006.75,2006.75,2009
"02571",2008,2009,2009
"02575",2010.5,2010.75,2010.75
"02576",2007.75,2008.5,2008.75
"02584",2006.75,2006.75,2006.75
"02601",2006.25,2006.25,2006.25
"02630",2006.25,2006.25,2006.25
"02631",2006.25,2006.25,2006.25
"02632",2006.25,2006.25,2006.25
"02633",2006.25,2007.25,2012.5
"02635",2007.25,2009,2009
"02637",2006.25,2006.25,2006.25
"02638",2006.25,2007.25,2010.5
"02639",2007.25,2007.25,2007.25
"02641",2007.25,2010.5,2010.5
"02642",2004.5,2006.25,2006.25
"02643",2013,9999,9999
"02644",2007.25,2007.25,2007.25
"02645",2006.25,2007.25,2007.25
"02646",2007.25,2007.25,2007.25
"02647",2006.25,2006.25,2006.25
"02648",2007.25,2007.25,2007.25
"02649",2009,2009,2009
"02650",2006.25,2012.5,9999
"02651",2004.5,2004.5,2013
"02652",2004.5,2004.5,2004.5
"02653",2006.25,2006.25,2006.25
"02655",2007.25,2007.25,2007.25
"02657",2004.5,2004.5,2006
"02659",2007.25,2007.25,2007.25
"02660",2006.25,2007.25,2007.25
"02663",2004.5,2004.5,2013
"02664",2006.25,2006.25,2006.25
"02666",2004.5,2004.5,9999
"02667",2004.5,2004.5,2013
"02668",2007.25,2007.25,2007.25
"02669",2007.25,2007.25,2007.25
"02670",2006.25,2006.25,2006.25
"02671",2007.25,2007.25,2007.25
"02672",2006.25,2006.25,2006.25
"02673",2006.25,2006.25,2006.25
"02675",2006.25,2006.25,2006.25
"02702",2007.75,2007.75,2007.75
"02703",2005.75,2006.25,2008.25
"02713",2009.25,2010.75,2012
"02715",2005,2005.5,2007.5
"02717",2007.75,2007.75,2007.75
"02718",2007.75,2007.75,2007.75
"02719",2005,2005,2005
"02720",2005.75,2006,2007.75
"02721",2005.75,2005.75,2008
"02723",2005.75,2006,2008
"02724",2005.75,2006.5,2008
"02725",2005.75,2006.5,2008
"02726",2005.75,2005.75,2008
"02738",2005,2008,2008.75
"02739",2005,2005,2005
"02740",2005,2005.25,2005.25
"02743",2005,2005.75,2007.5
"02744",2005,2005,2005
"02745",2005.25,2005.25,2005.25
"02746",2005.25,2005.25,2005.25
"02747",2005.25,2005.25,2005.25
"02748",2006.5,2006.5,2006.5
"02760",2006,2006.25,2008
"02762",2006,2006.25,2007.75
"02763",2006,2006.25,2007.75
"02764",2005,2005.5,2007.5
"02766",2005.25,2005.25,2005.25
"02767",2005.25,2005.25,2005.5
"02769",2005,2005.75,2010
"02770",2007.75,2008,2008.75
"02771",2005.75,2008.25,2010.25
"02777",2005.75,2006,2008
"02779",2006.5,2007.75,2007.75
"02780",2005.25,2005.25,2005.25
"02790",2005.25,2006.5,2006.5
"02791",2006.5,2006.5,2006.5
"02802",2005.5,2006,2006.5
"02804",2006.75,2007.75,2007.75
"02806",2005.75,2006.5,2006.75
"02807",9999,9999,9999
"02808",2007.75,2007.75,2007.75
"02809",2005.75,2006.5,2008
"02812",2010,2010,2010
"02813",2007.75,2007.75,2007.75
"02814",2006,2006,2006.5
"02815",2006.5,2006.5,2006.5
"02816",2006.5,2006.75,2006.75
"02817",2006.75,2006.75,2008.5
"02818",2008.5,2010,2010
"02822",2006.75,2007.5,2009.75
"02825",2008.25,2008.25,2008.25
"02826",2006,2006,2006
"02827",2008.25,2008.25,2008.5
"02828",2006,2006.5,2006.5
"02830",2005.25,2006,2006
"02831",2006.5,2006.5,2006.5
"02832",2010,2010,2010
"02833",2005,2005,2005.5
"02835",2010,2010,2010
"02836",2010,2010,2010
"02837",2006.5,2006.5,2006.5
"02838",2005.5,2005.5,2005.5
"02839",2006,2006,2006.5
"02840",2007.25,2007.25,2010
"02841",2007.25,2007.25,2007.25
"02842",2007.25,2007.25,2007.25
"02852",2010,2010,2010
"02857",2006.5,2006.5,2006.5
"02858",2006,2006,2008.5
"02859",2006,2006,2006
"02860",2005.75,2010.25,2010.25
"02861",2005.75,2010.25,2010.25
"02863",2005.75,2010.25,2010.25
"02864",2005.5,2005.5,2006
"02865",2006,2006.5,2006.5
"02871",2007.25,2007.25,2007.25
"02872",2007.25,2007.25,2007.25
"02873",2005,2005,2005
"02874",2010,2010,2011.5
"02875",2010,2010,2010
"02876",2005.5,2005.5,2005.5
"02878",2006.5,2007.25,2007.25
"02879",2010,2011.5,2011.5
"02881",2010.75,2011.5,2011.5
"02882",2011.5,2011.5,2011.5
"02885",2005.75,2006.5,2008
"02886",2006.5,2006.5,2006.75
"02888",2006,2006.5,2006.75
"02889",2006,2006.5,2006.75
"02891",2006.75,2007.75,2007.75
"02892",2010,2010,2010
"02893",2006.5,2006.5,2006.5
"02894",2010,2010,2010
"02895",2005.5,2005.5,2005.5
"02896",2005.5,2005.5,2006
"02898",2010,2010,2010
"02903",2005.75,2010.25,2010.25
"02904",2005.75,2006.5,2010.25
"02905",2005.75,2006.75,2006.75
"02906",2005.75,2010.25,2010.25
"02907",2005.75,2006.75,2006.75
"02908",2005.75,2010.25,2010.25
"02909",2005.75,2006.5,2010.25
"02910",2006,2006.5,2006.75
"02911",2006,2006.5,2006.5
"02912",2005.75,2010.25,2010.25
"02914",2005.75,2010.25,2010.25
"02915",2005.75,2006.75,2006.75
"02916",2005.75,2010.25,2010.25
"02917",2006,2006.5,2006.5
"02919",2006.5,2006.5,2006.5
"02920",2006.5,2006.5,2006.75
"02921",2006.5,2006.5,2006.5
"03031",2009.5,2009.5,2009.5
"03032",2006,2006,2006.25
"03033",2006.5,2007.25,2007.25
"03034",2005.75,2006,2006
"03036",2006,2006,2006
"03037",2005.75,2005.75,2007.75
"03038",2007,2007.75,2008.5
"03042",2008.75,2008.75,2008.75
"03043",2008.5,2009,2010
"03044",2006,2006,2006
"03045",2006,2006,2006
"03046",2006,2006,2006
"03047",2008.5,2008.75,2009
"03048",2005,2005.75,2007.25
"03049",2005.75,2005.75,2007.25
"03051",2005.75,2005.75,2005.75
"03052",2006.75,2006.75,2006.75
"03053",2002.5,2006.75,2006.75
"03054",2006.75,2006.75,2006.75
"03055",2007.25,2007.25,2007.25
"03057",2009.5,2009.5,2009.5
"03060",2005.75,2005.75,2005.75
"03062",2005.75,2005.75,2005.75
"03063",2005.75,2005.75,2005.75
"03064",2005.75,2005.75,2005.75
"03070",2008.75,2009.5,2009.5
"03071",2005,2005.25,2006.5
"03076",2005,2005,2005
"03077",2006,2006,2006
"03079",2005.5,2006,2007
"03082",2008.5,2009,2009.5
"03084",2000,2005,2005.25
"03086",2000,2005,2005.5
"03087",2006,2007,2008
"03101",2006,2006,2006
"03102",2006,2006,2006
"03103",2006.75,2006.75,2006.75
"03104",2006,2006,2006
"03106",2006,2006,2006
"03109",2006,2006.75,2006.75
"03110",2009.25,2009.5,2009.5
"03215",2006,2007,2007
"03216",2008,2008,2008
"03217",2006,2008,2008.5
"03218",2007.75,2008.75,2010.5
"03220",2006.25,2006.25,2006.25
"03221",2008.5,2008.75,2009.5
"03222",2008.5,2008.5,2008.5
"03223",2005.75,2005.75,2006
"03224",2008.5,2008.5,2008.5
"03225",2006,2006,2007.75
"03226",2006.25,2008,2008.5
"03227",2006,2006,2007
"03229",2006,2008,2008.5
"03230",2008,2008.5,2008.5
"03231",2008,2008.5,2008.5
"03233",2007.75,2008,2008
"03234",2005.75,2005.75,2005.75
"03235",2008,2008,2008.5
"03237",2006.25,2006.25,2006.25
"03238",2005.75,2014.75,2014.75
"03240",2005.25,2005.25,2005.25
"03241",2008.5,2008.5,2008.5
"03242",2008.5,2008.75,2009.5
"03243",2008,2008.5,2008.5
"03244",2009.5,2009.5,2009.75
"03245",2006,2006.25,2008.5
"03246",2007.25,2007.25,2007.25
"03249",2007.25,2007.25,2007.25
"03251",2006.5,2006.5,2010.75
"03253",2007.25,2007.25,2008.5
"03254",2006,2006,2006
"03255",2009.5,2009.5,2010
"03256",2008,2008.5,2008.5
"03257",2009.25,2009.5,2009.5
"03258",2005.75,2007.75,2008.5
"03259",2006,2006,2007
"03260",2008,2008,2008.5
"03261",2007.75,2008.75,2010.5
"03262",2006,2006.5,2006.5
"03263",2007.75,2008.75,2010.75
"03264",2008,2008.5,2008.5
"03266",2005.75,2008.5,2008.5
"03268",2008,2008.5,2008.5
"03269",2008,2008,2008
"03273",2008,2008.5,2008.75
"03275",2005.75,2005.75,2005.75
"03276",2008,2008,2008
"03278",2008,2008,2008.5
"03279",2006.5,2014.75,2014.75
"03280",2007,2008.75,2009.25
"03281",2000,2008,2008.5
"03282",2012.25,2012.25,2012.25
"03284",2005.5,2008.75,2009.25
"03285",2006,2006,2006
"03287",2007.75,2008,2008.5
"03290",2010.75,2010.75,2010.75
"03291",2010.75,2010.75,2010.75
"03293",2006,2006,2006
"03301",2005.25,2005.25,2005.25
"03303",2008,2008.5,2008.75
"03304",2005.25,2005.25,2006
"03307",2008.5,2008.5,2008.5
"03431",2006.5,2006.75,2006.75
"03440",2008.75,2009.5,2009.5
"03441",2006.75,2006.75,2006.75
"03442",2008.5,2008.75,2008.75
"03443",2006.75,2006.75,2006.75
"03444",2005.5,2005.5,2005.5
"03445",2006.5,2006.5,2006.5
"03446",2006.5,2006.75,2006.75
"03447",2005.25,2005.5,2006.75
"03448",2006.5,2006.5,2006.75
"03449",2008.5,2008.5,2008.75
"03450",2006.5,2007,2008.5
"03451",2006.75,2006.75,2006.75
"03452",2005.5,2005.5,2005.5
"03455",2005.5,2005.5,2007
"03456",2006.75,2007,2007.75
"03457",2006.5,2006.5,2006.75
"03458",2005.5,2005.5,2007
"03461",2005.25,2005.25,2005.5
"03462",2006.75,2006.75,2006.75
"03464",2006.5,2007,2007.75
"03465",2005.5,2005.5,2007
"03466",2006.5,2006.75,2006.75
"03467",2006.75,2006.75,2006.75
"03470",2006.75,2006.75,2006.75
"03561",2006.5,2006.5,2006.5
"03570",2007,2008.25,2008.25
"03574",2006.5,2010.75,2010.75
"03575",2009,2009,2009
"03576",2011.5,2016.5,9999
"03579",9999,9999,9999
"03580",2006.5,2006.5,2010.75
"03581",2008.25,2008.25,2008.25
"03582",2010.75,2014.75,2016
"03583",2006.5,2006.5,2009
"03584",2006.5,2006.5,2006.5
"03585",2006.5,2006.5,2006.5
"03586",2006.5,2006.5,2006.5
"03588",2010.75,2011.5,2015
"03590",2011.5,2016,9999
"03592",9999,9999,9999
"03593",2009,2009,2009
"03595",2006.5,2008.25,2009
"03597",2015,2016.5,9999
"03598",2006.5,2006.5,2009
"03601",2006.75,2006.75,2007.75
"03602",2006.75,2006.75,2006.75
"03603",2005.5,2005.75,2006.75
"03604",2006.75,2006.75,2007.75
"03605",2007.75,2008.75,2009.25
"03607",2006.75,2006.75,2007.75
"03608",2006.5,2006.75,2006.75
"03609",2005.5,2005.5,2005.75
"03740",2006.5,2006.5,2006.5
"03741",2005.5,2005.75,2006
"03743",2005.5,2005.5,2006
"03745",2005.5,2005.5,2005.75
"03746",2005.75,2005.75,2005.75
"03748",2005.25,2005.25,2005.5
"03750",2005.75,2005.75,2006
"03751",2009.25,2009.5,2009.5
"03752",2009.5,2010,2010
"03753",2005.5,2005.5,2005.75
"03754",2009.25,2009.5,2009.5
"03755",2005.75,2005.75,2006
"03765",2005.25,2005.25,2005.25
"03766",2005.25,2005.5,2005.5
"03768",2005.75,2006,2006
"03770",2005.5,2005.5,2005.75
"03771",2005,2006.5,2006.5
"03773",2005.75,2005.75,2007.75
"03774",2005.25,2006.5,2006.5
"03777",2006,2006,2009.5
"03779",2005.25,2005.25,2005.25
"03780",2005.25,2005.25,2005.25
"03781",2005.5,2005.5,2005.5
"03782",2009.5,2009.5,2009.5
"03784",2005.5,2005.5,2005.5
"03785",2006.5,2006.5,2014.75
"03801",2009.5,2009.5,2009.5
"03809",2006,2006,2006
"03810",2007.25,2007.75,2007.75
"03811",2006,2007,2008.25
"03812",2007.5,2007.5,2010.75
"03813",2007,2007.5,2008.5
"03814",2006.5,2007.25,2007.75
"03816",2007.25,2007.25,2007.25
"03817",2006,2006,2006.5
"03818",2007,2007,2007.5
"03819",2006,2006,2006
"03820",2006.5,2006.5,2006.5
"03823",2006.5,2006.5,2006.5
"03824",2008.75,2008.75,2008.75
"03825",2006.5,2006.5,2007.75
"03826",2006,2007,2008
"03827",2008.25,2008.5,2010
"03830",2006.75,2008.5,2010.5
"03832",2007,2007,2007
"03833",2008.5,2009.5,2010.5
"03835",2009.5,2010,2010.5
"03836",2006,2006,2006.5
"03837",2006,2006,2006
"03838",2009,2009,2011.5
"03839",2006.5,2006.5,2006.5
"03840",2009.5,2009.5,2009.5
"03841",2007,2008.25,2008.5
"03842",2005.25,2005.25,2005.25
"03844",2005.25,2005.25,2005.25
"03845",2009,2009,2011.5
"03846",2009,2009,2011.5
"03847",2009,2009,2009
"03848",2007.75,2008.5,2009.5
"03849",2006.5,2007,2007
"03850",2006,2006,2006
"03851",2010,2010.5,2010.5
"03852",2010.5,2010.5,2012
"03853",2007.25,2007.25,2007.75
"03854",2009.5,2009.5,2009.5
"03855",2007.75,2007.75,2008.5
"03856",2008.75,2008.75,2008.75
"03857",2008.75,2008.75,2008.75
"03858",2005.5,2005.5,2005.5
"03860",2007,2007,2007.5
"03861",2008.75,2008.75,2008.75
"03862",2005.25,2005.25,2005.25
"03864",2007.25,2007.75,2008.75
"03865",2005.5,2005.5,2005.5
"03867",2006.5,2006.5,2006.5
"03868",2005.75,2005.75,2006.5
"03869",2006.5,2006.5,2006.5
"03870",2009.5,2009.5,2009.5
"03871",2005.25,2005.25,2005.25
"03872",2008.75,2010.5,2012
"03873",2006,2006,2006
"03874",2005.25,2005.25,2005.25
"03875",2006,2006.5,2007
"03878",2006.5,2006.5,2006.5
"03882",2006.25,2007,2007.75
"03883",2006,2006,2006
"03884",2006,2006.75,2008
"03885",2008.75,2008.75,2008.75
"03886",2006,2006,2006.5
"03887",2010,2010.5,2010.5
"03890",2006,2006.5,2007
"03894",2007.75,2007.75,2007.75
"03901",2005.75,2005.75,2005.75
"03902",2009.75,2010.5,2010.5
"03903",2009.5,2010.5,2010.5
"03904",2009.5,2009.5,2009.5
"03905",2009.5,2009.5,2009.5
"03906",2005.5,2005.5,2005.75
"03907",2005.5,2008.25,2008.25
"03908",2008.75,2010.5,2010.5
"03909",2010.5,2010.5,2010.5
"03910",2009.5,2009.5,2010
"03911",2009.5,2009.5,2010
"04001",2009.5,2009.5,2009.5
"04002",2006.75,2009.5,2010
"04003",2009.75,2009.75,2009.75
"04005",2005.75,2006.25,2006.75
"04006",2002,2006,2015
"04008",2005.25,2005.25,2005.5
"04009",2006,2006,2006.5
"04010",2007,2008.5,2008.5
"04011",2005.25,2005.25,2006
"04015",2006,2006,2006
"04017",2005.5,2006.25,2006.25
"04019",2000,2006.25,2006.25
"04020",2006,2006,2006.25
"04021",2004.25,2005.25,2005.5
"04022",2006.25,2007,2008.5
"04024",2006.25,2006.5,2008.25
"04027",2005.75,2005.75,2005.75
"04029",2006.5,2006.5,2008.5
"04030",2005.25,2006,2006.75
"04032",2005.25,2005.5,2005.5
"04037",2007,2007,2008.5
"04038",2005.25,2005.25,2005.25
"04039",2004.25,2005.5,2006.25
"04040",2006,2006,2006.25
"04041",2006,2006,2006.5
"04042",2005,2005.25,2005.25
"04043",2006.75,2008.25,2008.25
"04046",2006.25,2008.25,2008.5
"04047",2006,2006,2006
"04048",2008.5,2008.5,2008.5
"04049",2006,2006.25,2008.5
"04050",2000,2006.25,2006.25
"04051",2006,2006.5,2008.5
"04055",2006.5,2006.5,2008.5
"04056",2007.75,2008.5,2008.5
"04057",2006.5,2008.5,2009
"04061",2008.5,2008.5,2008.5
"04062",2005.25,2005.25,2005.75
"04063",2006,2006,2006
"04064",2006,2006,2006
"04066",2009.75,2009.75,2009.75
"04068",2006,2006,2006
"04069",2005.5,2005.5,2006.5
"04071",2006,2006,2006
"04072",2005.75,2006,2006
"04073",2005.5,2005.75,2006.75
"04074",2005.25,2006,2006
"04076",2008.5,2009.5,2009.5
"04079",2009.75,2009.75,2009.75
"04083",2009.5,2009.5,2009.5
"04084",2005.25,2005.5,2006
"04085",2005.25,2005.5,2006
"04086",2005.25,2005.25,2005.75
"04087",2008.5,2008.5,2008.5
"04088",2006,2006.25,2006.25
"04090",2005.5,2005.5,2005.5
"04091",2006,2006.25,2007.5
"04092",2005.25,2005.25,2005.25
"04093",2005,2005.25,2005.25
"04095",2006.5,2008.5,2008.5
"04096",2005.25,2005.5,2005.5
"04097",2004.25,2005.25,2005.5
"04101",2000,2006.25,2006.25
"04102",2005.25,2005.25,2005.25
"04103",2005.25,2005.25,2005.25
"04105",2005.25,2005.25,2005.25
"04106",2005.25,2005.25,2006
"04107",2000,2005.25,2005.25
"04108",2000,2006.25,2006.25
"04109",2000,2006.25,2006.25
"04110",2005.5,2005.5,2006
"04210",2005.25,2005.25,2005.25
"04216",2007.25,2013.5,2016.5
"04217",2006.25,2006.5,2006.5
"04219",2006.25,2006.25,2006.25
"04220",2006.25,2006.5,2006.5
"04221",2007.75,2007.75,2007.75
"04222",2006.5,2006.75,2006.75
"04224",2007,2007,2007.75
"04226",2007,2007.25,2007.25
"04227",2010.75,2010.75,2010.75
"04228",2010.75,2010.75,2012
"04231",2006.5,2006.5,2006.5
"04234",2006.25,2007.75,2007.75
"04236",2005.5,2005.5,2005.5
"04237",2006.25,2006.25,2006.25
"04238",2005.5,2005.5,2005.5
"04239",2010.75,2010.75,2010.75
"04240",2005.25,2005.25,2005.25
"04250",2005.75,2006.75,2006.75
"04252",2005.75,2006,2006.75
"04253",2007.75,2007.75,2007.75
"04254",2010.75,2010.75,2010.75
"04255",2006.25,2006.25,2006.25
"04256",2005.5,2005.5,2005.5
"04257",2007,2007,2007.25
"04258",2005.5,2005.5,2005.5
"04259",2006.75,2008.25,2008.75
"04260",2005.5,2006.25,2006.5
"04261",2006.75,2007,2013
"04263",2005.5,2005.5,2005.5
"04265",2005.5,2006.5,2008.5
"04267",2005.75,2006.25,2009
"04268",2006.25,2006.25,2006.25
"04270",2005.5,2006,2006
"04271",2006.25,2006.25,2006.25
"04274",2006,2006,2006
"04275",2007.25,2007.75,2007.75
"04276",2006.25,2006.75,2006.75
"04280",2005.75,2006,2006.75
"04281",2005.75,2006.25,2006.25
"04282",2005.5,2005.5,2005.5
"04284",2010.75,2010.75,2010.75
"04285",2006.75,2007,2011.75
"04286",2006.5,2006.5,2006.5
"04287",2005.5,2005.75,2006
"04289",2006.25,2006.25,2006.25
"04290",2006.5,2006.75,2006.75
"04292",2006.25,2006.25,2006.5
"04294",2007.75,2010.75,2010.75
"04330",2005.25,2005.25,2005.25
"04342",2005.5,2005.5,2006.75
"04343",2007,2008.75,2010.75
"04344",2005.25,2005.5,2005.5
"04345",2005.5,2005.5,2005.5
"04346",2005.5,2005.5,2005.5
"04347",2005.25,2005.25,2005.25
"04348",2007.25,2008.5,2010.25
"04349",2008.75,2010.75,2010.75
"04350",2005.75,2006.5,2008.5
"04351",2007,2008.75,2010.25
"04352",2007,2007,2007
"04353",2008.5,2010.25,2010.75
"04354",2006,2006,2006
"04355",2007,2010.25,2010.75
"04357",2005.5,2005.5,2005.5
"04358",2006,2006,2006
"04359",2005.5,2005.5,2005.5
"04360",2006.5,2007,2007.75
"04363",2007,2008.25,2008.75
"04364",2007,2008.75,2010.25
"04401",2006,2006,2006
"04406",2010.75,2010.75,2010.75
"04408",2008.75,2009,2011.75
"04410",2006,2008,2008
"04411",2007.5,2008,2008.5
"04412",2006,2006.75,2006.75
"04413",2017.75,2017.75,9999
"04414",2014.75,9999,9999
"04415",2008,2008.75,2008.75
"04416",2005.5,2005.75,2005.75
"04417",2008,2008,2011.75
"04418",2008,2008,2008
"04419",2006,2006,2006
"04421",2006.25,2006.25,2006.25
"04422",2008.25,2008.25,2008.25
"04424",2017.75,2017.75,2017.75
"04426",2008.75,2009,2010.75
"04427",2006,2008,2008.25
"04428",2006.75,2006.75,2007.5
"04429",2006.75,2007.5,2008.5
"04430",2006.5,2007.75,2007.75
"04431",2005.5,2005.5,2005.5
"04434",2006,2006,2006
"04435",2006,2006,2006
"04438",2005.5,2006,2007.75
"04441",9999,9999,9999
"04442",2010,2015,2015
"04443",2010.75,2010.75,2010.75
"04444",2006,2006,2006
"04448",2008,2008,2008
"04449",2006,2006,2006
"04450",2006,2006,2006
"04451",2008,2011.75,2011.75
"04453",2008,2008,2008
"04454",9999,9999,9999
"04455",2008,2008,2008
"04456",2006,2006,2006
"04457",2006.75,2006.75,2006.75
"04459",2006.5,2007.75,2011.75
"04460",2006.5,2007.75,2007.75
"04461",2008.5,2008.5,2008.5
"04462",9999,9999,9999
"04463",2008.25,2008.75,2008.75
"04464",2010.75,2015,2015
"04468",2008,2008,2008.5
"04469",2006.75,2006.75,2006.75
"04471",2007.75,2007.75,2007.75
"04472",2005.5,2005.5,2005.5
"04473",2006.75,2006.75,2006.75
"04474",2005.75,2005.75,2005.75
"04475",2008,2008,2008
"04476",2005.5,2006,2006.75
"04478",9999,9999,9999
"04479",2006,2009,2010.75
"04481",2009,2009,2010.75
"04485",2010.75,2015,2015
"04487",2008,2008,2011.75
"04488",2006,2006,2006
"04489",2008,2008.5,2008.5
"04490",2013.75,2017.75,9999
"04491",9999,9999,9999
"04492",2015.5,2015.5,2015.5
"04493",2006.75,2008,2008
"04495",2007.75,2008,2009.75
"04496",2005.75,2006,2006.75
"04497",2007.75,2007.75,2011.75
"04530",2005.25,2005.25,2005.25
"04535",2008.5,2008.5,2010.25
"04537",2006.25,2006.25,2006.25
"04538",2006.25,2006.25,2006.25
"04539",2006,2006,2006
"04541",2006,2006,2006
"04543",2006,2006,2006
"04544",2006,2006,2006
"04547",2006,2006.5,2006.5
"04548",2006.25,2006.25,2009.75
"04551",2006,2006,2006
"04553",2008.5,2008.5,2008.5
"04554",2006,2006,2006
"04555",2008.75,2008.75,2009.25
"04556",2008.5,2008.5,2008.5
"04558",2006,2006,2006
"04562",2009.75,2009.75,2009.75
"04563",2006.5,2006.5,2006.5
"04564",2006,2006,2006
"04568",2006,2006,2006
"04570",2006.25,2006.25,2006.25
"04571",2006.25,2006.25,2006.25
"04572",2007.25,2008.5,2008.75
"04573",2006,2006,2006
"04574",2007.25,2007.25,2007.25
"04575",2006.25,2006.25,2006.25
"04576",2006.25,2006.25,2006.25
"04578",2008.5,2008.5,2008.5
"04579",2006,2006.25,2006.25
"04605",2008.5,2010,2010.5
"04606",2009.75,2009.75,2009.75
"04607",2006,2010,2010.25
"04609",2006,2006,2006
"04611",2007,2007,2007
"04612",2009.5,2009.5,2009.5
"04613",2005.25,2005.25,2010
"04614",2006.75,2006.75,2006.75
"04616",2009.5,2009.5,2010
"04617",2006.75,2006.75,2006.75
"04619",2010.5,2014.5,2015.25
"04622",2010.75,2012.5,2012.5
"04623",2009.75,2010.5,2010.75
"04624",2005.25,2010,2010
"04625",2006,2006,2009.5
"04626",2010.75,2014.25,2014.25
"04627",2010.25,2011,2011
"04628",2010.75,2010.75,2014.25
"04629",2010.25,2010.5,2010.75
"04630",2010.5,2010.75,2010.75
"04631",2015.25,2015.25,2015.25
"04634",2006,2006,2010
"04635",2011,2011,2011
"04637",2010.5,2010.5,2015.5
"04640",2006,2006,2006.75
"04642",2011,2011,2011
"04643",2009.75,2009.75,2009.75
"04644",2006,2006,2006
"04645",9999,9999,9999
"04646",2006,2006,2010
"04648",2005.25,2009.75,2010.75
"04649",2007,2009.75,2010.75
"04650",2011,2011,2011
"04652",2014.25,2014.25,2014.25
"04653",2009.5,2009.5,2011
"04654",2010.5,2010.5,2010.75
"04655",2010.75,2010.75,2010.75
"04657",2010.5,2010.5,2010.5
"04658",2009.75,2009.75,2010
"04660",2006,2006,2006
"04662",2006,2006,2006
"04664",2006,2009.75,2010.25
"04666",2010.5,2015.25,2015.25
"04667",2015.25,2015.25,2015.25
"04668",2010.5,2014.5,2014.5
"04669",2005.25,2005.25,2010
"04671",2014.5,2015.25,2015.25
"04673",2011,2011,2011
"04674",2006,2006,2006
"04675",2006,2006,2006
"04676",2006.75,2006.75,2006.75
"04677",2006,2006,2006
"04679",2006,2006,2006
"04680",2010,2015.75,2015.75
"04681",2012.25,9999,9999
"04683",2011,2011,2011
"04684",2005.5,2006,2006
"04685",2009.5,2011,2011
"04686",2010.5,2010.5,2012.5
"04691",2010.75,2010.75,2014.25
"04693",2005.25,2005.25,2010
"04694",2010.5,2010.5,2010.5
"04730",2008.75,2008.75,2008.75
"04732",9999,9999,9999
"04733",2006.5,2006.5,2007.75
"04734",2008.25,2008.25,2008.75
"04735",2008.25,2008.75,2008.75
"04736",2007,2007.5,2008
"04739",9999,9999,9999
"04740",2005.5,2007,2007
"04741",9999,9999,9999
"04742",2005.5,2005.5,2005.5
"04743",2009,2009,9999
"04745",2008.25,2008.25,2008.25
"04746",2009.25,2009.25,2009.25
"04747",2007.75,2007.75,2007.75
"04750",2007,2007.5,2011
"04756",2009.25,2009.25,2012
"04757",2007,2007,2008.25
"04758",2005.5,2007,2008.25
"04760",2008.75,2008.75,2008.75
"04761",2008.75,2008.75,2008.75
"04762",2007.5,2008,2009.25
"04763",2007.75,2007.75,2007.75
"04764",9999,9999,9999
"04765",9999,9999,9999
"04766",2007,2011.75,2015.75
"04768",9999,9999,9999
"04769",2005.5,2005.5,2005.5
"04772",2008.25,2008.25,2008.25
"04773",2009.25,2009.25,2009.25
"04774",9999,9999,9999
"04776",2007.75,2007.75,2007.75
"04777",2006.5,2006.5,2006.5
"04779",2008.25,2009,2009.25
"04780",2008.75,2008.75,2012.75
"04781",2009,2009,2009
"04783",2005.5,2007.5,2008.25
"04785",2007.5,2007.5,2009.25
"04786",2007,2008.25,2008.25
"04787",2005.5,2008,2008.25
"04841",2006.5,2007.75,2009.25
"04843",2010.25,2010.25,2010.25
"04847",2009.25,2010.25,2010.25
"04848",2010.25,2010.25,2010.25
"04849",2006.25,2006.25,2010.25
"04852",2006,2006.75,2006.75
"04853",2012.25,2012.25,2012.25
"04854",9999,9999,9999
"04855",2006,2006,2006
"04856",2010.25,2010.25,2010.25
"04858",2006.5,2006.5,2006.5
"04859",2006.5,2006.5,2007.75
"04860",2006,2006.25,2006.5
"04861",2006.5,2006.5,2006.5
"04862",2007.25,2007.25,2007.25
"04863",2012.25,2012.25,2012.25
"04864",2006.5,2006.5,2007.25
"04901",2007,2007,2007
"04910",2007,2007,2007
"04911",2007,2009,2009
"04912",2006.75,2009,2009
"04915",2005.5,2005.5,2005.5
"04917",2007,2007,2007
"04918",2007,2007,2007
"04920",2006.75,2011,2016.25
"04921",2006,2006.25,2008.75
"04922",2006,2007,2010.75
"04923",2010,2010,2010
"04924",2010,2010,2010
"04925",2016.25,2016.25,9999
"04926",2006,2006,2006
"04927",2007,2009,2010.75
"04928",2006,2006,2006
"04929",2010.75,2010.75,2012.5
"04930",2006,2006,2008.75
"04932",2006,2007,2008.75
"04933",2006,2006,2006
"04936",9999,9999,9999
"04937",2007,2007,2007
"04938",2006.25,2007,2007.75
"04939",2008.25,2008.25,2008.25
"04940",2007,2007,2010.75
"04941",2006,2006,2006
"04942",2010,2010,2010.75
"04943",2010,2010,2010
"04944",2009,2010.75,2010.75
"04945",9999,9999,9999
"04947",2006.75,2012.75,2012.75
"04949",2006,2006,2006
"04950",2007,2007,2009
"04951",2010.5,2010.5,2010.75
"04952",2006.25,2006.25,2006.25
"04953",2006,2006,2007
"04955",2007,2007,2010.75
"04956",2006.25,2009,2009
"04957",2006.25,2007,2007
"04958",2007,2009,2009
"04961",2009,2012.75,2016
"04962",2007,2007,2008.75
"04963",2005,2006,2007
"04964",2005.5,2007.75,2015
"04965",2010.75,2010.75,2012.5
"04966",2007.75,2015,2016
"04967",2010,2010,2010.75
"04969",2006,2006,2006
"04970",2005.5,2005.5,2015
"04971",2006,2006,2010
"04973",2006.25,2006.25,2006.25
"04974",2006.25,2006.25,2006.25
"04975",2007,2007,2007
"04976",2007,2009,2009
"04978",2005,2005,2005
"04979",2009,2009,2009
"04981",2005.5,2005.5,2005.5
"04982",2005.5,2005.5,2006.75
"04983",2006.25,2009,2012.75
"04984",2005,2006.25,2007.75
"04985",2015,9999,9999
"04986",2006,2006,2006
"04987",2008.5,2008.75,2008.75
"04988",2006,2007,2007
"04989",2006,2007,2008.75
"04992",2005,2006.25,2007.75
"05001",2005.5,2005.5,2005.5
"05031",2005.5,2005.5,2005.5
"05032",2005.75,2005.75,2005.75
"05033",2005.25,2010.25,2010.25
"05034",2005.5,2005.5,2005.5
"05035",2005.5,2005.5,2005.75
"05036",2010.25,2010.25,2010.25
"05037",2005.5,2005.5,2005.5
"05038",2005.75,2005.75,2005.75
"05039",2010.25,2010.25,9999
"05040",2010.25,9999,9999
"05041",2005.75,2005.75,2005.75
"05042",2005.25,2006.5,2006.5
"05043",2005.75,2006,2006
"05045",2005.5,2006.25,2013.75
"05046",2005.75,2010.5,2014.5
"05048",2005.5,2005.5,2005.5
"05050",2005,2006.5,2006.5
"05051",2005.5,2006.5,2014.5
"05052",2005.5,2005.5,2005.5
"05053",2005.5,2005.5,2005.5
"05055",2005.5,2005.5,2005.5
"05056",2005.75,2006.75,2011.75
"05058",2005.25,2005.25,2005.25
"05059",2005.5,2005.5,2005.5
"05060",2010.25,2010.25,2010.25
"05061",2005.75,2010.25,2010.25
"05062",2005.5,2005.5,2005.5
"05065",2005.5,2005.5,2005.5
"05067",2005.5,2005.5,2005.5
"05068",2005.5,2005.5,2005.5
"05069",2006.5,2014.5,2014.5
"05070",2005.25,2005.5,2005.5
"05071",2005.5,2005.5,2005.5
"05072",2005.5,2005.75,2005.75
"05075",2005.25,2005.5,2005.5
"05076",2014.5,2014.5,2014.5
"05077",2005.75,2005.75,2005.75
"05079",2005.25,2013,2013.75
"05081",2006.5,2006.5,2006.5
"05083",2005.25,2005.25,2005.25
"05084",2005.5,2005.5,2005.5
"05086",2010.25,2010.5,2014.5
"05089",2005.5,2005.5,2005.5
"05091",2005.5,2005.5,2005.5
"05101",2005.5,2005.5,2005.75
"05141",2005.5,2005.75,2006.5
"05142",2005.5,2005.5,2005.75
"05143",2005.75,2005.75,2005.75
"05146",2005.75,2006.75,2008
"05148",2008.75,2008.75,2008.75
"05149",2005.5,2005.5,2005.75
"05150",2005.5,2005.5,2005.5
"05151",2005.5,2005.5,2005.5
"05152",2008.75,2008.75,2008.75
"05153",2005.5,2005.5,2005.75
"05154",2008.5,2008.75,2009.5
"05155",2008.75,2008.75,2008.75
"05156",2005.5,2005.5,2005.5
"05158",2008.5,2008.75,2009.5
"05161",2008.75,2008.75,2008.75
"05201",2005,2005.5,2005.5
"05250",2007.5,2008.75,2009.5
"05251",2008.75,2008.75,2008.75
"05252",2006.75,2008,2008
"05253",2008.75,2008.75,2008.75
"05254",2008.75,2009.5,2009.5
"05255",2008.75,2009.5,2009.5
"05257",2005.5,2005.5,2005.5
"05260",2005,2005,2005
"05261",2005,2005,2005
"05262",2005.5,2005.5,2008
"05301",2008,2008,2008.75
"05340",2008.75,2008.75,2008.75
"05341",2008,2008,2008
"05342",2012.25,2012.25,2014
"05343",2008,2008,2008.75
"05345",2008,2008,2008
"05346",2006.75,2008.5,2008.75
"05350",2005.5,2006.75,2008
"05352",2005.5,2007.5,2012.25
"05353",2008,2008,2008
"05354",2006.75,2006.75,2006.75
"05355",2008,2008,2008
"05356",2008,2008,2008
"05358",2008,2010.5,2010.5
"05359",2008,2008,2008
"05360",2008,2008,2008
"05361",2010.5,2012.25,2014
"05362",2005.5,2006.5,2008
"05363",2008,2008,2012.25
"05401",2005.5,2005.75,2005.75
"05403",2005.75,2005.75,2005.75
"05404",2005.75,2005.75,2005.75
"05405",2005.75,2005.75,2005.75
"05408",2005.5,2005.5,2005.75
"05439",2005.75,2005.75,2005.75
"05440",2009,2010.75,2010.75
"05441",2009.75,2010.75,2014.5
"05442",2005.75,2009.75,2010.5
"05443",2010.5,2012,2012
"05444",2005.75,2005.75,2009.75
"05445",2005.75,2008,2008
"05446",2005.5,2005.75,2008
"05447",9999,9999,9999
"05448",2009.75,2009.75,2010.75
"05450",2010.75,2014.5,9999
"05452",2005.75,2005.75,2005.75
"05454",2010.75,2010.75,2010.75
"05455",2010.75,2010.75,2010.75
"05456",2010,2010.75,2010.75
"05457",2010.75,2010.75,2014.5
"05458",2005,2009.5,2009.5
"05459",2010.75,2010.75,2011
"05461",2005.75,2008,2008
"05462",2005.75,2005.75,2009.75
"05463",2009,2009,2009
"05464",2005.75,2005.75,2009.75
"05465",2005.75,2005.75,2005.75
"05468",2005.75,2009.5,2009.75
"05471",2005.75,2009.75,2011.5
"05472",2010.5,2010.75,2012
"05473",2010,2010.75,2010.75
"05474",2010.75,2010.75,2010.75
"05476",2011.5,2011.5,2011.5
"05477",2005.75,2005.75,2005.75
"05478",2010.75,2010.75,2010.75
"05481",2005.5,2009.5,2010.75
"05482",2005.75,2008,2008
"05483",2010.75,2010.75,2011
"05485",2010.75,2010.75,2011
"05486",2005,2009.5,2009.5
"05487",2010.5,2010.5,2010.5
"05488",2010.75,2010.75,2010.75
"05489",2005.75,2005.75,2005.75
"05491",2009,2010,2010.25
"05492",2009.75,2009.75,2009.75
"05494",2005.75,2005.75,2009.5
"05495",2005.75,2005.75,2005.75
"05602",2005.5,2005.5,2010.25
"05640",2010.5,2010.5,2012.5
"05641",2005.5,2010.25,2010.5
"05647",2010.5,2010.5,2014.5
"05648",2010.5,2010.5,2012.5
"05649",2010.5,2010.5,2010.5
"05650",2010.5,2012.5,2014.5
"05651",2005.5,2005.75,2010.5
"05652",2005.75,2009.75,2009.75
"05653",2010.5,2011.5,2011.5
"05654",2005.5,2005.5,2010.5
"05655",2005.75,2009.75,2010.5
"05656",2005.75,2005.75,2009.75
"05657",2005.75,2005.75,2005.75
"05658",2010.5,2014.5,2014.5
"05660",2005.75,2010.5,2010.5
"05661",2005.75,2005.75,2005.75
"05663",2010.25,2010.5,2010.5
"05664",2010.25,2010.5,2010.5
"05667",2010.5,2010.5,2010.5
"05669",2010.25,2010.5,2010.5
"05672",2005.75,2005.75,2010.5
"05673",2010.5,2010.5,2010.5
"05674",2010.5,2010.5,2010.5
"05675",2005.5,2005.5,2010.25
"05676",2005.75,2010.5,2010.5
"05677",2010.5,2010.5,2010.5
"05678",2010.5,2010.5,2010.5
"05679",2010.25,2010.25,2010.5
"05680",2005.75,2005.75,2011.5
"05681",2005.75,2010.5,2010.5
"05682",2010.5,2010.5,2012.5
"05701",2009.25,2009.25,2011.75
"05730",2005.5,2005.5,2011.75
"05732",2005.5,2005.5,2009.25
"05733",2005.5,2005.5,2005.5
"05734",2009,2009,2009
"05735",2009.25,2009.25,2011.75
"05736",2009.25,2009.25,2009.25
"05737",2009.25,2009.25,2011.75
"05738",2006.75,2011.75,2012.25
"05739",2008.75,2008.75,2008.75
"05740",2012,2012,2012
"05742",2005.5,2011.75,2011.75
"05743",2009,2009.25,2011
"05744",2005.5,2005.5,2005.5
"05747",2010.25,2012,2012
"05748",2005.5,2010.25,2012
"05751",2005.5,2005.75,2006.75
"05753",2009,2010,2012
"05757",2005,2009.25,2009.25
"05758",2005.5,2005.5,2011.75
"05759",2009.25,2009.25,2009.25
"05760",2009,2009,2009
"05761",2008.75,2008.75,2009.25
"05762",2005.5,2005.75,2005.75
"05763",2009.25,2011.75,2011.75
"05764",2005.5,2009.25,2009.25
"05765",2009.25,2009.25,2011.75
"05766",2012,2012,2012
"05767",2005.5,2005.75,2012
"05769",2005.5,2005.5,2005.5
"05770",2005.5,2009,2009
"05772",2005.75,2005.75,2005.75
"05773",2009.25,2009.25,2009.25
"05774",2005,2005,2005
"05775",2005.25,2005.25,2006
"05776",2008.75,2008.75,2009.75
"05777",2009.25,2009.25,2009.25
"05778",2005.5,2005.5,2005.5
"05819",2005,2005,2005
"05820",2005.75,2010.5,2011.5
"05821",2005,2005,2006.5
"05822",2005.25,2011.5,2011.5
"05824",2005,2005,2005
"05825",2005.25,2005.25,2005.25
"05826",2011.5,2011.5,2011.5
"05827",2011.5,2011.5,2011.5
"05828",2005,2005,2005
"05829",2005.25,2005.25,2005.25
"05830",2005.25,2005.25,2013.5
"05832",2005,2005,2005
"05833",2011.5,2011.5,2011.5
"05836",2010.5,2010.5,2010.5
"05837",2010,2010,2010
"05839",2005.25,2011.5,2011.5
"05841",2011.5,2011.5,2013.5
"05842",2005,2011.5,2011.5
"05843",2010.5,2010.5,2010.5
"05845",2005.25,2005.75,2011.5
"05846",2010.25,2010.25,2011.5
"05847",2005.75,2005.75,2011.5
"05850",2005,2005,2005
"05851",2005,2005,2005
"05853",2011.5,2011.5,2011.5
"05855",2005.25,2005.25,2005.25
"05857",2005.25,2005.25,2005.25
"05858",2005,2005,2005
"05859",2005.25,2011.5,2011.5
"05860",2005.25,2005.25,2005.25
"05862",2005,2005.75,2014.5
"05866",2005,2005,2005.25
"05867",2005,2005.25,2005.25
"05868",2005.25,2005.25,2011.5
"05871",2005.25,2005.25,2010
"05872",2011.5,2011.5,2011.5
"05873",2005,2005,2005.75
"05874",2005.75,2009.75,2011.5
"05875",2005.25,2011.5,2011.5
"05901",2016,2016,9999
"05902",2016.5,9999,9999
"05903",2010.25,2016,2016
"05904",2006.5,2006.5,2010.75
"05905",2010,2010.25,2016
"05906",2006.5,2006.5,2006.5
"05907",2010.25,2016,9999
"06001",2005,2005,2005
"06002",2007.25,2008.25,2009.5
"06010",2006,2006,2006
"06013",2005.75,2006,2006
"06016",2006,2007.25,2008.25
"06018",2006.5,2006.5,2007
"06019",2005,2005,2005
"06020",2005,2005,2005
"06021",2005.5,2005.5,2005.75
"06022",2005,2005,2005
"06023",2005.25,2005.25,2005.25
"06024",2006.5,2006.5,2006.5
"06026",2007.25,2007.25,2007.25
"06027",2010.5,2010.5,2010.5
"06029",2006.25,2007.5,2008.25
"06031",2006.5,2006.5,2008.5
"06032",2005.25,2005.25,2006
"06033",2006.75,2006.75,2006.75
"06035",2010.5,2010.5,2010.5
"06037",2005.25,2005.25,2005.25
"06039",2008.75,2008.75,2008.75
"06040",2006,2007.5,2007.5
"06042",2006,2007.5,2007.5
"06043",2007.5,2009.25,2009.25
"06051",2005.25,2005.25,2005.25
"06052",2005.25,2005.25,2005.25
"06053",2005.25,2005.25,2005.25
"06057",2005.5,2005.5,2005.5
"06058",2006.5,2006.5,2006.5
"06059",2010.5,2010.5,2010.5
"06060",2010.5,2010.5,2010.5
"06061",2005,2005,2005
"06062",2005.25,2006,2006
"06063",2005.5,2005.75,2006.25
"06065",2005.5,2005.5,2005.75
"06066",2006,2007.5,2007.5
"06067",2006.25,2006.75,2006.75
"06068",2007.75,2007.75,2009.25
"06069",2006.5,2007.75,2008.75
"06070",2005.25,2007.25,2007.75
"06071",2007.5,2007.5,2007.5
"06073",2006.75,2006.75,2006.75
"06074",2006,2007.5,2007.5
"06076",2005.5,2006.25,2007.5
"06078",2006,2007.25,2007.25
"06081",2007.25,2007.25,2007.25
"06082",2007.25,2007.25,2007.5
"06084",2008.75,2010,2011
"06085",2006,2006,2006
"06088",2007.25,2007.25,2007.25
"06089",2005,2005,2005
"06090",2010.5,2010.5,2010.5
"06091",2005.5,2005.75,2005.75
"06092",2005,2005,2005
"06093",2006,2007.25,2007.25
"06095",2007.25,2007.25,2007.25
"06096",2007.25,2007.25,2007.25
"06098",2005.5,2005.5,2005.75
"06103",2007.5,2009.5,2009.5
"06105",2007.5,2009.5,2009.5
"06106",2006.75,2008.5,2009.5
"06107",2006.25,2008.25,2009.5
"06108",2006.25,2007.5,2007.5
"06109",2005.25,2005.25,2006.25
"06110",2005.25,2005.25,2006.25
"06111",2005.25,2005.25,2005.25
"06112",2007.5,2009.5,2009.5
"06114",2007.5,2009.5,2009.5
"06117",2007.5,2009.5,2009.5
"06118",2006,2007.5,2007.5
"06119",2007.5,2009.5,2009.5
"06120",2007.5,2009.5,2009.5
"06160",2007.5,2009.5,2009.5
"06226",2008.5,2008.75,2009.5
"06231",2006.25,2006.25,2006.25
"06232",2009.25,2009.25,2009.25
"06234",2007.5,2007.5,2007.5
"06235",2008.25,2008.5,2009.25
"06237",2009.25,2009.25,2009.25
"06238",2009.25,2009.25,2009.25
"06239",2007.5,2007.5,2008.25
"06241",2007.5,2007.5,2008.25
"06242",2005.5,2008,2008.5
"06243",2008.25,2008.25,2008.25
"06247",2007.5,2007.5,2008.5
"06248",2006.5,2009.25,2009.25
"06249",2006.75,2007.5,2008
"06250",2008.5,2008.75,2009.25
"06254",2006.75,2007.75,2008
"06255",2008.5,2008.5,2008.5
"06256",2008.5,2008.75,2009.5
"06259",2007.5,2007.5,2007.5
"06260",2008.5,2008.5,2008.5
"06262",2008.5,2008.5,2008.5
"06263",2007.5,2007.5,2007.5
"06264",2008.5,2008.75,2009.25
"06266",2008.5,2008.75,2009.5
"06268",2008.75,2009.25,2009.25
"06269",2009.25,2009.25,2010
"06277",2008.5,2008.5,2008.5
"06278",2005.5,2008.5,2008.75
"06279",2009.25,2010,2011
"06280",2008.5,2008.75,2009.5
"06281",2005.5,2006,2008.5
"06282",2005.5,2005.5,2005.5
"06320",2006.75,2006.75,2006.75
"06330",2007.5,2008.25,2008.75
"06331",2007.5,2007.5,2008.25
"06332",2007.5,2007.5,2008.25
"06333",2008.25,2008.25,2008.25
"06334",2006.75,2006.75,2007.75
"06335",2006.75,2006.75,2006.75
"06336",2006.75,2006.75,2007.75
"06339",2006.75,2006.75,2006.75
"06340",2006.75,2006.75,2006.75
"06350",2007.5,2007.5,2008.25
"06351",2006.25,2007.5,2008.5
"06353",2006.75,2006.75,2006.75
"06354",2007.5,2008.25,2008.5
"06355",2006.75,2006.75,2006.75
"06357",2008.75,2008.75,2008.75
"06359",2005,2006.25,2006.25
"06360",2009.5,2009.5,2009.5
"06365",2009.5,2009.5,2009.5
"06370",2008.25,2008.25,2008.25
"06371",2008.25,2008.75,2008.75
"06373",2004,2004.25,2008.5
"06374",2007.5,2008,2008.25
"06375",2006.75,2006.75,2006.75
"06376",2008.75,2008.75,2008.75
"06377",2008.25,2008.25,2008.5
"06378",2006.75,2006.75,2006.75
"06379",2006.75,2006.75,2006.75
"06380",2009.5,2009.5,2009.5
"06382",2006.75,2006.75,2006.75
"06384",2005,2005,2006.25
"06385",2006.5,2006.75,2006.75
"06387",2007.5,2007.5,2007.5
"06389",2006.75,2006.75,2007.75
"06390",2006,2006,2006.25
"06401",2007,2007,2007
"06403",2008.25,2008.25,2008.25
"06405",2007,2007,2008
"06409",2008,2008,2008
"06410",2007.5,2007.5,2007.5
"06412",2006.75,2006.75,2008
"06413",2008,2008,2008
"06414",2006.75,2006.75,2006.75
"06415",2006.25,2006.25,2006.25
"06416",2006.75,2006.75,2006.75
"06417",2008,2008,2008
"06418",2007,2007,2007
"06419",2009,2009.75,2009.75
"06420",2008.25,2008.25,2008.25
"06422",2005,2005,2005
"06423",2006.75,2006.75,2006.75
"06424",2006.75,2006.75,2006.75
"06426",2008,2008,2008
"06437",2009.75,2009.75,2009.75
"06438",2006.75,2006.75,2006.75
"06441",2005,2005,2005
"06442",2008,2008,2008
"06443",2009.75,2009.75,2009.75
"06444",2007.5,2007.5,2007.5
"06447",2006.25,2006.25,2006.25
"06450",2006.75,2007.25,2008
"06451",2006.75,2007.25,2008
"06455",2005,2006,2006.75
"06456",2005,2005,2005
"06457",2005,2005,2005.25
"06460",2007,2007,2007
"06461",2007,2007,2007
"06467",2007.5,2007.5,2007.5
"06468",2009.5,2010.5,2010.5
"06469",2006.75,2006.75,2006.75
"06470",2006.25,2007,2007
"06471",2009,2009,2009.75
"06472",2009,2009,2009
"06473",2009,2009,2009
"06475",2008,2008.75,2008.75
"06477",2007,2007,2007
"06478",2006,2006,2006
"06479",2007.5,2007.5,2007.5
"06480",2006.75,2006.75,2006.75
"06481",2005,2005,2005.25
"06482",2006,2006,2006
"06483",2008.25,2008.25,2008.25
"06484",2007,2007,2007
"06488",2006,2006,2006
"06489",2006,2006,2006.25
"06492",2008,2008,2009
"06498",2008,2008,2008
"06510",2005.25,2005.25,2007
"06511",2005.25,2007,2007
"06512",2005.25,2005.25,2007
"06513",2008,2008.25,2009
"06514",2008.25,2009,2009
"06515",2007,2007,2007
"06516",2007,2007,2007
"06517",2009,2009,2009
"06518",2009,2009,2009
"06519",2005.25,2005.25,2007
"06524",2008.25,2008.25,2008.25
"06525",2007,2008,2008.25
"06604",2009.5,2009.5,2009.5
"06605",2009.5,2009.5,2009.5
"06606",2009.5,2009.5,2009.5
"06607",2008,2008,2008
"06608",2008,2008.25,2009.5
"06610",2008,2008,2008
"06611",2009.5,2010.5,2010.5
"06612",2009.5,2009.5,2010.5
"06614",2007,2007,2007
"06615",2008,2008,2008
"06702",2007.5,2007.5,2007.5
"06704",2007.5,2007.5,2007.5
"06705",2007.5,2007.5,2007.5
"06706",2007.5,2007.5,2007.5
"06708",2007.5,2007.5,2007.5
"06710",2007.5,2007.5,2007.5
"06712",2007.5,2007.5,2007.5
"06716",2007.5,2007.5,2007.5
"06750",2006.5,2007.5,2008.5
"06751",2008.5,2008.75,2008.75
"06752",2006.25,2006.25,2006.5
"06754",2005.75,2007.5,2008.5
"06755",2006.5,2006.5,2006.5
"06756",2005,2005.5,2006.5
"06757",2005.75,2005.75,2005.75
"06758",2008.5,2008.5,2008.5
"06759",2008.5,2008.5,2008.5
"06762",2007.5,2008.25,2008.75
"06763",2008.5,2008.5,2008.5
"06770",2007.5,2007.5,2008.25
"06776",2008.75,2008.75,2008.75
"06777",2008.5,2008.75,2008.75
"06778",2008.5,2008.5,2008.5
"06779",2007.5,2008.25,2008.75
"06782",2006.5,2007.5,2007.5
"06783",2008.75,2008.75,2008.75
"06784",2006.5,2006.5,2006.5
"06785",2006.5,2006.5,2006.5
"06786",2006,2006,2006
"06787",2008.5,2008.5,2008.5
"06790",2005.5,2005.5,2005.75
"06791",2008.5,2008.5,2008.5
"06793",2008.75,2008.75,2008.75
"06794",2008.75,2008.75,2008.75
"06795",2008.5,2008.5,2008.75
"06796",2005,2005.5,2008.5
"06798",2008.25,2008.5,2008.75
"06801",2007,2007,2007
"06804",2006.25,2006.25,2006.25
"06807",2010.75,2010.75,2010.75
"06810",2007,2007,2007
"06811",2006.25,2007,2007
"06812",2006.25,2006.25,2008.25
"06820",2010.75,2010.75,2010.75
"06824",2009.5,2009.5,2009.5
"06825",2009.5,2009.5,2009.5
"06830",2009.75,2010,2010.5
"06831",2009.75,2010,2010.5
"06840",2007.25,2007.25,2007.25
"06850",2007.25,2007.25,2010.25
"06851",2007.25,2007.25,2007.25
"06853",2010.75,2010.75,2010.75
"06854",2010.75,2010.75,2010.75
"06855",2009.75,2010.25,2010.75
"06856",2010.75,2010.75,2010.75
"06870",2010.75,2010.75,2010.75
"06877",2007,2007,2007.25
"06878",2010.75,2010.75,2010.75
"06880",2009.5,2009.5,2009.5
"06883",2007.25,2007.25,2009
"06890",2009.5,2009.5,2009.5
"06896",2007,2007,2007
"06897",2007.25,2007.25,2007.25
"06901",2010.75,2010.75,2010.75
"06902",2010.75,2010.75,2010.75
"06903",2009.5,2010.25,2010.75
"06905",2010.75,2010.75,2010.75
"06906",2010.75,2010.75,2010.75
"06907",2010.75,2010.75,2010.75
"07001",2005,2005,2005
"07002",2005,2005,2005
"07003",2005.5,2006.25,2006.25
"07004",2005.5,2005.5,2005.5
"07005",2005.5,2005.5,2005.5
"07006",2005.5,2005.5,2005.5
"07008",2005,2005,2005
"07009",2005.5,2005.5,2005.5
"07010",2005,2005,2005
"07011",2006.25,2006.25,2006.25
"07012",2006.25,2006.25,2006.25
"07013",2006.25,2006.25,2006.25
"07014",2006.25,2006.25,2006.25
"07016",2007,2007,2007
"07017",2005,2005,2005
"07018",2005,2005,2005
"07020",2005,2005,2005
"07021",2005.5,2005.5,2005.5
"07022",2005,2005,2005
"07023",2007,2007,2007
"07024",2005,2005,2005
"07026",2006.25,2006.25,2006.25
"07027",2007,2007,2007
"07028",2005,2005.75,2006.25
"07029",2005,2005,2005
"07030",2005,2005,2005
"07031",2005,2005,2005
"07032",2005,2005,2005
"07033",2005,2005,2005
"07034",2005.5,2005.5,2005.5
"07035",2005.5,2005.5,2005.5
"07036",2005,2005,2005
"07039",2005,2005,2005
"07040",2005,2005,2005
"07041",2005,2005,2005
"07042",2006.25,2006.25,2006.25
"07043",2006.25,2006.25,2006.25
"07044",2005.5,2005.5,2005.5
"07045",2005.5,2005.5,2005.5
"07046",2005.5,2005.5,2005.5
"07047",2005,2005,2005
"07050",2005,2005,2005
"07052",2005,2005,2005
"07054",2005.5,2005.5,2005.5
"07055",2006.25,2006.25,2006.25
"07057",2006.25,2006.25,2006.25
"07058",2005.5,2005.5,2005.5
"07059",2005.25,2005.25,2005.25
"07060",2007,2007,2007
"07062",2007,2007,2007
"07063",2007,2007,2007
"07064",2005,2005,2005
"07065",2005,2005,2007
"07066",2007,2007,2007
"07067",2007,2007,2007
"07068",2005,2005.5,2005.5
"07069",2007,2007,2007
"07070",2006.25,2006.25,2006.25
"07071",2006,2006.25,2006.25
"07072",2006.25,2006.25,2006.25
"07073",2006.25,2006.25,2006.25
"07074",2006.25,2006.25,2006.25
"07075",2006.25,2006.25,2006.25
"07076",2007,2007,2007
"07077",2005,2005,2005
"07078",2005,2005,2005
"07079",2005,2005,2005
"07080",2007,2007,2007
"07081",2005,2005,2005
"07082",2005.5,2005.5,2005.5
"07083",2005,2005,2005
"07086",2005,2005,2005
"07087",2005,2005,2005
"07088",2005,2005,2005
"07090",2007,2007,2007
"07092",2005,2007,2007
"07093",2005,2005,2005
"07094",2005,2005,2005.75
"07095",2005,2005,2005
"07102",2005,2005,2005
"07103",2005,2005,2005
"07104",2005,2005,2005
"07105",2005,2005,2005
"07106",2005,2005,2005
"07107",2005,2005,2005
"07108",2005,2005,2005
"07109",2005,2005,2006.25
"07110",2006.25,2006.25,2006.25
"07111",2005,2005,2005
"07112",2005,2005,2005
"07114",2005,2005,2005
"07201",2005,2005,2005
"07202",2005,2005,2005
"07203",2005,2005,2005
"07204",2005,2005,2006.5
"07205",2005,2005,2005
"07206",2005,2005,2005
"07208",2005,2005,2005
"07302",2005,2005,2005
"07304",2005,2005,2005
"07305",2005,2005,2005
"07306",2005,2005,2005
"07307",2005,2005,2005
"07310",2005,2005,2005
"07311",2005,2005,2005
"07401",2007,2007,2007
"07403",2008.25,2008.25,2008.25
"07405",2008,2008.25,2008.25
"07407",2006.25,2006.25,2006.25
"07410",2006.25,2007,2007
"07416",2005.75,2005.75,2005.75
"07417",2008.25,2008.25,2008.25
"07418",2009,2010,2011
"07419",2005.75,2005.75,2005.75
"07420",2008.25,2008.25,2008.25
"07421",2009,2010,2011
"07422",2009,2010,2011
"07423",2007,2007,2007
"07424",2006.25,2006.25,2006.25
"07430",2007.75,2008.25,2008.25
"07432",2007,2007,2007
"07435",2008.5,2008.5,2008.5
"07436",2008.25,2008.25,2008.25
"07438",2008.5,2008.5,2008.5
"07439",2005.75,2005.75,2005.75
"07440",2005.5,2005.5,2005.5
"07442",2008.25,2008.25,2008.25
"07444",2007.75,2008.25,2008.25
"07446",2007,2007,2007
"07450",2007,2007,2007
"07452",2007,2007,2007
"07456",2008.25,2008.25,2008.25
"07457",2008.25,2008.25,2008.25
"07458",2007,2007,2007
"07460",2008.5,2008.5,2008.5
"07461",2005.75,2005.75,2005.75
"07462",2009,2009.5,2010.25
"07463",2007,2007,2007
"07465",2008.25,2008.25,2008.25
"07470",2005.5,2005.5,2008
"07480",2008.5,2008.5,2008.5
"07481",2007,2007,2007
"07495",2008.25,2009.5,2012
"07501",2006.25,2006.25,2006.25
"07502",2006.25,2006.25,2006.25
"07503",2006.25,2006.25,2006.25
"07504",2006.25,2006.25,2006.25
"07505",2006.25,2006.25,2006.25
"07506",2007,2007,2007
"07508",2007,2007,2007
"07512",2005.5,2005.5,2005.5
"07513",2006.25,2006.25,2006.25
"07514",2006.25,2006.25,2006.25
"07522",2006.25,2006.25,2006.25
"07524",2006.25,2006.25,2006.25
"07601",2006.25,2006.25,2006.25
"07603",2006,2006.25,2006.25
"07604",2006.25,2006.25,2006.25
"07605",2005,2005,2005
"07606",2006.25,2006.25,2006.25
"07607",2006.25,2006.25,2006.25
"07608",2006.25,2006.25,2006.25
"07620",2005.5,2005.5,2005.5
"07621",2005.5,2005.5,2005.5
"07624",2005.5,2005.5,2005.5
"07626",2005.5,2005.5,2005.5
"07627",2005.5,2005.5,2005.5
"07628",2005.5,2005.5,2005.5
"07630",2007,2007,2007
"07631",2005,2005,2005
"07632",2005,2005,2005
"07640",2005.5,2005.5,2005.5
"07641",2005.5,2005.5,2005.5
"07642",2007,2007,2007
"07643",2006,2006.25,2006.25
"07644",2006.25,2006.25,2006.25
"07645",2007,2007,2007
"07646",2007,2007,2007
"07647",2005.5,2005.5,2005.5
"07648",2005.5,2005.5,2005.5
"07649",2007,2007,2007
"07650",2005,2005,2005
"07652",2007,2007,2007
"07656",2007,2007,2007
"07657",2005,2005,2005
"07660",2005,2005,2005
"07661",2007,2007,2007
"07662",2006.25,2006.25,2006.25
"07663",2006.25,2006.25,2006.25
"07666",2005,2005,2005
"07670",2005.5,2005.5,2005.5
"07675",2007,2007,2007
"07676",2007,2007,2007
"07677",2007,2007,2007
"07701",2006,2006.75,2008
"07702",2005.75,2005.75,2005.75
"07703",2005.75,2005.75,2005.75
"07704",2007.5,2008,2009
"07711",2005.75,2005.75,2005.75
"07712",2005.75,2005.75,2005.75
"07716",2007.5,2008,2009
"07717",2006,2006,2006
"07718",2007.5,2008,2009
"07719",2006,2006,2006
"07720",2005.75,2006,2006
"07721",2006.25,2006.25,2006.25
"07722",2005.75,2005.75,2005.75
"07723",2005.75,2005.75,2006
"07724",2005.75,2005.75,2005.75
"07726",2005.5,2005.5,2005.75
"07727",2006,2006,2006
"07728",2005.5,2006.75,2010.25
"07730",2006.25,2006.25,2006.25
"07731",2006,2006,2007.25
"07732",2007.5,2008,2009
"07733",2006.25,2006.25,2006.25
"07734",2006.25,2006.25,2006.75
"07735",2006.25,2006.25,2006.25
"07737",2007.5,2008,2009
"07738",2005.75,2005.75,2005.75
"07739",2005.75,2005.75,2005.75
"07740",2005.75,2005.75,2006
"07746",2005.5,2005.5,2005.5
"07747",2006.25,2006.25,2006.25
"07748",2007.5,2008,2009
"07750",2005.75,2005.75,2006
"07751",2005.5,2005.5,2005.5
"07753",2005.75,2006,2006
"07755",2005.75,2005.75,2005.75
"07756",2005.75,2005.75,2006
"07757",2005.75,2005.75,2005.75
"07758",2007.5,2008,2009
"07760",2007.5,2008,2009
"07762",2006,2006,2006
"07764",2005.75,2005.75,2005.75
"07801",2005.5,2005.5,2005.5
"07803",2005.5,2006.5,2006.5
"07820",2010.5,2010.5,2010.5
"07821",2006.5,2006.5,2010.5
"07822",2005.75,2005.75,2007.75
"07823",2007,2008.5,2009.25
"07825",2009,2009,2010.5
"07826",2009.75,2010,2010.75
"07827",2008,2009.5,2010
"07828",2006.5,2006.5,2006.75
"07830",2005.25,2006.5,2006.75
"07832",2009,2009,2009
"07833",2007,2009,2009.5
"07834",2005.5,2005.5,2005.5
"07836",2006.75,2006.75,2006.75
"07838",2007,2007,2008.5
"07840",2007,2007,2007
"07842",2005.5,2005.5,2005.5
"07843",2006.5,2006.5,2006.5
"07846",2010.5,2010.5,2010.5
"07847",2006.5,2006.5,2006.5
"07848",2005.75,2005.75,2005.75
"07849",2006.5,2006.5,2006.5
"07850",2006.5,2006.5,2006.5
"07851",2009.75,2010.75,2010.75
"07852",2006.5,2006.5,2006.5
"07853",2006.75,2006.75,2006.75
"07856",2006.5,2006.5,2006.5
"07857",2006.5,2006.5,2006.5
"07860",2010.5,2010.5,2010.5
"07863",2007,2007,2007
"07865",2007,2007,2007
"07866",2005.5,2005.5,2005.5
"07869",2005,2005.5,2005.5
"07870",2007,2007,2007
"07871",2005.75,2005.75,2005.75
"07874",2006.5,2006.5,2006.5
"07876",2006.75,2006.75,2006.75
"07878",2005.5,2005.5,2005.5
"07880",2007,2007,2007
"07881",2009.5,2009.75,2010.5
"07882",2006.5,2006.5,2006.75
"07885",2005.5,2005.5,2006.5
"07901",2005,2005,2005
"07920",2005.25,2005.25,2005.25
"07921",2005.25,2005.25,2005.25
"07922",2007,2007,2007
"07924",2005,2005,2005
"07926",2005,2005,2005
"07927",2005,2005,2005
"07928",2005,2005,2005
"07930",2006.75,2006.75,2006.75
"07931",2005.25,2005.25,2005.25
"07932",2005,2005,2005
"07933",2005.25,2005.25,2005.25
"07934",2005.25,2005.25,2005.25
"07935",2005,2005,2005
"07936",2005,2005,2005
"07939",2005.25,2005.25,2005.25
"07940",2005,2005,2005
"07945",2005,2005,2005
"07946",2005.25,2005.25,2005.25
"07950",2005,2005.5,2005.5
"07960",2005,2005,2005
"07961",2005,2005,2005
"07970",2005,2005,2005
"07974",2005,2005,2005
"07976",2005,2005,2005
"07977",2005.25,2005.25,2005.25
"07979",2005.25,2005.25,2005.25
"07980",2005.25,2005.25,2005.25
"07981",2005,2005,2005
"08001",2006.5,2006.5,2006.5
"08002",2005.25,2005.25,2005.25
"08003",2005.5,2005.5,2005.5
"08004",2005.25,2005.5,2005.5
"08005",2009.25,2009.25,2010.75
"08006",9999,9999,9999
"08007",2005.25,2005.25,2005.25
"08008",2005.5,2008.25,2009.25
"08009",2005.5,2005.5,2005.5
"08010",2005.25,2005.25,2005.25
"08011",2005.75,2005.75,2005.75
"08012",2005.25,2005.25,2005.5
"08014",2005.25,2005.5,2005.5
"08015",2005.5,2005.5,2005.5
"08016",2005.25,2005.25,2005.25
"08019",2005.5,2005.5,2006
"08020",2005.25,2005.25,2006.25
"08021",2005.5,2005.5,2005.5
"08022",2006.75,2008.75,2010.25
"08023",2005.5,2006.25,2006.75
"08026",2005.5,2005.5,2005.5
"08027",2005.25,2005.25,2005.25
"08028",2008,2008,2008
"08029",2005.25,2005.25,2005.25
"08030",2005.25,2005.25,2005.25
"08031",2005.25,2005.25,2005.25
"08033",2005.25,2005.25,2005.25
"08034",2005.5,2005.5,2005.5
"08035",2005.25,2005.25,2005.25
"08036",2006.5,2006.5,2006.5
"08037",2006.5,2006.5,2006.5
"08038",2005.5,2005.5,2005.5
"08039",2005.5,2005.5,2005.5
"08041",2008.25,2009,2010.5
"08042",2008.25,2009,2010.5
"08043",2005.5,2005.5,2005.5
"08045",2005.25,2005.25,2005.5
"08046",2005.25,2006.5,2006.5
"08048",2005.75,2005.75,2005.75
"08049",2005.25,2005.25,2005.25
"08050",2009.25,2009.25,2009.25
"08051",2005.25,2006.25,2008
"08052",2005.25,2005.25,2006.5
"08053",2005.5,2005.5,2005.5
"08054",2006.5,2006.5,2006.5
"08055",2005.25,2005.25,2005.5
"08056",2005.5,2005.5,2005.5
"08057",2006.5,2006.5,2006.5
"08059",2005.25,2005.25,2005.25
"08060",2005.75,2005.75,2005.75
"08061",2005.25,2005.25,2005.25
"08062",2007.5,2008,2008
"08063",2005.25,2005.25,2005.25
"08064",2005.5,2005.75,2005.75
"08065",2005.25,2005.25,2005.25
"08066",2005.25,2005.25,2005.25
"08067",2005.5,2005.5,2005.5
"08068",2005.75,2005.75,2005.75
"08069",2005.5,2005.5,2005.5
"08070",2006.75,2006.75,2006.75
"08071",2008,2008,2008
"08072",2006.5,2006.5,2006.5
"08073",2006.5,2006.5,2006.5
"08074",2008,2008,2008
"08075",2005.25,2006.5,2006.5
"08077",2005.25,2005.25,2005.25
"08078",2005.25,2005.25,2005.25
"08079",2006.5,2006.5,2006.5
"08080",2008,2008,2008
"08081",2005.25,2005.25,2005.25
"08083",2005.5,2005.5,2005.5
"08084",2005.5,2005.5,2005.5
"08085",2005.5,2005.5,2005.5
"08086",2005.25,2005.25,2005.25
"08087",2006,2006,2006
"08088",2005.25,2005.5,2005.5
"08089",2006.5,2006.5,2006.5
"08090",2005.25,2005.25,2005.25
"08091",2005.5,2005.5,2005.5
"08092",2005.5,2009.25,2009.25
"08093",2005.25,2005.25,2005.25
"08094",2005.25,2005.25,2005.25
"08095",2006.5,2006.5,2006.5
"08096",2005.25,2005.25,2005.25
"08097",2005.25,2005.25,2005.25
"08098",2006.5,2006.5,2006.5
"08102",2005.25,2005.25,2005.25
"08103",2005.25,2005.25,2005.25
"08104",2005.25,2005.25,2005.25
"08105",2005.25,2005.25,2005.25
"08106",2005.25,2005.25,2005.25
"08107",2005.25,2005.25,2005.25
"08108",2005.25,2005.25,2005.25
"08109",2005.25,2005.25,2005.25
"08110",2005.25,2005.25,2005.25
"08201",2010,2010,2010
"08202",2007.5,2007.5,2007.5
"08203",2010,2011.25,9999
"08204",2008.5,2008.5,2008.5
"08205",2010,2010,2010
"08210",2007.5,2010,2010
"08212",2008.5,2008.5,2008.5
"08215",2006,2006,2006.5
"08217",2005.5,2005.75,2005.75
"08221",2005.5,2005.5,2005.5
"08223",2007,2007,2007
"08224",2006,2006,2006
"08225",2005.5,2005.5,2005.5
"08226",2006,2007,2007
"08230",2007,2007,2007
"08232",2005.5,2005.5,2005.5
"08234",2005.25,2005.25,2005.5
"08240",2010,2010,2010
"08241",2010,2010,2010
"08242",2008.5,2008.5,2010
"08243",2007,2007,2007.5
"08244",2005.25,2005.5,2005.5
"08246",2007,2007,2007
"08247",2007.5,2007.5,2007.5
"08248",2007,2007,2007
"08251",2008.5,2010,2010
"08260",2010.5,2010.5,2012.5
"08270",2006,2006,2006
"08302",2005.5,2006.25,2006.5
"08310",2005.75,2005.75,2005.75
"08311",2006.25,2006.25,2006.25
"08312",2007.25,2008,2008
"08314",2006,2006,2006
"08316",2006,2006,2006.25
"08317",2006,2006,2006
"08318",2005.5,2005.5,2005.5
"08319",2006,2006,2006
"08320",2005.5,2005.5,2005.5
"08321",2006.25,2006.25,2009.5
"08322",2006.75,2006.75,2006.75
"08323",2006.25,2007,2009.5
"08324",2006.25,2006.25,2006.25
"08326",2006.75,2006.75,2006.75
"08327",2006.25,2006.25,2006.25
"08328",2006.75,2006.75,2006.75
"08329",2006.25,2006.25,2006.25
"08330",2005.75,2005.75,2005.75
"08332",2006.25,2006.25,2006.25
"08340",2006,2006,2006
"08341",2006.75,2006.75,2006.75
"08343",2005.5,2005.5,2007.25
"08344",2006.75,2006.75,2006.75
"08345",2006.25,2006.25,2006.25
"08346",2005.75,2005.75,2005.75
"08348",2006.25,2006.25,2006.25
"08349",2006.25,2006.25,2006.25
"08350",2005.75,2005.75,2005.75
"08352",2005.5,2005.5,2005.5
"08353",2005.5,2005.5,2006.75
"08360",2006.75,2006.75,2006.75
"08361",2006.25,2006.25,2006.25
"08401",2005.5,2005.5,2005.5
"08402",2005.5,2005.5,2005.5
"08403",2005.5,2005.5,2005.5
"08406",2005.5,2005.5,2005.5
"08501",2008.25,2010.5,2010.75
"08502",2006.5,2006.5,2006.5
"08505",2008.5,2009,2010.5
"08510",2007.5,2010.75,2012.5
"08511",2008.25,2010.75,2012
"08512",2005.75,2005.75,2005.75
"08514",2007.75,2010.75,2012.5
"08515",2008.75,2009.5,2010.5
"08518",2005.25,2005.25,2005.25
"08520",2006,2008.75,2010.5
"08525",2005,2005,2005
"08527",2006,2006.75,2010
"08528",2005.5,2005.5,2005.5
"08530",2005,2005,2007.5
"08533",2008.25,2010.75,2012
"08534",2005,2005,2005
"08535",2006,2008,2012.5
"08536",2005.5,2005.5,2005.5
"08540",2005.5,2005.5,2005.5
"08542",2005.5,2005.5,2005.5
"08550",2005.5,2010.5,2010.5
"08551",2005,2005,2005
"08553",2005.5,2005.5,2005.5
"08554",2005.25,2005.25,2007.75
"08555",2006.5,2010.5,2012.5
"08558",2005,2005.5,2005.5
"08559",2009.5,2009.75,2010.25
"08560",2006.5,2006.5,2006.5
"08561",2010.5,2010.5,2010.5
"08562",2008.25,2009.5,2012
"08608",2006.5,2006.5,2006.5
"08609",2010.5,2010.5,2010.5
"08610",2010.5,2010.5,2010.5
"08611",2010.5,2010.5,2010.5
"08618",2006.5,2006.5,2006.5
"08619",2010.5,2010.5,2010.5
"08620",2010.5,2010.5,2010.5
"08628",2006.5,2006.5,2006.5
"08629",2010.5,2010.5,2010.5
"08638",2006.5,2006.5,2006.5
"08640",2006,2007.75,2008.75
"08641",2008.25,2010.75,2012
"08648",2006.5,2010.5,2010.5
"08690",2010.5,2010.5,2010.5
"08691",2010.5,2010.5,2010.5
"08701",2006,2006,2006
"08720",2006,2006,2006
"08721",2010.75,2010.75,2010.75
"08722",2010.75,2010.75,2010.75
"08723",2005.25,2005.25,2005.25
"08724",2006,2006,2006
"08730",2006,2006,2006
"08731",2007.25,2010.75,2010.75
"08732",2005.25,2005.25,2005.25
"08733",2006,2006,2006
"08734",2010.75,2010.75,2010.75
"08735",2005.25,2005.25,2005.25
"08736",2006,2006,2006
"08738",2005.25,2005.25,2005.25
"08740",2010.75,2010.75,2010.75
"08741",2005.25,2005.25,2007.5
"08742",2006,2006,2006
"08750",2006,2006,2006
"08751",2005.25,2005.25,2005.25
"08752",2010.75,2010.75,2010.75
"08753",2005.25,2005.25,2005.25
"08755",2005.25,2005.25,2005.25
"08757",2006,2007.25,2007.25
"08758",2009.25,2009.25,2009.25
"08759",2006,2006,2007.25
"08801",2006.5,2006.5,2008.75
"08802",2006.5,2006.5,2006.5
"08804",2006.5,2006.5,2006.5
"08805",2005.25,2005.25,2005.25
"08807",2005.25,2005.25,2005.25
"08808",2006.5,2006.5,2006.5
"08809",2009.5,2010.5,2010.75
"08810",2005.75,2005.75,2005.75
"08812",2005.25,2005.25,2007
"08816",2006.75,2006.75,2006.75
"08817",2006.75,2006.75,2006.75
"08820",2007,2007,2007
"08821",2006.75,2006.75,2006.75
"08822",2006.25,2006.75,2006.75
"08823",2006.5,2006.5,2006.5
"08824",2006,2006.5,2006.5
"08825",2006.25,2006.25,2006.25
"08826",2008.5,2010.5,2010.75
"08827",2006.5,2008.75,2010.75
"08828",2005.75,2005.75,2005.75
"08829",2009.5,2010.5,2010.75
"08830",2007,2007,2007
"08831",2005.75,2005.75,2005.75
"08832",2006.25,2006.75,2006.75
"08833",2005.25,2005.25,2006.25
"08835",2006.5,2006.5,2006.5
"08836",2005.25,2005.25,2005.25
"08837",2006.75,2006.75,2006.75
"08840",2007,2007,2007
"08844",2006.5,2006.5,2006.75
"08846",2005.25,2005.25,2005.25
"08848",2006.5,2006.5,2006.5
"08850",2006.75,2006.75,2006.75
"08852",2005.5,2005.5,2005.5
"08853",2006.75,2006.75,2006.75
"08854",2006.75,2006.75,2006.75
"08857",2005.75,2006.25,2006.25
"08858",2005.25,2005.25,2005.25
"08859",2006.25,2006.25,2006.25
"08861",2005,2006.25,2006.25
"08863",2006.75,2007,2007
"08865",2006.5,2006.5,2006.5
"08867",2006.25,2006.25,2006.25
"08869",2006.5,2006.5,2006.5
"08872",2006.75,2006.75,2006.75
"08873",2006.5,2006.5,2006.5
"08876",2005.25,2006.5,2006.75
"08879",2006.25,2006.25,2006.25
"08880",2006.5,2006.5,2006.5
"08882",2006.75,2006.75,2006.75
"08884",2005.75,2005.75,2006.75
"08886",2006.5,2006.5,2006.5
"08887",2006.75,2006.75,2006.75
"08889",2005.25,2005.25,2006.75
"08890",2006.5,2006.5,2006.5
"08901",2006.75,2006.75,2006.75
"08902",2006.75,2006.75,2006.75
"08904",2006.75,2006.75,2006.75
"10001",2005,2005,2005
"10002",2005,2005,2005
"10003",2005,2005,2005
"10004",2005,2005,2005
"10005",2005,2005,2005
"10006",2005,2005,2005
"10007",2005,2005,2005
"10009",2005,2005,2005
"10010",2005,2005,2005
"10011",2005,2005,2005
"10012",2005,2005,2005
"10013",2005,2005,2005
"10014",2005,2005,2005
"10016",2005,2005,2005
"10017",2005,2005,2005
"10018",2005,2005,2005
"10019",2005,2005,2005
"10020",2005,2005,2005
"10021",2005,2005,2005
"10022",2005,2005,2005
"10023",2005,2005,2005
"10024",2005,2005,2005
"10025",2005,2005,2005
"10026",2005,2005,2005
"10027",2005,2005,2005
"10028",2005,2005,2005
"10029",2005,2005,2005
"10030",2005,2005,2005
"10031",2005,2005,2005
"10032",2005,2005,2005
"10033",2005,2005,2005
"10034",2005,2005,2005
"10035",2005,2005,2005
"10036",2005,2005,2005
"10037",2005,2005,2005
"10038",2005,2005,2005
"10039",2005,2005,2005
"10040",2005,2005,2005
"10044",2005,2005,2005
"10065",2005,2005,2005
"10069",2005,2005,2005
"10075",2005,2005,2005
"10103",2005,2005,2005
"10110",2005,2005,2005
"10111",2005,2005,2005
"10112",2005,2005,2005
"10115",2005,2005,2005
"10119",2005,2005,2005
"10128",2005,2005,2005
"10152",2005,2005,2005
"10153",2005,2005,2005
"10154",2005,2005,2005
"10162",2005,2005,2005
"10165",2005,2005,2005
"10167",2005,2005,2005
"10168",2005,2005,2005
"10169",2005,2005,2005
"10170",2005,2005,2005
"10171",2005,2005,2005
"10172",2005,2005,2005
"10173",2005,2005,2005
"10174",2005,2005,2005
"10177",2005,2005,2005
"10199",2005,2005,2005
"10271",2005,2005,2005
"10278",2005,2005,2005
"10279",2005,2005,2005
"10280",2005,2005,2005
"10282",2005,2005,2005
"10301",2005,2005,2005
"10302",2005,2005,2005
"10303",2005,2005,2005
"10304",2005,2009,2009
"10305",2009,2009,2009
"10306",2005,2005,2005
"10307",2006.25,2006.25,2006.25
"10308",2005,2005,2005
"10309",2005,2005,2005
"10310",2005,2005,2005
"10311",2005,2005,2005
"10312",2005,2005,2005
"10314",2005,2005,2005
"10451",2005,2005,2005
"10452",2005,2005,2005
"10453",2005,2005,2005
"10454",2005,2005,2005
"10455",2005,2005,2005
"10456",2005,2005,2005
"10457",2005,2005,2005
"10458",2005,2005,2005
"10459",2005,2005,2005
"10460",2005,2005,2005
"10461",2005,2006,2006
"10462",2005,2005,2005
"10463",2005,2005,2005
"10464",2006,2006,2006
"10465",2006,2006,2006
"10466",2005,2005,2005
"10467",2005,2005,2005
"10468",2005,2005,2005
"10469",2005,2005,2005
"10470",2005,2005,2005.5
"10471",2005,2005,2005
"10472",2005,2005,2005
"10473",2005,2005,2005
"10474",2005,2005,2005
"10475",2006,2006,2006
"10501",2005.25,2005.25,2005.25
"10502",2005.5,2005.5,2005.5
"10503",2005.5,2005.5,2005.5
"10504",2009.75,2010,2010.5
"10505",2008.25,2008.25,2008.25
"10506",2009.75,2010.75,2011.5
"10507",2009,2010.75,2011.5
"10509",2008,2008,2008
"10510",2007.5,2007.5,2007.5
"10511",2006.25,2006.25,2006.25
"10512",2007.75,2007.75,2008
"10514",2005.25,2007.5,2007.5
"10516",2008.25,2008.25,2010.75
"10517",2005.25,2005.25,2005.25
"10518",2009,2010.75,2011.5
"10519",2008,2008,2008
"10520",2005.25,2005.25,2005.25
"10522",2005.5,2005.5,2005.5
"10523",2007.5,2007.5,2007.5
"10524",2008.25,2010.75,2010.75
"10526",2008,2008.25,2010.75
"10527",2005.75,2007.5,2008.25
"10528",2007.5,2007.5,2007.5
"10530",2005.5,2005.5,2005.5
"10532",2007.5,2007.5,2007.5
"10533",2005.5,2005.5,2005.5
"10535",2008.25,2008.25,2008.25
"10536",2008,2008.25,2010.75
"10537",2007.5,2008.25,2008.25
"10538",2007.5,2007.5,2007.5
"10541",2008.25,2008.25,2008.25
"10543",2007.5,2007.5,2007.5
"10545",2007.5,2007.5,2007.5
"10546",2005.25,2005.25,2005.25
"10547",2005.25,2005.25,2005.25
"10548",2005.25,2006.25,2006.25
"10549",2008,2010.25,2010.75
"10550",2005.5,2005.5,2005.5
"10552",2005.5,2005.5,2006.5
"10553",2007.5,2007.5,2007.5
"10560",2008,2008,2008
"10562",2005.25,2005.25,2005.25
"10566",2005.25,2005.25,2006.25
"10567",2005.25,2005.25,2005.25
"10570",2007.5,2007.5,2007.5
"10573",2007.5,2007.5,2009
"10576",2007.25,2008,2010.75
"10577",2009.75,2010,2010.5
"10578",2008,2008,2008
"10579",2008.25,2008.25,2008.25
"10580",2007.5,2007.5,2007.5
"10583",2006.5,2007.5,2007.5
"10588",2008.25,2008.25,2008.25
"10589",2008,2008,2008
"10590",2007.25,2007.25,2007.25
"10591",2007.5,2007.5,2007.5
"10594",2007.5,2007.5,2007.5
"10595",2007.5,2007.5,2009
"10596",2006.25,2006.25,2006.25
"10597",2008,2008,2008
"10598",2005.25,2005.25,2005.25
"10601",2009.75,2010,2010.5
"10603",2008,2009.75,2010
"10604",2009.75,2010,2010.5
"10605",2007.5,2007.5,2007.5
"10606",2007.5,2007.5,2007.5
"10607",2007.5,2007.5,2007.5
"10701",2005.5,2005.5,2005.5
"10703",2005.5,2005.5,2005.5
"10704",2005.5,2005.5,2005.5
"10705",2005.5,2005.5,2005.5
"10706",2005.5,2005.5,2005.5
"10707",2005.5,2005.5,2005.5
"10708",2005.5,2005.5,2005.5
"10709",2007.5,2007.5,2007.5
"10710",2005.5,2005.5,2005.5
"10801",2007.5,2007.5,2007.5
"10803",2007.5,2007.5,2007.5
"10804",2007.5,2007.5,2007.5
"10805",2007.5,2007.5,2007.5
"10901",2005.5,2005.5,2005.5
"10910",2008.25,2008.25,2008.25
"10911",2006.25,2006.25,2006.25
"10913",2007.5,2007.5,2007.5
"10914",2007.75,2007.75,2007.75
"10915",2010.25,2010.25,2010.25
"10916",2007.75,2007.75,2007.75
"10917",2008.25,2008.25,2008.25
"10918",2008.25,2008.25,2008.25
"10919",2010.25,2010.25,2010.25
"10920",2007.5,2007.5,2007.5
"10921",2006.75,2007,2008.25
"10922",2006.25,2006.25,2006.25
"10923",2005.5,2005.5,2005.5
"10924",2007.75,2008.25,2010.25
"10925",2008.5,2010,2012
"10926",2008,2008.25,2008.25
"10927",2005.5,2005.5,2005.5
"10928",2006.25,2008,2010.75
"10930",2007.75,2008.25,2008.25
"10931",2008.25,2009.5,2012
"10932",2006,2006,2006
"10933",2007.75,2007.75,2007.75
"10940",2006,2007.75,2007.75
"10941",2010.25,2010.25,2010.25
"10950",2008.25,2008.25,2008.25
"10952",2005.5,2005.5,2005.5
"10953",2007.75,2008,2010.75
"10954",2005.5,2005.5,2005.5
"10956",2005.5,2005.5,2005.5
"10958",2007,2007.75,2008.25
"10960",2007.5,2007.5,2007.5
"10962",2005.5,2005.5,2005.5
"10963",2006,2006,2006
"10964",2005.5,2005.5,2005.5
"10965",2007,2007,2007
"10968",2005.5,2005.5,2005.5
"10969",2007.75,2007.75,2007.75
"10970",2005.5,2005.5,2005.5
"10973",2007.75,2007.75,2007.75
"10974",2008.25,2009.5,2012
"10975",2008.25,2008.25,2008.25
"10976",2005.5,2005.5,2005.5
"10977",2005.5,2005.5,2005.5
"10979",2008.25,2009.5,2012
"10980",2006.25,2006.25,2006.25
"10983",2005.5,2005.5,2005.5
"10984",2005.5,2005.5,2006.25
"10985",2010,2010,2010
"10986",2006.25,2006.25,2006.25
"10987",2008.25,2008.5,2010.5
"10988",2007.75,2007.75,2007.75
"10989",2007.5,2007.5,2007.5
"10990",2008.25,2008.5,2009.5
"10992",2007.75,2007.75,2007.75
"10993",2006.25,2006.25,2006.25
"10994",2005.5,2005.5,2005.5
"10996",2004,2010.75,2010.75
"10998",2007.75,2007.75,2007.75
"11001",2005,2005,2005
"11003",2005,2005,2005
"11004",2006,2006,2006
"11005",2006,2006,2006
"11010",2006,2006,2006
"11020",2006,2006,2006
"11021",2006,2006,2006
"11023",2006,2006,2006
"11024",2006,2006,2006
"11030",2006,2006,2006
"11040",2006,2006,2006.5
"11042",2006,2006,2006
"11050",2006,2006,2006
"11096",2005,2005,2005
"11101",2005,2005,2005
"11102",2005,2005,2005
"11103",2005,2005,2005
"11104",2005,2005,2005
"11105",2005,2005,2005
"11106",2005,2005,2005
"11109",2005,2005,2005
"11201",2005,2005,2005
"11203",2005,2005,2005
"11204",2009,2009,2009
"11205",2005,2005,2005
"11206",2005,2005,2005
"11207",2005,2005,2005
"11208",2005,2005,2005
"11209",2009,2009,2009
"11210",2005,2005,2005
"11211",2005,2005,2005
"11212",2005,2005,2005
"11213",2005,2005,2005
"11214",2009,2009,2009
"11215",2005,2005,2005
"11216",2005,2005,2005
"11217",2005,2005,2005
"11218",2005,2005,2005
"11219",2005,2005,2005
"11220",2005,2005,2005
"11221",2005,2005,2005
"11222",2005,2005,2005
"11223",2009,2009,2009
"11224",2009,2009,2009
"11225",2005,2005,2005
"11226",2005,2005,2005
"11228",2009,2009,2009
"11229",2009,2009,2009
"11230",2005,2009,2009
"11231",2005,2005,2005
"11232",2005,2005,2005
"11233",2005,2005,2005
"11234",2008.5,2009,2009
"11235",2009,2009,2009
"11236",2005,2005,2005
"11237",2005,2005,2005
"11238",2005,2005,2005
"11239",2005,2005,2005
"11351",2006,2006,2006
"11354",2006,2006,2006
"11355",2006,2006,2006
"11356",2006,2006,2006
"11357",2006,2006,2006
"11358",2006,2006,2006
"11359",2006,2006,2006
"11360",2006,2006,2006
"11361",2006,2006,2006
"11362",2006,2006,2006
"11363",2006,2006,2006
"11364",2006,2006,2006
"11365",2005,2005,2005
"11366",2005,2005,2005
"11367",2005,2005,2005
"11368",2005,2005,2006
"11369",2005,2005,2005
"11370",2005,2005,2005
"11371",2005,2005,2005
"11372",2005,2005,2005
"11373",2005,2005,2005
"11374",2005,2005,2005
"11375",2005,2005,2005
"11377",2005,2005,2005
"11378",2005,2005,2005
"11379",2005,2005,2005
"11385",2005,2005,2005
"11411",2005,2005,2005
"11412",2005,2005,2005
"11413",2005,2005,2005
"11414",2005,2005,2005
"11415",2005,2005,2005
"11416",2005,2005,2005
"11417",2005,2005,2005
"11418",2005,2005,2005
"11419",2005,2005,2005
"11420",2005,2005,2005
"11421",2005,2005,2005
"11422",2005,2005,2005
"11423",2005,2005,2005
"11424",2005,2005,2005
"11425",2009,2009,2009
"11426",2006,2006,2006
"11427",2005,2005,2005
"11428",2005,2005,2005
"11429",2005,2005,2005
"11430",2005,2005,2005
"11432",2005,2005,2005
"11433",2005,2005,2005
"11434",2005,2005,2005
"11435",2005,2005,2005
"11436",2005,2005,2005
"11451",2005,2005,2005
"11501",2006.5,2006.5,2006.5
"11507",2006.5,2006.5,2006.5
"11509",2007,2009,2009
"11510",2006,2006,2006
"11514",2006.5,2006.5,2006.5
"11516",2005,2005,2005
"11518",2006,2006,2006
"11520",2006,2006,2006
"11530",2006.5,2006.5,2006.5
"11542",2009.5,2010,2010
"11545",2006.5,2006.5,2006.5
"11547",2006.5,2006.5,2006.5
"11548",2006.5,2006.5,2006.5
"11549",2006.5,2006.5,2006.5
"11550",2006,2006,2006
"11552",2006,2006,2006
"11553",2006,2006,2006
"11554",2006.5,2006.5,2006.5
"11556",2006.5,2006.5,2006.5
"11557",2006,2006,2006
"11558",2006,2006,2006
"11559",2005,2005,2006
"11560",2010,2010,2010
"11561",2006,2006,2006
"11563",2006,2006,2006
"11565",2006,2006,2006
"11566",2006,2006,2006
"11568",2006.5,2006.5,2006.5
"11569",2006,2006,2006
"11570",2006,2006,2006
"11572",2006,2006,2006
"11575",2006,2006,2006
"11576",2006.5,2006.5,2006.5
"11577",2006.5,2006.5,2006.5
"11579",2006.5,2006.5,2006.5
"11580",2005,2005,2006
"11581",2005,2005,2005
"11590",2006.5,2006.5,2006.5
"11596",2006.5,2006.5,2006.5
"11598",2005,2005,2006
"11691",2005,2005,2005
"11692",2009,2009,2009
"11693",2008,2009,2009
"11694",2009,2009,2009
"11697",2009,2009,2009
"11701",2005.25,2006,2006.5
"11702",2006,2006.25,2006.5
"11703",2005.25,2005.25,2005.25
"11704",2005.25,2005.25,2005.25
"11705",2006.25,2006.25,2006.25
"11706",2005.75,2005.75,2005.75
"11709",2010,2010,2010
"11710",2006,2006,2006
"11713",2006,2006,2006
"11714",2005.25,2005.25,2005.25
"11715",2006.25,2006.25,2006.25
"11716",2005.75,2005.75,2005.75
"11717",2005.75,2005.75,2005.75
"11718",2005.75,2005.75,2005.75
"11719",2006,2006.75,2006.75
"11720",2006,2006,2006
"11721",2010,2010,2010
"11722",2005.75,2005.75,2005.75
"11724",2010,2010,2010
"11725",2006.25,2010,2010
"11726",2005.25,2006.5,2006.5
"11727",2006,2006,2006
"11729",2005.25,2005.25,2005.25
"11730",2005.75,2005.75,2005.75
"11731",2010,2010,2010
"11732",2006.5,2006.5,2006.5
"11733",2006.25,2006.25,2006.25
"11735",2005.25,2005.25,2005.25
"11738",2006,2006,2006
"11739",2005.75,2005.75,2005.75
"11740",2010,2010,2010
"11741",2006,2006,2006
"11742",2006,2006,2006
"11743",2010,2010,2010
"11746",2005.25,2005.25,2006.25
"11747",2005.25,2005.25,2005.25
"11749",2006,2006,2006
"11751",2005.75,2005.75,2005.75
"11752",2005.75,2005.75,2005.75
"11753",2006.5,2006.5,2006.5
"11754",2006,2006,2006
"11755",2006,2006,2006
"11756",2006.5,2006.5,2006.5
"11757",2005.25,2005.25,2005.25
"11758",2006.5,2006.5,2006.5
"11762",2006.5,2006.5,2006.5
"11763",2006,2006,2006
"11764",2006.25,2006.25,2006.25
"11765",2010,2010,2010
"11766",2006.25,2006.25,2006.25
"11767",2006,2006,2006
"11768",2010,2010,2010
"11769",2005.75,2005.75,2005.75
"11770",2005.75,2005.75,2006.25
"11771",2010,2010,2010
"11772",2006,2006,2006.25
"11776",2006,2006,2006.25
"11777",2006.25,2006.25,2006.25
"11778",2006.25,2006.25,2006.25
"11779",2006,2006,2006
"11780",2006,2006,2006
"11782",2006.25,2006.25,2006.25
"11783",2006.5,2006.5,2006.5
"11784",2006,2006,2006
"11786",2006.25,2006.25,2006.25
"11787",2006,2006,2006
"11788",2006,2006,2006
"11789",2006.25,2006.25,2006.25
"11790",2006,2006,2006
"11791",2006.5,2006.5,2006.5
"11792",2005.25,2005.25,2005.25
"11793",2006,2006.5,2006.5
"11794",2006,2006,2006
"11795",2005.75,2005.75,2005.75
"11796",2006.25,2006.25,2006.25
"11797",2005.25,2005.25,2006.5
"11798",2005.25,2005.25,2005.25
"11801",2006.5,2006.5,2006.5
"11803",2005.25,2005.25,2005.25
"11804",2005.25,2005.25,2005.25
"11901",2005.25,2005.25,2008.75
"11930",2006,2006,2006.25
"11931",2005.25,2008.75,2012.5
"11932",2006.25,2006.25,2006.25
"11933",2005.25,2005.25,2005.25
"11934",2006.75,2006.75,2006.75
"11935",2005.25,2005.25,2005.25
"11937",2006,2006,2006
"11939",2006.25,2006.25,2006.25
"11940",2006.75,2006.75,2006.75
"11941",2006.75,2006.75,2006.75
"11942",2006.25,2006.25,2008.75
"11944",2006.25,2006.25,2006.25
"11946",2006.25,2006.25,2008.75
"11947",2005.25,2008.75,2012.5
"11948",2005.25,2008.75,2012.5
"11949",2006.75,2006.75,2006.75
"11950",2006.75,2006.75,2006.75
"11951",2006.75,2006.75,2006.75
"11952",2005.25,2005.25,2005.25
"11953",2006,2006,2006
"11954",2006.25,2006.25,2006.25
"11955",2006.75,2006.75,2006.75
"11956",2005.25,2006.25,2006.25
"11957",2006.25,2006.25,2006.25
"11958",2005.25,2005.25,2006.25
"11959",2006.25,2006.25,2006.25
"11960",2006.25,2006.25,2006.25
"11961",2006,2006,2006.25
"11962",2006,2006,2006
"11963",2008,2008.75,2008.75
"11964",2008,2008.75,2008.75
"11965",2008,2008.75,2008.75
"11967",2006.75,2006.75,2006.75
"11968",2006.25,2006.25,2006.25
"11970",2005.25,2008.75,2012.5
"11971",2008,2008.75,2008.75
"11972",2006.25,2006.25,2006.75
"11973",2006.75,2006.75,2006.75
"11975",2006,2006,2006
"11976",2006.25,2006.25,2006.25
"11977",2006.25,2006.25,2006.25
"11978",2006.25,2006.25,2006.25
"11980",2006,2006,2006
"12007",2006,2006.25,2006.25
"12008",2006.5,2006.5,2006.5
"12009",2008,2009.25,2010.75
"12010",2007.75,2007.75,2008.25
"12015",2006,2006.25,2006.25
"12017",2005,2005,2005.5
"12018",2005.5,2007.5,2007.5
"12019",2006.5,2008.25,2008.25
"12020",2008.25,2008.25,2008.25
"12022",2005,2005.75,2007.5
"12023",2006.25,2009.25,2010.75
"12024",2003,2007.5,2007.5
"12025",2007.75,2007.75,2007.75
"12027",2006.5,2006.5,2006.5
"12028",2007.5,2009.5,2009.75
"12029",2005,2005,2005.5
"12031",2009.25,2009.25,2009.25
"12032",2011,9999,9999
"12033",2007.5,2007.5,2007.5
"12035",2009.25,2009.25,2009.25
"12036",2010.5,2010.5,2011.5
"12037",2005.5,2005.5,2007.5
"12040",2006.25,2007.5,2007.5
"12041",2005.75,2006.25,2006.25
"12042",2006,2006.25,2006.25
"12043",2008.25,2009.25,2009.25
"12045",2006.25,2007.5,2007.5
"12046",2006,2006.25,2006.25
"12047",2005.75,2006,2006
"12051",2006.25,2006.25,2006.25
"12052",2005.75,2006,2006.25
"12053",2009.25,2009.25,2009.25
"12054",2005.5,2005.5,2006.25
"12056",2009.25,2009.25,2009.25
"12057",2009.5,2009.75,2009.75
"12058",2006.25,2006.25,2006.25
"12059",2002.25,2006.25,2006.25
"12060",2005.5,2007.5,2007.5
"12061",2007.5,2007.5,2007.5
"12062",2003,2007.5,2007.5
"12063",2007.5,2007.5,2007.5
"12064",2008.25,2008.25,2008.25
"12065",2006,2006,2006
"12066",2009.25,2009.25,2009.25
"12067",2005.5,2006.25,2008.25
"12068",2010.25,2010.25,2010.25
"12069",2010.25,2010.25,2010.25
"12070",2006.5,2007.25,2007.75
"12071",2009.5,2010.5,2011.5
"12072",2009.25,2010.25,2010.25
"12074",2007.75,2007.75,2008.25
"12075",2006,2007.5,2007.5
"12076",2010.75,2010.75,2011.5
"12077",2005.5,2006.25,2007.5
"12078",2006.5,2006.5,2008.5
"12083",2006,2006,2006
"12084",2005.5,2005.5,2005.5
"12085",2008,2009.75,2010.75
"12086",2007.75,2007.75,2007.75
"12087",2006,2006.25,2006.25
"12089",2009.5,2009.75,2009.75
"12090",2007.5,2009.5,2009.75
"12092",2009.25,2009.25,2009.25
"12093",2010.5,2010.5,2011.5
"12094",2006.75,2006.75,2006.75
"12095",2006.5,2006.5,2009.5
"12106",2007.5,2007.75,2009.75
"12108",2011.25,2012,9999
"12110",2005.5,2005.5,2005.5
"12115",2007.5,2007.5,2007.5
"12116",2010.5,2010.5,2010.5
"12117",2008.25,2010.25,9999
"12118",2006.75,2010.5,2010.5
"12120",2006,2006,2006
"12121",2005.75,2005.75,2005.75
"12122",2010.75,2010.75,2010.75
"12123",2007.5,2007.5,2007.5
"12124",2006.25,2007.5,2007.75
"12125",2005.5,2005.5,2005.5
"12130",2007.5,2007.75,2009.75
"12131",2010.5,2011.5,2012
"12132",2007.5,2007.5,2007.5
"12134",2010.25,2011,9999
"12136",2005.5,2007.5,2007.5
"12137",2008,2008.25,2009
"12138",2005,2005.75,2006.25
"12139",9999,9999,9999
"12140",2009.75,2009.75,2009.75
"12143",2006,2006.25,2006.25
"12144",2007.5,2009.75,2009.75
"12147",2006,2006,2006
"12148",2006,2006,2006
"12149",2008.25,2008.25,2009.25
"12150",2006.5,2006.5,2006.5
"12151",2010.5,2010.5,2010.5
"12153",2005,2005.5,2006.25
"12154",2006.75,2006.75,2006.75
"12155",2010.5,2010.5,2010.5
"12156",2007.5,2007.5,2007.5
"12157",2009.25,2009.25,2009.5
"12158",2005.5,2007.5,2007.5
"12159",2005.5,2005.5,2005.5
"12160",2009.25,2009.25,2009.25
"12161",2005.5,2006,2009.75
"12164",2011,2011.25,2012
"12165",2005.5,2005.5,2007.5
"12166",2009.25,2009.25,2009.25
"12167",2010.5,2010.5,2011.5
"12168",2005.5,2005.75,2007.5
"12169",2005,2005.5,2006.5
"12170",2006.75,2010.5,2010.5
"12172",2006,2006,2006.25
"12173",2007.5,2007.75,2009.75
"12174",2007.5,2007.75,2009.75
"12175",2010.5,2010.5,2011.5
"12176",2006,2006.25,2006.25
"12177",2010.25,2010.25,2010.25
"12180",2005.75,2005.75,2005.75
"12182",2005.75,2005.75,2005.75
"12183",2005.75,2005.75,2009.75
"12184",2007.5,2007.5,2007.5
"12185",2006.25,2006.75,2006.75
"12186",2005.5,2006,2006.25
"12187",2009.25,2009.25,2009.5
"12188",2005.75,2005.75,2005.75
"12189",2006,2007.5,2009.75
"12190",2011,2012,9999
"12192",2006.25,2006.25,2006.25
"12193",2006,2006,2006
"12194",2010.5,2011.5,2012
"12195",2003,2007.5,2007.5
"12196",2009.75,2009.75,2009.75
"12197",2009.5,2010.5,2010.5
"12198",2009.75,2009.75,2009.75
"12202",2005.5,2005.5,2005.5
"12203",2005.5,2005.5,2005.5
"12204",2009.75,2009.75,2009.75
"12205",2005.5,2005.5,2005.5
"12206",2005.5,2005.5,2005.5
"12207",2005.5,2005.5,2009
"12208",2005.5,2005.5,2005.5
"12209",2005.5,2005.5,2005.5
"12210",2005.5,2005.5,2005.5
"12211",2005.5,2005.5,2005.5
"12222",2005.5,2005.5,2005.5
"12302",2006.5,2006.5,2006.5
"12303",2005.5,2006.25,2008
"12304",2005.5,2005.5,2005.5
"12305",2006.5,2006.5,2006.5
"12306",2006.5,2006.5,2006.5
"12307",2006.5,2006.5,2006.5
"12308",2006.5,2006.5,2006.5
"12309",2006,2006,2006
"12401",2005.25,2005.25,2005.75
"12404",2006,2008.75,2008.75
"12405",2006.25,2006.25,2006.25
"12406",2011.5,2012,9999
"12407",2006.25,2010.75,2011.5
"12409",2009.75,2009.75,2009.75
"12410",2012,9999,9999
"12411",2005.5,2005.75,2005.75
"12412",2009.75,2009.75,2009.75
"12413",2006.25,2006.25,2006.25
"12414",2006.25,2006.25,2009.75
"12416",2009.75,2009.75,2012
"12417",2005.5,2005.75,2005.75
"12418",2006.25,2006.25,2006.25
"12419",2005.5,2005.75,2005.75
"12420",2010,2010,2010
"12421",2011.5,2011.5,2011.5
"12422",2006,2006.25,2006.25
"12423",2006,2006,2006.25
"12424",2006.25,2006.25,2006.25
"12427",2009.5,2009.5,2009.75
"12428",2006.75,2006.75,2006.75
"12429",2006,2006,2006.5
"12430",2011.5,2011.5,2011.5
"12431",2006,2006.25,2006.25
"12432",2005.25,2005.25,2005.25
"12433",2009.75,2009.75,2009.75
"12434",2010.5,2011.5,2011.5
"12435",2006.75,2006.75,2006.75
"12436",2006.25,2009.5,2009.75
"12438",2011.5,2011.5,2011.5
"12439",2006.25,2006.25,2006.25
"12440",2005,2005.5,2005.75
"12441",2011.5,2011.5,2012
"12442",2009.75,2009.75,2011.5
"12443",2005.25,2005.25,2005.75
"12444",2009.75,2010.75,2011.5
"12446",2006,2008.5,2008.75
"12448",2009.75,2009.75,2009.75
"12449",2005.25,2005.25,2005.25
"12450",2009.5,2009.75,2010.75
"12451",2006.25,2009.75,2010.75
"12452",2009.75,2010.75,2011.5
"12453",2006.25,2006.25,2009.5
"12454",2006.25,2006.25,2006.25
"12455",2011.5,2012.25,9999
"12456",2005.25,2005.25,2005.25
"12457",2009.75,2009.75,2009.75
"12458",2006.75,2006.75,2006.75
"12459",2012.25,2012.25,2012.25
"12460",2006,2006,2006
"12461",2008.75,2008.75,2008.75
"12463",2006.25,2006.25,2009.5
"12464",2012,9999,9999
"12465",2011.5,2011.5,2011.5
"12466",2005.5,2005.75,2005.75
"12468",2010.5,2011.5,2011.5
"12469",2010.75,2010.75,2010.75
"12470",2006.25,2006.25,2006.25
"12471",2005.5,2005.75,2005.75
"12472",2005.5,2005.75,2005.75
"12473",2006.25,2006.25,2006.25
"12474",2011.5,2011.5,2011.5
"12475",2005.25,2005.25,2005.25
"12477",2005.25,2005.25,2006.25
"12480",2009.75,2011.5,9999
"12481",2009.75,2009.75,2009.75
"12482",2006.25,2009.75,2010.75
"12483",2005.5,2005.5,2005.5
"12484",2008.5,2008.75,2008.75
"12485",2009.5,2009.75,2010.75
"12486",2005.5,2005.75,2005.75
"12487",2005.5,2005.75,2006
"12489",2005.5,2005.75,2006.75
"12490",2006.25,2006.25,2009.5
"12491",2007.75,2008.75,2009.5
"12492",2009.75,2010.75,2011.5
"12493",2006,2006,2007.75
"12494",2008.75,2008.75,2008.75
"12495",2009.75,2009.75,2009.75
"12496",2006.25,2006.25,2010.75
"12498",2005.25,2008.75,2009.5
"12501",2006.5,2007.75,2008
"12502",2005,2007.75,2007.75
"12503",2005,2007.75,2007.75
"12504",2005.25,2006,2008.25
"12507",2006,2007.75,2009
"12508",2007.25,2007.75,2008.5
"12512",2005.5,2007.25,2007.5
"12513",2006,2006,2006.25
"12514",2007.75,2008.25,2008.25
"12515",2005,2005,2005
"12516",2005,2007.75,2007.75
"12517",2005.5,2007.75,2007.75
"12518",2004,2010.75,2010.75
"12520",2004,2010.75,2010.75
"12521",2005.25,2007.5,2007.75
"12522",2006.5,2006.5,2006.5
"12523",2005.25,2005.25,2007.75
"12524",2005.75,2007.5,2007.5
"12525",2005,2005.5,2005.5
"12526",2005.25,2005.25,2007.75
"12527",2005.5,2007.25,2007.5
"12528",2005,2005,2005
"12529",2007.5,2007.5,2011.75
"12530",2006,2006,2006.25
"12531",2007.75,2007.75,2007.75
"12533",2007.75,2007.75,2007.75
"12534",2006,2006.25,2006.25
"12538",2007.75,2007.75,2007.75
"12540",2005.25,2005.25,2005.25
"12542",2005.5,2006.25,2007.5
"12543",2007.75,2007.75,2007.75
"12545",2008.25,2008.25,2008.25
"12546",2007.75,2007.75,2008.75
"12547",2005,2005,2005
"12548",2005,2005,2005.5
"12549",2007.75,2010,2010
"12550",2005.5,2005.5,2005.5
"12553",2007.75,2007.75,2007.75
"12561",2005,2005,2005
"12563",2008,2010.25,2011
"12564",2006.5,2006.5,2006.5
"12565",2007.5,2007.5,2011.75
"12566",2010,2010,2010
"12567",2007.75,2007.75,2007.75
"12569",2005.25,2005.25,2005.25
"12570",2005.25,2005.25,2005.25
"12571",2007.75,2009,2009.75
"12572",2007.75,2007.75,2008.5
"12574",2006,2006.5,2007.75
"12575",2007.75,2007.75,2007.75
"12577",2007.75,2007.75,2007.75
"12578",2007.75,2007.75,2007.75
"12580",2007.75,2007.75,2007.75
"12581",2007.75,2007.75,2007.75
"12582",2007.75,2007.75,2007.75
"12583",2005.25,2007.75,2007.75
"12585",2005.25,2005.25,2005.25
"12586",2005.5,2005.5,2005.5
"12589",2005.5,2005.5,2005.5
"12590",2005.25,2005.5,2007.25
"12592",2005.75,2005.75,2005.75
"12594",2006.5,2006.5,2006.5
"12601",2005,2005,2005
"12603",2005,2005,2005
"12604",2005,2005,2005
"12701",2005.75,2005.75,2005.75
"12719",2006.25,2006.5,2007
"12720",2010.5,2010.5,2012
"12721",2006,2006,2007.75
"12722",2010,2010,2010
"12723",2006.75,2009.5,2010.5
"12724",2005.75,2005.75,2005.75
"12725",2012,2012,2014.5
"12726",2010.5,2010.5,2010.5
"12729",2006,2006,2006.25
"12732",2006.5,2007,2007
"12733",2005.75,2005.75,2008.75
"12734",2005.75,2005.75,2006
"12736",2005.75,2005.75,2005.75
"12737",2007,2008,2008
"12738",2005.5,2005.5,2005.5
"12740",2008.75,2010,2011
"12741",2005.75,2005.75,2005.75
"12742",2005.75,2005.75,2005.75
"12743",2006.5,2007,2007
"12745",2005.75,2008,2010.5
"12746",2007,2007.75,2008
"12747",2006,2008.75,2010
"12748",2005.75,2008,2010.5
"12749",2010.5,2010.5,2012
"12750",2010.5,2010.5,2010.5
"12751",2005.75,2005.75,2005.75
"12752",2009.5,2010.5,2010.5
"12754",2005.75,2006,2008.75
"12758",2005.75,2005.75,2009.25
"12759",2006.75,2008.75,2010
"12760",2009.5,2011,2015.75
"12762",2008,2009.25,2010.5
"12763",2005.5,2005.5,2005.5
"12764",2006.25,2007,2007.5
"12765",2006.75,2008.75,2010
"12766",2005.75,2005.75,2005.75
"12767",2005.75,2005.75,2005.75
"12768",2005.75,2006.75,2010
"12769",2005.5,2005.5,2005.5
"12770",2006.25,2006.25,2007
"12771",2007.75,2007.75,2007.75
"12775",2005.5,2005.5,2005.75
"12776",2008.25,2009.5,2009.5
"12777",2008,2008,2008
"12778",2010.5,2010.5,2012
"12779",2005.75,2005.75,2005.75
"12780",2007,2007,2007
"12781",2005.5,2005.5,2005.5
"12783",2008,2010.5,2010.5
"12784",2005.75,2005.75,2005.75
"12785",2006,2006,2006
"12786",2009.25,2010.5,2012
"12787",2005.75,2005.75,2005.75
"12788",2006.75,2008.75,2009.25
"12789",2005.5,2005.75,2005.75
"12790",2005.5,2005.5,2005.75
"12791",2005.75,2005.75,2005.75
"12792",2006.5,2007,2007
"12801",2006,2006,2006
"12803",2006,2006,2006
"12804",2005.25,2005.25,2006
"12808",2010,2010,2010
"12809",2009.5,2009.5,2009.5
"12810",2011,2011.25,2015
"12811",2010,2011.25,2011.25
"12812",2010.75,2010.75,2010.75
"12814",2006.75,2006.75,2010
"12815",2010,2010,2010
"12816",2008.75,2009.75,2009.75
"12817",2010,2010,2010
"12819",2006.75,2009.25,2011
"12821",2009.25,2009.25,2012.25
"12822",2007.25,2007.25,2007.25
"12823",2009.5,2009.5,2009.5
"12824",2006.75,2006.75,2006.75
"12827",2006.75,2006.75,2007.25
"12828",2007.5,2009.5,2009.5
"12831",2006,2006,2006
"12832",2005.25,2007,2009.25
"12833",2007.75,2008.25,2008.75
"12834",2005.25,2005.25,2005.25
"12835",2008.5,2013,2016.75
"12836",2009,2010,2011
"12837",2005,2005,2009.25
"12838",2007.5,2008.75,2009.5
"12839",2005.25,2005.25,2006
"12841",2006.75,2010,2011
"12842",2010.75,2011,2012
"12843",2011,2011.25,2011.25
"12844",2006.75,2006.75,2006.75
"12845",2005.25,2005.25,2006.75
"12846",2007.25,2007.25,2007.25
"12847",2010.75,2010.75,9999
"12849",2005,2005,2005
"12850",2008.25,2008.25,2008.25
"12851",2011,2011.5,9999
"12852",2011,2015.25,9999
"12853",2011,2011,2011.25
"12855",2010,2010.5,2011.25
"12856",2011,2011.25,2012
"12857",2010,2011,2012
"12858",2010,2010,2010.5
"12859",2007.75,2008,2008.75
"12860",2010,2010,2011
"12861",2009,2009,2009
"12862",2010,2011,2011
"12863",2008.25,2008.25,2008.25
"12864",2010,2010.75,2012
"12865",2009.5,2009.75,2010.75
"12866",2009.75,2010.5,2010.5
"12870",2010,2010,2010
"12871",2005.25,2005.25,2005.75
"12872",2010,2010,2010
"12873",2009.5,2009.75,2010.75
"12874",2006.75,2011,2011
"12878",2011,2011.25,9999
"12883",2009,2009,2011
"12884",2005.25,2005.25,2005.25
"12885",2006.75,2006.75,2007.25
"12886",2010,2011,2011.25
"12887",2009.25,2009.25,2011.75
"12901",2005,2005,2005
"12903",2005,2005,2005
"12910",2008.75,2008.75,2008.75
"12911",2010,2010,2010.25
"12912",2010.75,2010.75,2011.75
"12913",2011.75,2011.75,2011.75
"12914",2007,2007,2007
"12916",2007,2007,2007
"12917",2003.75,2003.75,9999
"12918",2008.75,2008.75,2008.75
"12919",2009,2009,2009
"12920",2009,2009,2009
"12921",2009,2009,2009
"12922",2011.25,2011.25,2013.75
"12923",2009,2009,2009
"12924",2010,2010,2010
"12926",2007,2007,2011.5
"12927",2013.75,2013.75,2013.75
"12928",2010,2010,2010.5
"12929",2008.75,2008.75,2008.75
"12930",2007,2009,9999
"12932",2010,2010.5,2010.5
"12933",2008.75,2008.75,2008.75
"12934",2008.75,2009,2009
"12935",2008.75,2008.75,2009
"12936",2005.5,2005.5,2005.5
"12937",2007,2007,2007
"12939",2011.75,2011.75,2011.75
"12941",2010.5,2010.5,2010.75
"12942",2010.5,2010.5,2010.5
"12943",2010.5,2011.25,2011.25
"12944",2008.75,2008.75,2010
"12945",2011.75,2011.75,2012.75
"12946",2011.25,2011.75,2012.75
"12950",2010,2010,2010.25
"12952",2009,2011,2014.5
"12953",2011.75,2012.75,2017.75
"12955",2009,2009,2017.75
"12956",2005.5,2005.5,2005.5
"12957",2007,2007,2007
"12958",2009,2009,2009
"12959",2009,2009,2009
"12960",2009,2010,2010
"12961",2005.5,2005.5,2010
"12962",2008.75,2008.75,2008.75
"12964",2010,2010,2010
"12965",2007,2009,2009
"12966",2007,2007,2011.5
"12967",2007,2007,2007
"12969",2017.75,2017.75,2017.75
"12970",2011.75,2011.75,2016.75
"12972",2010,2010.25,2010.75
"12973",2011.25,2011.25,2011.25
"12974",2005.5,2005.5,2005.5
"12975",2010,2010,2010.25
"12976",2011.75,2011.75,2011.75
"12977",2011.75,2012.75,2012.75
"12978",2011.75,2011.75,9999
"12979",2009,2009,2009
"12980",2012.75,9999,9999
"12981",2011.75,2011.75,2012.75
"12983",2011.75,2011.75,2012.75
"12985",2010.75,2010.75,2010.75
"12986",2010.75,2011.25,2011.25
"12987",2010.5,2010.5,2010.5
"12989",2011.75,2012.75,2017.75
"12992",2008.75,2008.75,2008.75
"12993",2005.5,2005.5,2010
"12996",2005.5,2005.5,2008.75
"12997",2010.75,2011.75,2011.75
"12998",2008.75,2010,2010
"13020",2006.5,2006.5,2006.5
"13021",2006.5,2006.5,2006.5
"13024",2006.5,2006.5,2006.5
"13026",2005,2005.25,2006.5
"13027",2006.5,2006.5,2006.5
"13028",2008.25,2008.75,2008.75
"13029",2005.25,2005.25,2005.25
"13030",2005.25,2005.25,2006.5
"13031",2005.25,2005.75,2007
"13032",2006.75,2007.25,2007.5
"13033",2009.5,2010.25,2010.75
"13034",2005,2005.25,2006.5
"13035",2005.25,2005.25,2006.5
"13036",2005.25,2005.25,2005.25
"13037",2005.25,2005.25,2006.5
"13039",2005.25,2005.25,2005.25
"13040",2007.75,2009,2009.5
"13041",2005.25,2005.25,2005.5
"13042",2007,2007.25,2008.75
"13044",2008.75,2008.75,2008.75
"13045",2005.25,2005.25,2005.25
"13051",2007.75,2007.75,2009.5
"13052",2007.75,2007.75,2007.75
"13053",2008.75,2009.75,2009.75
"13054",2007.25,2008.25,2008.25
"13057",2005.25,2005.25,2005.25
"13060",2005.25,2005.25,2005.25
"13061",2007.25,2009,2009
"13062",2006.25,2006.25,2006.25
"13063",2007.75,2007.75,2009.5
"13064",2010.25,2010.75,2012.75
"13066",2005.25,2005.25,2005.25
"13068",2006.25,2006.25,2006.25
"13069",2005.25,2005.25,2005.25
"13071",2006.5,2006.5,2006.5
"13072",2007.75,2009,2009
"13073",2008.75,2009,2009
"13074",2009.5,2010.25,2010.75
"13076",2005.25,2005.25,2005.25
"13077",2006.25,2006.25,2006.25
"13078",2005.75,2005.75,2005.75
"13080",2005.25,2005.25,2005.25
"13081",2006.5,2006.5,2006.5
"13082",2005.75,2007.25,2007.5
"13083",2010.5,2010.5,2011.25
"13084",2006.5,2006.5,2007
"13087",2006.25,2006.25,2006.25
"13088",2005.25,2005.25,2005.5
"13090",2005.25,2005.5,2006.5
"13092",2008.75,2009,2009
"13101",2009,2009.5,2009.5
"13102",2005.25,2005.25,2005.25
"13103",2008.75,2008.75,2008.75
"13104",2005.25,2005.25,2005.25
"13108",2006.5,2007,2007.75
"13110",2000,2000,2008.75
"13111",2010.25,2010.25,2010.25
"13112",2005.25,2005.25,2005.25
"13113",2008.75,2010.75,2010.75
"13114",2008.75,2009.5,2009.5
"13115",2005.25,2005.25,2005.25
"13116",2005.25,2005.25,2005.25
"13117",2005.25,2005.25,2009
"13118",2006.25,2006.5,2009
"13120",2005.75,2005.75,2006.5
"13122",2007.75,2009,2009
"13123",2007,2007.5,2008.25
"13124",2007.75,2007.75,2007.75
"13126",2009.5,2009.5,2009.5
"13131",2010.5,2010.75,2010.75
"13132",2005.25,2005.25,2005.25
"13134",2005.25,2006.5,2007
"13135",2005.25,2005.25,2005.5
"13136",2007.75,2007.75,2007.75
"13138",2007.75,2007.75,2009.5
"13140",2008.25,2009,2010.25
"13141",2006.25,2006.25,2006.25
"13142",2009.5,2009.5,2011.25
"13143",2010.25,2010.25,2010.25
"13144",2010.5,2011.25,2011.25
"13145",2009.5,2009.5,2009.5
"13146",2006.5,2008.25,2009
"13147",2005.25,2005.25,2006.5
"13148",2005,2005,2005.25
"13152",2006.5,2007,2008.25
"13153",2005.25,2005.25,2005.25
"13155",2007.75,2007.75,2007.75
"13156",2010.25,2010.75,2010.75
"13157",2007.25,2008.25,2008.25
"13158",2009,2009.5,2009.5
"13159",2006.25,2006.5,2006.5
"13160",2005,2005,2006.5
"13162",2007.25,2008.25,2008.25
"13163",2007.25,2008.25,2008.25
"13164",2005.25,2005.75,2007
"13165",2005,2005,2005
"13166",2005.25,2005.25,2005.25
"13167",2008.75,2008.75,2008.75
"13202",2005.75,2005.75,2005.75
"13203",2005.75,2005.75,2005.75
"13204",2005.75,2005.75,2005.75
"13205",2005.75,2005.75,2005.75
"13206",2005.25,2005.75,2005.75
"13207",2005.75,2005.75,2005.75
"13208",2005.75,2005.75,2005.75
"13209",2005.25,2005.75,2006.5
"13210",2005.75,2005.75,2005.75
"13211",2005.25,2005.25,2005.25
"13212",2005.25,2005.25,2005.25
"13214",2005.75,2005.75,2005.75
"13215",2005.75,2005.75,2006.5
"13219",2005.25,2005.75,2006.5
"13224",2005.75,2005.75,2005.75
"13290",2005.75,2005.75,2005.75
"13301",2008.25,2008.25,2008.25
"13302",2010.5,2010.75,2011.5
"13303",2005,2005,2005.25
"13304",2007.25,2007.25,2008.25
"13305",2010,2010,2010.25
"13308",2007.25,2008.25,2008.25
"13309",2007.75,2008.25,2008.25
"13310",2006.75,2006.75,2007.25
"13312",2007.75,2010,2010
"13313",2006.25,2006.25,2007
"13314",2007.75,2008.75,2010.25
"13315",2006,2006,2006
"13316",2010.25,2010.5,2011.25
"13317",2009.5,2009.5,2009.5
"13318",2006.25,2006.25,2006.5
"13319",2006.75,2006.75,2006.75
"13320",2009.5,2009.5,2009.5
"13321",2006.75,2006.75,2006.75
"13322",2006.25,2006.5,2006.5
"13323",2006.75,2006.75,2006.75
"13324",2011.25,2015.25,9999
"13325",2010,2010.5,2014.25
"13326",2008.75,2009.5,2010.5
"13327",2010,2010,2010
"13328",2006.75,2007,2007
"13329",2010.25,2010.25,2011
"13331",9999,9999,9999
"13332",2007.75,2008,2009
"13333",2008.75,2009.5,2009.5
"13334",2008,2009,2009
"13335",2006,2006,2006
"13337",2008.75,2008.75,2008.75
"13338",2008.25,2008.25,9999
"13339",2009.5,2010.25,2011
"13340",2006.5,2006.5,2006.5
"13341",2006.75,2006.75,2006.75
"13342",2006,2006,2006
"13343",2007.75,2007.75,2010
"13345",2010,2010,2010
"13346",2007.75,2008,2009
"13348",2008.75,2008.75,2008.75
"13350",2007,2007.25,2008.75
"13352",2007.25,2008.25,2008.25
"13353",9999,9999,9999
"13354",2007.25,2007.25,2008.25
"13355",2007.75,2008.75,2010.25
"13357",2006.5,2006.5,2006.5
"13360",2010.75,9999,9999
"13361",2008.75,2008.75,2009.5
"13362",2006.75,2006.75,2007.25
"13363",2005,2005.25,2005.25
"13364",2006,2006,2006
"13365",2008.75,2011,2015.25
"13367",2010,2015.5,2015.75
"13368",2010,2010,2010
"13402",2006.75,2006.75,2007.25
"13403",2008.25,2008.25,2011.25
"13404",2010,2010,2010
"13406",2007.25,2007.25,2007.25
"13407",2007.25,2008.75,2008.75
"13408",2006.5,2006.75,2007.25
"13409",2006.75,2007,2007.25
"13410",2009.5,2010.25,2010.25
"13411",2008,2008,2008
"13413",2006.75,2006.75,2006.75
"13415",2006,2006,2008.75
"13416",2007.25,2007.25,2008.25
"13417",2006.75,2006.75,2006.75
"13418",2007,2007,2007.75
"13420",2008.25,2008.25,2010
"13421",2007.25,2008.25,2008.25
"13424",2007.25,2007.25,2008.25
"13425",2006.75,2007,2007.25
"13428",2009.5,2010.25,2010.25
"13431",2007.25,2007.25,2008.25
"13433",2010,2010,2010
"13435",2005.25,2007.25,2007.25
"13436",2010.75,9999,9999
"13437",2010.5,2010.5,2011.25
"13438",2007.25,2007.25,2008.25
"13439",2007,2008.75,2008.75
"13440",2007.25,2007.25,2007.25
"13441",2007.25,2007.25,2007.25
"13450",2010.5,2010.5,2011
"13452",2010.25,2010.25,2011
"13454",2011,2015.25,9999
"13456",2006.75,2006.75,2006.75
"13459",2009.5,2009.5,2009.5
"13460",2008,2008,2008
"13461",2008.25,2008.25,2008.25
"13464",2006.25,2006.25,2006.25
"13468",2008.75,2009.5,2009.5
"13469",2008.25,2008.25,2011.25
"13470",2011,2011,9999
"13471",2008.25,2010.5,2011.25
"13472",2008.25,2008.25,2010
"13473",2010,2010,2010.5
"13475",2008.75,2009.5,2009.5
"13476",2008.25,2008.25,2008.25
"13477",2008.25,2008.25,2008.25
"13478",2007.25,2008.25,2008.25
"13480",2006.25,2006.75,2007
"13483",2010.5,2010.5,2011.25
"13484",2008,2009,2009
"13485",2007,2007.75,2009.5
"13486",2005,2005.25,2005.25
"13488",2009.5,2010.5,2011
"13489",2007.25,2010.5,2011.25
"13490",2008.25,2008.25,2008.25
"13491",2006.25,2006.25,2006.25
"13492",2006.75,2006.75,2006.75
"13493",2010.5,2010.5,2011.25
"13494",2008.25,2008.25,2008.25
"13495",2006.75,2006.75,2006.75
"13501",2006.75,2006.75,2006.75
"13502",2007.25,2007.25,2008.25
"13601",2008.75,2010.25,2010.25
"13602",2009,2009,2010.25
"13603",2010.25,2010.25,2010.25
"13605",2006.25,2006.25,2010.25
"13606",2006.25,2008.75,2010.25
"13607",2004.25,2004.5,2009
"13608",2008.75,2009,2009
"13612",2009,2009,2009
"13613",2007,2008.25,2009
"13614",2002.5,9999,9999
"13615",2000,2008.75,2008.75
"13616",2010.25,2010.25,2010.25
"13617",2009.25,2009.25,2009.5
"13618",2010.75,2010.75,2010.75
"13619",2009,2009,2009
"13620",2010,2010,2010
"13621",2008.25,2008.25,2008.25
"13622",2008.75,2009,2010.75
"13623",2006.5,2006.5,2006.5
"13624",2005,2008.75,2010.75
"13625",2009.25,2009.5,2009.5
"13626",2010,2010,2010.75
"13628",2009,2009,2009
"13630",2009.25,2009.25,2009.5
"13633",2006.5,2006.5,2006.5
"13634",2000,2008.75,2009
"13635",2006.5,2006.5,2008.5
"13636",2006.25,2006.25,2006.25
"13637",2010.25,2010.25,2010.25
"13638",2009,2009,2009
"13639",2005.25,2008.5,2008.5
"13640",2004.25,2004.25,2004.5
"13641",2004.25,2004.25,2004.5
"13642",2008.5,2008.5,2008.5
"13643",2009,2009,2009
"13646",2006.5,2006.5,2006.5
"13647",2009.25,2009.25,2009.5
"13648",2009,2010,2010
"13650",2006.25,2006.25,2006.25
"13651",2006.25,2010.25,2010.25
"13652",2005.25,2005.25,2005.25
"13654",2006.5,2006.5,2006.5
"13655",2007,2007,2007
"13656",2008.75,2009,2010.25
"13658",2009.25,2009.25,2009.25
"13659",2010.5,2010.5,2010.75
"13660",2009,2009.25,2009.25
"13661",2006.25,2006.25,2006.25
"13662",2008.25,2008.25,2009
"13664",2002.5,9999,9999
"13665",2009,2010,2010
"13666",2013.75,2015.75,2015.75
"13667",2008.25,2008.25,2009
"13668",2009,2009,2009.25
"13669",2006.5,2006.5,2017
"13670",2011.25,2015.75,2015.75
"13672",2011.25,2013.75,9999
"13673",2008.75,2008.75,2009
"13674",2006.25,2006.25,2006.25
"13675",2009,2009,2009
"13676",2009.25,2009.25,2009.25
"13677",2005.25,2005.25,2005.25
"13678",2008.25,2008.25,2008.25
"13679",2008.75,2008.75,2009
"13680",2009.25,2009.25,2009.25
"13681",2006.5,2006.5,2008.5
"13682",2005,2006.25,2008.75
"13684",2008.5,2009.5,2013.75
"13685",2006.25,2010.25,2010.75
"13687",2011.25,2011.25,2013.75
"13690",2015.75,9999,9999
"13691",2009,2009,2010.25
"13692",2004.25,2004.25,2004.5
"13693",2010.75,2010.75,2010.75
"13694",2009,2009,2009
"13695",2015.75,9999,9999
"13696",2009,2009.25,2009.25
"13697",2009,2009,2009.25
"13730",2006,2006,2006
"13731",2012.25,2012.25,9999
"13732",2006,2006.5,2006.75
"13733",2006,2006,2006
"13734",2007.25,2009.75,2009.75
"13736",2007.25,2009.75,2009.75
"13739",2010.5,2011.5,2012.25
"13740",2012.25,2012.25,2012.25
"13743",2009.75,2009.75,2009.75
"13744",2007.75,2007.75,2007.75
"13746",2007.25,2007.75,2007.75
"13748",2006,2006,2006
"13750",2010.5,2010.5,2012.25
"13751",2011.5,2012.25,2012.25
"13752",2008.25,2008.25,2015.5
"13753",2008.25,2008.25,2010.5
"13754",2006.75,2007.25,2009
"13755",2009.5,2009.5,2015.5
"13756",2009.5,2011,2015.75
"13757",2010.5,2012.25,2012.25
"13760",2006.75,2006.75,2006.75
"13774",2009.5,2015.75,9999
"13775",2008.25,2008.25,2015.5
"13776",2011.5,2011.5,2011.5
"13777",2006.75,2007.25,2007.75
"13778",2007.75,2007.75,2007.75
"13780",2006.25,2006.25,2006.25
"13782",2008.25,2012.25,2015.5
"13783",2009.5,2015.5,2015.75
"13784",2009.75,2009.75,2009.75
"13786",2010.5,2010.5,2012.25
"13787",2006,2006,2006.75
"13788",2010.5,2010.5,2012.25
"13790",2006.75,2006.75,2007.25
"13794",2005,2005,2005
"13795",2006,2006,2006.75
"13796",2009.5,2010.5,2011
"13797",2005,2005,2006.75
"13801",2007.75,2007.75,2007.75
"13802",2005,2006.75,2006.75
"13803",2005,2005,2006.5
"13804",2006,2006,2015.5
"13806",2010.5,2012.25,2012.25
"13807",2009.5,2010.5,2011
"13808",2009.75,2011.5,2011.5
"13809",2006.25,2006.25,2006.25
"13810",2008.75,2009.5,2010.5
"13811",2006.75,2007.25,2008.75
"13812",2009.75,2009.75,2009.75
"13813",2006,2006,2006
"13815",2006.25,2006.25,2007.75
"13820",2006.75,2006.75,2009.5
"13825",2010.25,2011.5,2011.5
"13826",2006.5,2006.75,2006.75
"13827",2007.25,2009.75,2009.75
"13830",2006.25,2007.75,2007.75
"13832",2006.25,2007.75,2007.75
"13833",2006,2006,2006.75
"13834",2009.5,2010.25,2011
"13835",2006.5,2006.75,2009.75
"13838",2008.5,2009.5,2009.75
"13839",2009.5,2009.75,2009.75
"13841",2008.25,2008.75,2008.75
"13842",2010.5,2010.5,2012.25
"13843",2007.75,2008,2009.75
"13844",2006.25,2006.25,2007.75
"13845",2009.75,2009.75,2009.75
"13846",2008.25,2008.25,2008.25
"13847",2006,2006,2015.5
"13849",2009.75,2009.75,2009.75
"13850",2006.75,2009,2009.75
"13856",2008.25,2008.25,2015.5
"13859",2009.75,2009.75,2009.75
"13860",2011.5,2012.25,2012.25
"13861",2006.75,2008,2011.5
"13862",2007.75,2007.75,2008.75
"13863",2008.25,2008.25,2008.75
"13864",2009.75,2009.75,2009.75
"13865",2006,2006.75,2006.75
"13901",2007.25,2007.75,2008.5
"13902",2006.75,2007.25,2008.75
"13903",2008.5,2009.75,2009.75
"13904",2006,2006.75,2007
"13905",2007.25,2007.75,2008.5
"14001",2006.75,2006.75,2006.75
"14004",2005.25,2005.25,2005.25
"14005",2006.75,2008,2008
"14006",2005.75,2005.75,2005.75
"14008",2005.5,2007.75,2007.75
"14009",2007.5,2007.5,2007.5
"14011",2005,2005,2005.25
"14012",2005.75,2005.75,2006.75
"14013",2006.75,2006.75,2008
"14020",2006,2006,2008
"14024",2005.5,2005.5,2007.5
"14025",2003.25,2010.25,2010.25
"14026",2005.5,2006.75,2007.25
"14028",2005.25,2005.5,2006.75
"14030",2005.5,2005.5,2005.5
"14031",2006.75,2007.75,2008.25
"14032",2005.5,2008.25,2008.25
"14033",2006.25,2006.25,2006.25
"14034",2006.25,2007.75,2007.75
"14035",2006,2006.25,2006.25
"14036",2006.75,2006.75,2006.75
"14037",2005.25,2005.25,2005.25
"14039",2009,2009.75,2009.75
"14040",2005.25,2005.25,2005.25
"14041",2006.25,2007.75,2007.75
"14042",2006.25,2007.5,2009
"14043",2005.5,2006.75,2007.25
"14047",2005.75,2005.75,2005.75
"14048",2006.25,2006.25,2006.25
"14051",2006.75,2008.25,2008.25
"14052",2006.25,2006.25,2009.75
"14054",2006,2006,2006
"14055",2005.5,2005.5,2005.5
"14057",2005.75,2005.75,2005.75
"14058",2005.75,2005.75,2005.75
"14059",2005.25,2005.5,2006.25
"14060",2009.5,2009.5,2009.75
"14061",2006,2008.25,2010.75
"14062",2006,2006,2006
"14063",2006,2006.25,2007
"14065",2005.5,2007.5,2007.5
"14066",2006.75,2007.75,2009
"14067",2005.25,2005.25,2005.5
"14068",2005.5,2006.75,2008.25
"14069",2005.5,2005.5,2005.5
"14070",2007.75,2007.75,2007.75
"14072",2005.25,2005.25,2005.5
"14075",2007.75,2007.75,2007.75
"14080",2005.5,2005.5,2009
"14081",2006,2006,2006
"14082",2006.75,2007.5,2007.75
"14085",2007.75,2007.75,2007.75
"14086",2005.5,2005.5,2007.25
"14091",2005.75,2005.75,2007.75
"14092",2007.75,2007.75,2007.75
"14094",2005.25,2005.25,2005.25
"14098",2005.75,2005.75,2005.75
"14101",2006.25,2007.5,2007.75
"14102",2005.25,2005.25,2005.25
"14103",2005.75,2005.75,2005.75
"14105",2005.75,2006.75,2008.25
"14108",2005.5,2006.75,2006.75
"14109",2007.75,2007.75,2007.75
"14111",2005.75,2005.75,2005.75
"14112",2007.75,2007.75,2007.75
"14113",2006.75,2007.5,2007.75
"14120",2005.5,2005.5,2005.5
"14125",2005.75,2005.75,2005.75
"14126",2005.25,2005.25,2005.25
"14127",2006.25,2006.25,2006.25
"14129",2007.75,2007.75,2007.75
"14130",2005.5,2005.5,2005.5
"14131",2006.75,2006.75,2006.75
"14132",2006.75,2006.75,2006.75
"14134",2005.5,2005.5,2005.5
"14135",2006,2006,2006
"14136",2006,2006,2006
"14138",2006.25,2006.25,2006.25
"14139",2009.75,2009.75,2009.75
"14141",2006,2006.25,2007.75
"14143",2006,2006,2006
"14145",2007.75,2007.75,2007.75
"14150",2005.5,2005.5,2005.5
"14167",2005.5,2006.75,2007.75
"14168",2007.75,2007.75,2007.75
"14169",2009.75,2009.75,2009.75
"14170",2006.25,2006.25,2006.25
"14171",2006.25,2006.25,2007.5
"14172",2005.25,2005.25,2006.75
"14173",2005.5,2005.5,2005.5
"14174",2007.75,2007.75,2007.75
"14201",2005.5,2005.5,2005.5
"14202",2005.5,2005.5,2005.5
"14203",2005.5,2005.5,2005.5
"14204",2005.5,2005.5,2005.5
"14206",2005.5,2005.5,2005.5
"14207",2005.5,2005.5,2005.5
"14208",2005.5,2005.5,2005.5
"14209",2005.5,2005.5,2005.5
"14210",2005.5,2005.5,2005.5
"14211",2005.5,2005.5,2005.5
"14212",2005.5,2005.5,2005.5
"14213",2005.5,2005.5,2005.5
"14214",2005.5,2005.5,2005.5
"14215",2005.5,2005.5,2005.5
"14216",2005.5,2005.5,2005.5
"14217",2005.5,2005.5,2005.5
"14218",2005.75,2006.25,2007.75
"14219",2007.75,2007.75,2007.75
"14220",2005.5,2005.5,2005.5
"14221",2005.5,2007.25,2008.25
"14222",2005.5,2005.5,2005.5
"14223",2005.5,2005.5,2005.5
"14224",2005.5,2006.25,2007.25
"14225",2005.5,2006.25,2007.25
"14226",2005.5,2005.5,2005.5
"14227",2005.5,2006.75,2007.25
"14228",2005.5,2005.5,2005.5
"14261",2005.5,2005.5,2005.5
"14301",2005.25,2005.25,2005.25
"14302",2005.25,2005.25,2005.25
"14303",2005.25,2005.25,2005.25
"14304",2005.25,2005.25,2005.5
"14305",2005.25,2005.25,2005.25
"14411",2005.75,2005.75,2007.25
"14414",2008.5,2008.5,2008.5
"14415",2005.25,2005.25,2012.75
"14416",2005.75,2005.75,2006
"14418",2009.75,2009.75,2012.75
"14420",2005.5,2005.5,2005.5
"14422",2005.75,2005.75,2005.75
"14423",2006,2006,2006
"14424",2005.75,2006,2008.5
"14425",2008.5,2008.5,2008.5
"14427",2005.5,2005.5,2005.5
"14428",2006,2006,2006
"14432",2006,2008.5,2011.75
"14433",2005,2005.75,2005.75
"14435",2008,2008,2008
"14437",2005.5,2008.5,2008.5
"14441",2005.25,2005.25,2012.75
"14445",2005.5,2005.5,2005.5
"14450",2006,2006,2006
"14454",2008,2008,2008
"14456",2005,2005,2005
"14462",2008.5,2008.5,2008.5
"14464",2006,2006,2006
"14466",2008.5,2009,2009.75
"14467",2006,2006,2006
"14468",2005.5,2005.5,2006
"14469",2006,2006,2006
"14470",2005.5,2005.5,2005.5
"14471",2006,2009,2009.75
"14472",2006,2006,2006
"14475",2006,2006,2006
"14476",2006,2006,2006
"14477",2006.75,2008.5,2009.75
"14478",2009.75,2009.75,2012.75
"14479",2006.75,2008.5,2009.75
"14480",2008,2008,2008
"14481",2005.5,2006,2006
"14482",2006,2006,2006
"14485",2006,2006,2006
"14486",2006,2006,2006
"14487",2008,2008,2008
"14489",2005,2005.75,2006
"14502",2005.75,2006,2007.25
"14504",2008.5,2008.5,2008.5
"14505",2005.75,2005.75,2005.75
"14506",2006,2006,2006
"14507",2009.75,2009.75,2012.5
"14510",2005.5,2005.5,2006
"14511",2006,2006,2006
"14512",2008.5,2009,2009.75
"14513",2006,2008.5,2010.25
"14514",2006,2006,2006
"14516",2006,2010.25,2010.25
"14517",2005.5,2005.5,2005.5
"14519",2005.75,2005.75,2006
"14521",2006.5,2006.5,2006.75
"14522",2006,2008.25,2008.5
"14525",2006,2006,2006
"14526",2005.5,2005.5,2005.5
"14527",2006.75,2009.75,2012.5
"14529",2005.25,2005.5,2005.5
"14530",2005.5,2005.5,2006
"14532",2005,2006,2008.5
"14533",2006,2006,2006
"14534",2006,2006,2006
"14536",2005.5,2005.5,2005.5
"14537",2006,2008.5,2011.75
"14539",2006,2006,2006.75
"14541",2005,2005.25,2006.5
"14542",2005.75,2005.75,2006
"14543",2006,2006,2007.5
"14544",2009.75,2009.75,2012.5
"14545",2008.5,2008.5,2008.5
"14546",2006,2006,2006
"14548",2008.5,2008.5,2008.5
"14549",2005.5,2005.5,2005.5
"14550",2009,2009,2009.5
"14551",2006,2006,2006
"14555",2006,2006,2006
"14559",2005.5,2005.5,2005.5
"14560",2005,2008.5,2009.25
"14561",2005,2009.75,2012.5
"14564",2006,2006,2006
"14568",2005.75,2005.75,2005.75
"14569",2009,2009,2009.5
"14571",2008.5,2009.75,2009.75
"14572",2005,2005.5,2008.5
"14580",2005.5,2005.5,2005.5
"14585",2006,2006,2006
"14586",2006,2006,2006
"14588",2006.5,2006.5,2006.75
"14589",2006,2006,2006
"14590",2010.25,2010.25,2010.25
"14591",2009,2009.75,2009.75
"14592",2006,2006,2006
"14604",2005.5,2005.5,2005.5
"14605",2005.5,2005.5,2005.5
"14606",2005.5,2005.5,2005.5
"14607",2005.5,2005.5,2005.5
"14608",2005.5,2005.5,2005.5
"14609",2005.5,2005.5,2005.5
"14610",2005.5,2005.5,2005.5
"14611",2005.5,2005.5,2005.5
"14612",2005.5,2005.5,2005.5
"14613",2005.5,2005.5,2005.5
"14614",2005.5,2005.5,2005.5
"14615",2005.5,2005.5,2005.5
"14616",2005.5,2005.5,2005.5
"14617",2005.5,2005.5,2005.5
"14618",2006,2006,2006
"14619",2005.5,2005.5,2005.5
"14620",2005.5,2005.5,2005.5
"14621",2005.5,2005.5,2005.5
"14622",2005.5,2005.5,2005.5
"14623",2006,2006,2006
"14624",2006,2006,2006
"14625",2005.5,2005.5,2005.5
"14626",2005.5,2005.5,2005.5
"14627",2005.5,2005.5,2005.5
"14701",2005.5,2005.5,2005.5
"14706",2006,2006,2008.25
"14707",2010.25,2010.25,2010.25
"14708",2010.25,2010.25,2010.25
"14709",2010.75,2010.75,2011.75
"14710",2005,2005.25,2005.5
"14711",2010.25,2010.75,2010.75
"14712",2006,2006.25,2007
"14714",2010.25,2010.75,2010.75
"14715",2010.25,2010.25,2010.75
"14716",2006,2007,2007.25
"14717",2009.5,2009.5,2009.5
"14718",2006,2006.25,2007.25
"14719",2006.25,2006.25,2006.25
"14720",2005.5,2005.5,2005.5
"14721",2010.75,2011.25,2011.25
"14722",2006.25,2007,2007
"14723",2006,2006.25,2006.5
"14724",2005.75,2005.75,2005.75
"14726",2005.5,2006,2006.25
"14727",2010.75,2010.75,2010.75
"14728",2006.25,2007,2007
"14729",2006.25,2006.25,2006.25
"14731",2006.25,2008.25,2009
"14732",2005.25,2005.5,2006
"14733",2005.25,2005.5,2005.5
"14735",2005.5,2009.5,2009.5
"14736",2005.25,2005.25,2005.25
"14737",2008.25,2009,2009.5
"14738",2006,2006.25,2006.25
"14739",2010.25,2010.75,2010.75
"14740",2005.25,2005.5,2006
"14741",2008.25,2008.25,2008.25
"14742",2005.5,2005.5,2005.5
"14743",2006,2006.25,2008.25
"14744",2009.5,2009.5,2009.5
"14747",2005.5,2006,2006
"14748",2008.25,2008.25,2008.25
"14750",2005.25,2005.5,2005.5
"14752",2006,2007,2007.25
"14753",2006,2006.25,2008.25
"14754",2010.75,2010.75,2011.25
"14755",2006.25,2006.25,2006.25
"14756",2006.25,2007,2007
"14757",2006.25,2007,2007
"14760",2006,2006,2008.25
"14767",2005.5,2005.75,2006.25
"14769",2006.25,2007,2007.25
"14770",2010.75,2011.25,2011.25
"14772",2005.5,2006,2006.25
"14774",2010.25,2010.25,2010.25
"14775",2007.25,2008,2008
"14777",2009.5,2009.5,2009.5
"14778",2006,2006,2006
"14779",2006.25,2006.25,2008.25
"14781",2005.75,2006.25,2006.25
"14782",2005.5,2006,2006
"14783",2006,2006.25,2006.25
"14784",2006.25,2007,2007
"14787",2007,2007.25,2007.25
"14788",2006,2006,2006
"14801",2007.5,2008.25,2008.25
"14802",2005,2005.25,2007.75
"14803",2005.25,2007.75,2007.75
"14804",2005.5,2007.75,2009
"14805",2005.25,2005.25,2005.25
"14806",2007.75,2007.75,2008.25
"14807",2005.5,2005.5,2005.5
"14808",2008.5,2008.5,2009
"14809",2005,2005.25,2008.5
"14810",2007.25,2009.25,2009.75
"14812",2009.25,2010.5,2010.5
"14813",2010.5,2010.75,2010.75
"14814",2005.25,2005.25,2005.25
"14815",2009.75,2010.5,2010.75
"14816",2006.75,2009.75,2010.5
"14817",2009.75,2009.75,2009.75
"14818",2005.25,2005.25,2009.75
"14819",2005,2005.25,2008.25
"14820",2007.25,2008.25,2008.25
"14821",2008.25,2008.25,2009.25
"14822",2005.5,2005.5,2005.5
"14823",2005.25,2005.25,2008.25
"14824",2006.75,2009.75,2010.5
"14825",2006,2006,2006
"14826",2005.25,2005.5,2008.5
"14827",2007.25,2007.25,2007.25
"14830",2007.25,2007.25,2007.25
"14836",2005.5,2005.5,2005.5
"14837",2009.25,2009.75,2009.75
"14838",2006.75,2009.75,2010.5
"14839",2008.25,2008.25,2010.75
"14840",2009.75,2010.75,2012.5
"14841",2005.25,2005.25,2005.25
"14842",2006.75,2009.75,2009.75
"14843",2005.25,2005.25,2005.25
"14845",2010.5,2010.5,2010.5
"14846",2005.5,2005.5,2005.5
"14847",2005.25,2006.5,2006.5
"14850",2006.25,2006.25,2006.75
"14853",2006.25,2006.25,2006.25
"14854",2006.75,2006.75,2006.75
"14855",2005,2007.25,2008.25
"14856",2005,2005.25,2009
"14858",2010.5,2010.5,2010.5
"14859",2006,2006,2006
"14860",2005.25,2005.25,2006.5
"14861",2005.25,2006,2006.75
"14864",2010.5,2010.5,2010.5
"14865",2010.5,2010.75,2010.75
"14867",2005.25,2005.25,2005.25
"14869",2010.5,2010.75,2010.75
"14870",2007.25,2007.25,2007.25
"14871",2005.25,2005.25,2006.75
"14872",2010.5,2010.5,2010.5
"14873",2008.5,2009.25,2009.75
"14874",2009.75,2009.75,2012.75
"14877",2010.75,2011,2011
"14878",2009.75,2010.5,2010.75
"14879",2009.25,2009.75,2009.75
"14880",2007.75,2010.25,2010.25
"14881",2006.25,2006.25,2006.25
"14882",2006.5,2006.5,2006.5
"14883",2006.75,2009.75,2009.75
"14884",2005.5,2005.5,2005.5
"14885",2008.25,2008.25,2008.25
"14886",2006.75,2006.75,2006.75
"14889",2006.75,2009.75,2009.75
"14891",2010.5,2010.5,2010.75
"14892",2006,2006,2006
"14893",2010.5,2010.5,2010.75
"14894",2006,2006.75,2007.5
"14895",2010.25,2010.25,2010.75
"14897",2010.75,2010.75,2010.75
"14898",2008.25,2008.25,2008.25
"14901",2005.25,2006,2006.75
"14903",2005.25,2005.25,2005.25
"14904",2005.25,2005.25,2006
"14905",2005.25,2005.25,2005.25
"15001",2005.25,2005.25,2005.25
"15003",2005.25,2005.25,2005.25
"15004",2008.5,2008.5,2008.5
"15005",2006,2006,2006
"15006",2008.5,2008.5,2008.5
"15007",2008.5,2008.5,2008.5
"15009",2005,2006,2006
"15010",2005,2006,2006.25
"15012",2005.25,2005.25,2005.25
"15014",2008.25,2008.25,2008.25
"15015",2006.75,2006.75,2006.75
"15017",2006.75,2006.75,2006.75
"15018",2005.25,2005.25,2005.25
"15019",2006.5,2006.5,2006.5
"15020",2006,2006,2006
"15021",2008.5,2009.25,2009.75
"15022",2005.25,2005.25,2005.25
"15024",2006.25,2006.25,2006.25
"15025",2006,2006,2006
"15026",2006.5,2006.5,2007
"15027",2006,2006,2006
"15028",2005.25,2005.25,2005.25
"15030",2006.25,2008.5,2008.75
"15031",2006.75,2006.75,2009
"15033",2006,2006,2006
"15034",2007.5,2007.5,2007.5
"15035",2005.75,2005.75,2005.75
"15037",2006,2006,2006
"15038",2006,2006,2006
"15042",2006,2006,2006
"15043",2007,2007,2007
"15044",2006.75,2006.75,2008.5
"15045",2006,2007.5,2007.5
"15046",2005.25,2005.25,2005.25
"15047",2005.25,2005.75,2005.75
"15049",2006.25,2006.25,2006.25
"15050",2007,2007,2007
"15051",2006.25,2006.25,2006.25
"15052",2005,2006.75,2007
"15053",2006.5,2006.5,2006.5
"15054",2009.25,2009.25,2009.75
"15055",2006.75,2006.75,2006.75
"15056",2005.25,2005.25,2005.25
"15057",2006.5,2006.75,2008.5
"15059",2005.25,2006.75,2007
"15060",2006.5,2006.5,2006.5
"15061",2006,2006,2006
"15062",2005.25,2005.25,2005.25
"15063",2006,2006,2006
"15064",2009,2009,2009
"15065",2008.25,2008.25,2008.25
"15066",2006,2006,2006
"15067",2006,2006,2006
"15068",2008.75,2008.75,2008.75
"15071",2006.5,2006.5,2009
"15072",2005.25,2005.25,2005.25
"15074",2006,2006,2006
"15075",2006.25,2006.25,2006.25
"15076",2006.25,2006.25,2006.25
"15077",2006.75,2007,2007
"15078",2008.5,2008.5,2009.25
"15081",2005.25,2005.25,2005.25
"15082",2006.5,2006.5,2006.5
"15083",2005.25,2005.25,2005.25
"15084",2008.5,2008.5,2008.5
"15085",2005.75,2005.75,2005.75
"15086",2006.75,2006.75,2006.75
"15087",2006,2006,2006
"15088",2006,2006,2006
"15089",2005.25,2005.25,2005.25
"15090",2005.75,2005.75,2006.75
"15101",2006.25,2006.25,2006.25
"15102",2006.75,2006.75,2006.75
"15104",2007.5,2007.5,2007.5
"15106",2009,2009,2009
"15108",2005.25,2005.75,2006.5
"15110",2007.5,2007.5,2007.5
"15112",2007.5,2007.5,2007.5
"15116",2006.25,2006.25,2006.25
"15120",2007.5,2007.5,2007.5
"15122",2007.5,2007.5,2007.5
"15126",2006.5,2006.5,2006.5
"15129",2006,2006,2006
"15131",2005.75,2005.75,2005.75
"15132",2007.5,2007.5,2007.5
"15133",2007.5,2007.5,2007.5
"15135",2005.25,2005.25,2005.25
"15136",2009,2009,2009
"15137",2005.75,2005.75,2007.5
"15139",2006.25,2006.25,2006.25
"15140",2005.75,2005.75,2005.75
"15142",2009,2009,2009
"15143",2005.75,2005.75,2005.75
"15144",2008.75,2008.75,2008.75
"15145",2007.5,2007.5,2007.5
"15146",2005.75,2005.75,2005.75
"15147",2006.25,2006.25,2006.25
"15148",2005.75,2005.75,2005.75
"15201",2006.25,2006.25,2007.5
"15202",2005.75,2005.75,2005.75
"15203",2007.5,2007.5,2007.5
"15204",2009,2009,2009
"15205",2009,2009,2009
"15206",2006.25,2006.25,2007.5
"15207",2007.5,2007.5,2007.5
"15208",2007.5,2007.5,2007.5
"15209",2006.25,2006.25,2006.25
"15210",2007.5,2007.5,2007.5
"15211",2009,2009,2009
"15212",2007.5,2007.5,2009
"15213",2007.5,2007.5,2007.5
"15214",2005.75,2005.75,2005.75
"15215",2006.25,2006.25,2006.25
"15216",2009,2009,2009
"15217",2007.5,2007.5,2007.5
"15218",2007.5,2007.5,2007.5
"15219",2007.5,2007.5,2007.5
"15220",2009,2009,2009
"15221",2007.5,2007.5,2007.5
"15222",2007.5,2007.5,2009
"15223",2006.25,2006.25,2006.25
"15224",2007.5,2007.5,2007.5
"15225",2005.75,2005.75,2005.75
"15226",2009,2009,2009
"15227",2007.5,2007.5,2007.5
"15228",2009,2009,2009
"15229",2005.75,2005.75,2005.75
"15232",2007.5,2007.5,2007.5
"15233",2009,2009,2009
"15234",2009,2009,2009
"15235",2007.5,2007.5,2007.5
"15236",2007.5,2007.5,2007.5
"15237",2005.75,2005.75,2005.75
"15238",2006.25,2006.25,2006.25
"15239",2008.75,2008.75,2008.75
"15241",2006.75,2006.75,2006.75
"15243",2009,2009,2009
"15260",2007.5,2007.5,2007.5
"15290",2009,2009,2009
"15301",2005.75,2006,2006.75
"15310",2012.75,2015.25,2015.25
"15311",2006,2006,2006
"15312",2008.5,2009,2009.25
"15313",2005.25,2005.25,2005.25
"15314",2005.25,2005.25,2005.25
"15315",2006.25,2006.25,2006.25
"15316",2008.25,2009.25,2009.5
"15317",2006.75,2006.75,2006.75
"15320",2006.25,2006.25,2006.25
"15321",2006.75,2006.75,2006.75
"15322",2006.75,2006.75,2006.75
"15323",2006,2008.5,2009.25
"15324",2006.75,2007,2008
"15325",2006.75,2006.75,2006.75
"15327",2006.25,2006.25,2006.5
"15329",2006,2008.25,2010
"15330",2006.75,2006.75,2006.75
"15331",2005.25,2005.25,2005.25
"15332",2006,2006,2006
"15333",2006.75,2006.75,2006.75
"15334",2006.25,2006.25,2006.25
"15337",2011.25,2014.5,2014.5
"15338",2006.25,2006.25,2006.25
"15340",2008.5,2008.5,2008.5
"15341",2011.25,2015.75,2015.75
"15342",2008.5,2008.5,2008.5
"15344",2006.75,2006.75,2006.75
"15345",2006,2006,2006
"15346",2006,2006,2006
"15347",2008.5,2008.5,2008.5
"15348",2006.75,2006.75,2006.75
"15349",2006.25,2006.5,2008
"15350",2006.75,2006.75,2006.75
"15351",2006.25,2006.25,2006.25
"15352",2013.25,2015.25,2015.75
"15353",2012.5,2014.5,2014.5
"15357",2006.75,2006.75,2006.75
"15358",2005.25,2005.25,2005.25
"15359",2012.75,2015.75,2015.75
"15360",2006.75,2006.75,2007
"15361",2008.5,2008.5,2008.5
"15362",2008,2008.25,2009.25
"15363",2006.75,2006.75,2006.75
"15364",2009.25,2012.5,2014.5
"15366",2005.25,2005.25,2005.25
"15367",2006.75,2006.75,2006.75
"15368",2006.75,2006.75,2006.75
"15370",2008,2008,2008
"15376",2009.25,2009.25,2009.25
"15377",2008.5,2009.25,2014.25
"15378",2008.5,2008.5,2008.5
"15379",2009.25,2009.25,2009.75
"15380",2012.75,2012.75,2014.5
"15401",2006.5,2006.5,2006.5
"15410",2006.75,2006.75,2006.75
"15411",2010.5,2010.5,2011.5
"15412",2005.25,2005.25,2005.75
"15413",2006.5,2006.5,2006.5
"15417",2006.75,2006.75,2006.75
"15419",2005.25,2005.25,2005.25
"15420",2006.5,2006.5,2006.5
"15421",2008.5,2008.5,2008.75
"15422",2006.5,2006.5,2006.5
"15423",2005.25,2005.25,2005.25
"15424",2010.5,2010.5,2012
"15425",2005.75,2005.75,2005.75
"15427",2005.25,2005.25,2005.25
"15428",2005.75,2005.75,2005.75
"15429",2006.75,2006.75,2006.75
"15430",2005.75,2005.75,2005.75
"15431",2010.5,2010.5,2012
"15432",2005.25,2005.25,2005.25
"15433",2006.75,2006.75,2006.75
"15434",2005.25,2005.25,2005.25
"15435",2006.5,2006.5,2006.5
"15436",2007,2007,2007
"15437",2008.5,2008.5,2008.75
"15438",2005.25,2005.25,2005.75
"15440",2008.5,2008.5,2008.75
"15442",2006.5,2006.5,2006.5
"15443",2006.5,2006.5,2006.5
"15444",2006.75,2006.75,2006.75
"15445",2008.5,2010.5,2010.5
"15446",2007.5,2008.25,2010
"15447",2006.75,2006.75,2006.75
"15448",2005.25,2005.75,2006.75
"15449",2006.5,2006.5,2006.5
"15450",2006.75,2006.75,2006.75
"15451",2005.25,2007,2007
"15454",2006.75,2007,2007
"15455",2010.5,2012,2012
"15456",2010.5,2012,2012
"15458",2006.5,2006.5,2006.5
"15459",2010.5,2010.5,2010.5
"15460",2006.25,2006.25,2006.25
"15461",2006.25,2006.25,2006.25
"15462",2007.5,2008.25,2010
"15463",2006.75,2006.75,2006.75
"15464",2010.5,2012,2012
"15466",2005.25,2005.25,2005.25
"15467",2006.25,2006.25,2006.25
"15468",2006.5,2006.5,2006.5
"15469",2007.5,2008.25,2010
"15470",2010.5,2010.5,2012
"15472",2006.5,2006.5,2006.5
"15473",2005.25,2006,2006.75
"15474",2006.25,2006.25,2007
"15475",2006.5,2006.5,2006.5
"15476",2006.25,2006.25,2006.25
"15477",2005.25,2005.25,2005.25
"15478",2006.75,2007,2007
"15479",2005.25,2005.25,2005.25
"15480",2006.5,2006.5,2006.5
"15482",2005.25,2005.75,2006.75
"15483",2005.25,2005.75,2006.75
"15484",2006.5,2006.5,2006.5
"15486",2005.75,2006.5,2006.5
"15489",2006.5,2006.5,2006.5
"15490",2006.75,2006.75,2008.25
"15492",2005.25,2005.75,2006.75
"15501",2007.5,2007.5,2009.5
"15502",2007.5,2010,2010.5
"15510",2007.5,2007.5,2007.5
"15520",2006.25,2006.25,2006.25
"15521",2006.25,2006.25,2008.25
"15522",2005.75,2007,2007
"15530",2006.5,2006.5,2007
"15531",2006.25,2006.25,2006.25
"15532",2005.75,2005.75,2005.75
"15533",2006.75,2009.5,2010
"15534",2007,2007,2007
"15535",2007,2009.5,2010.5
"15536",2006.5,2008.75,2010
"15537",2006.25,2006.25,2009.75
"15538",2006.25,2006.25,2006.5
"15539",2006.25,2006.25,2006.25
"15540",2010.75,2011.5,2014.5
"15541",2006.5,2006.5,2007.5
"15542",2010.5,2010.75,2011.5
"15544",2006.25,2006.25,2006.25
"15545",2007,2007,2007
"15546",2006.25,2006.25,2006.25
"15547",2006.25,2006.25,2006.25
"15550",2005.75,2005.75,2005.75
"15551",2010.75,2011.5,2013.75
"15552",2006,2006,2008.25
"15554",2006.25,2006.25,2006.25
"15555",2007.5,2007.5,2007.5
"15557",2010.5,2010.75,2011.5
"15558",2005.75,2005.75,2010.5
"15559",2006.25,2006.25,2006.25
"15560",2006.5,2006.5,2006.5
"15561",2007.5,2007.5,2007.5
"15562",2005.75,2005.75,2005.75
"15563",2006,2006.25,2006.25
"15564",2006,2006,2006
"15601",2005.25,2005.25,2005.25
"15610",2006.75,2008.25,2008.5
"15611",2005.75,2005.75,2005.75
"15612",2005.75,2005.75,2005.75
"15613",2008.75,2008.75,2008.75
"15615",2005.75,2005.75,2005.75
"15616",2005.25,2005.75,2005.75
"15617",2005.25,2005.25,2005.25
"15618",2008.25,2008.75,2010.5
"15620",2006.5,2006.75,2008.25
"15621",2005.25,2005.75,2005.75
"15622",2007.5,2008.5,2010
"15623",2005.25,2005.25,2005.25
"15624",2000,2002,2005.25
"15625",2005.25,2005.25,2005.25
"15626",2000,2002,2005.25
"15627",2006.5,2006.75,2008.25
"15628",2007.5,2008.25,2010
"15629",2010.5,2012.5,2012.5
"15631",2005.75,2005.75,2005.75
"15632",2005.75,2005.75,2006.75
"15633",2000,2002,2005.25
"15634",2000,2002,2005.25
"15635",2000,2002,2005.25
"15636",2005.75,2005.75,2005.75
"15637",2005.25,2005.25,2005.25
"15638",2006.5,2008.25,2008.5
"15639",2005.25,2005.75,2005.75
"15640",2005.25,2005.25,2005.25
"15641",2008.25,2008.25,2008.25
"15642",2005.25,2005.75,2005.75
"15644",2005.25,2005.25,2005.25
"15646",2007.5,2008.25,2010
"15647",2005.75,2005.75,2005.75
"15650",2005.75,2006.75,2008.25
"15655",2008.5,2009,2009.5
"15656",2008.25,2008.25,2008.25
"15658",2006,2006.75,2008.5
"15660",2005.25,2005.25,2005.25
"15661",2006.5,2006.75,2008.25
"15662",2000,2002,2005.25
"15663",2005.25,2005.25,2005.25
"15665",2005.75,2005.75,2005.75
"15666",2005.75,2005.75,2005.75
"15668",2008.75,2008.75,2008.75
"15670",2005.25,2005.75,2006.75
"15671",2006.5,2006.75,2008.25
"15672",2005.25,2005.25,2005.25
"15673",2010.5,2012.5,2012.5
"15675",2005.75,2005.75,2005.75
"15676",2005.25,2005.75,2005.75
"15677",2008.5,2009,2009.5
"15678",2005.25,2005.25,2005.25
"15679",2005.25,2005.25,2005.25
"15680",2008.25,2008.75,2010.25
"15681",2008.25,2008.75,2010.5
"15683",2005.75,2005.75,2005.75
"15684",2008.25,2008.75,2010.25
"15686",2010.5,2010.75,2012.5
"15687",2007.5,2008.5,2008.5
"15688",2005.25,2005.75,2005.75
"15689",2005.25,2005.75,2005.75
"15690",2010.5,2010.75,2012.5
"15691",2005.25,2005.25,2005.25
"15692",2005.75,2005.75,2005.75
"15693",2006.5,2008.25,2008.5
"15695",2005.25,2005.25,2005.25
"15696",2006.5,2006.75,2008.25
"15697",2005.25,2005.75,2005.75
"15698",2005.25,2005.25,2005.25
"15701",2006.5,2009.5,2009.5
"15710",2008,2009,2009.5
"15711",2010.5,2010.5,2012.5
"15712",2008.75,2011.75,2011.75
"15713",2006.5,2006.5,2006.5
"15714",2006.25,2006.25,2008.5
"15715",2008.5,2008.5,2010.25
"15716",2009.5,2009.75,2009.75
"15717",2009.5,2010.5,2010.5
"15721",2010.25,2012.5,2012.5
"15722",2006,2006,2006
"15723",2009.5,2010.5,2011.5
"15724",2006.25,2008.5,2011.75
"15725",2010.5,2010.5,2010.5
"15727",2006.5,2006.5,2006.75
"15728",2008.5,2009.5,2009.75
"15729",2008.5,2011.75,2011.75
"15730",2010.5,2010.5,2012.5
"15731",2009.5,2009.75,2009.75
"15732",2008.5,2008.5,2008.5
"15733",2010.5,2010.5,2012.5
"15734",2009.5,2010.5,2011.5
"15736",2006.5,2006.5,2006.5
"15737",2006,2006,2006
"15738",2006.25,2006.25,2006.25
"15739",2009.5,2009.5,2009.5
"15741",2011.75,2012.5,2012.5
"15742",2011.75,2012.5,2012.5
"15744",2010.5,2012.5,2012.75
"15745",2008,2009,2009.5
"15746",2008.5,2011.75,2011.75
"15747",2008.5,2009.5,2010.5
"15748",2007,2008.5,2009.5
"15750",2009.5,2009.75,2009.75
"15752",2010.5,2010.5,2010.5
"15753",2006.25,2010.25,2011
"15754",2009.5,2009.5,2009.5
"15756",2006.5,2006.5,2006.5
"15757",2008.5,2010.25,2012.5
"15759",2009.5,2010.5,2011.5
"15760",2006,2006,2006.25
"15761",2008,2009,2009.5
"15762",2006,2006,2007.5
"15764",2010.5,2010.5,2012.5
"15765",2008.5,2009.5,2009.5
"15767",2008.75,2010.5,2012.5
"15770",2008.75,2010.5,2012.5
"15771",2010.5,2011.75,2012.5
"15772",2012.5,2012.5,2012.5
"15773",2006,2006,2006
"15774",2006.5,2006.5,2006.5
"15775",2006,2006,2006
"15776",2010.5,2010.5,2012.5
"15777",2008.5,2011.75,2011.75
"15778",2010.5,2010.5,2010.5
"15779",2006,2007,2009
"15780",2010.5,2012.5,2012.75
"15781",2010.5,2010.5,2012.5
"15783",2006.5,2006.5,2006.5
"15784",2007.75,2008.75,2012.5
"15801",2006.5,2008.5,2010.25
"15821",2011,2015,9999
"15823",2006.5,2006.5,2008.5
"15824",2006,2008.5,2010.25
"15825",2006.5,2008.75,2010.5
"15827",2006.5,2006.5,2006.5
"15828",2006.5,2008.5,2013.25
"15829",2006.5,2006.5,2006.5
"15832",2014.25,2014.25,9999
"15834",2007,2008,2015.5
"15840",2006,2006,2006
"15841",2006.5,2006.5,2006.5
"15845",2006,2006.25,2008
"15846",2006.5,2006.5,2006.5
"15847",2010.5,2010.5,2012.5
"15848",2008.5,2008.5,2008.5
"15849",2006.5,2008.75,2010.25
"15851",2006,2006.5,2008.5
"15853",2006,2006,2008.5
"15856",2010.25,2010.25,2010.25
"15857",2005,2005.75,2005.75
"15860",2012.5,2012.5,2013.25
"15861",2014.25,2015.5,9999
"15863",2008.5,2008.5,2010.25
"15864",2006.5,2007.75,2008.75
"15865",2008.5,2008.5,2010.25
"15866",2008.5,2008.5,2010.25
"15868",2014.25,2014.25,2015.75
"15870",2005.75,2005.75,2008
"15901",2006.25,2007.5,2008.5
"15902",2007,2008.5,2009
"15904",2007.5,2009.5,2009.5
"15905",2006.25,2007.5,2008.5
"15906",2006,2007,2007
"15909",2006,2007,2007
"15920",2007,2008.5,2009.5
"15921",2007.5,2009.5,2009.5
"15922",2007,2008,2009
"15923",2006,2006,2006.25
"15924",2006,2006,2006
"15925",2009.75,2009.75,2009.75
"15926",2006,2006.5,2006.5
"15927",2006,2006,2006
"15928",2006.25,2006.5,2007.75
"15929",2006,2006,2007
"15930",2007.5,2009.5,2009.5
"15931",2006,2006,2006.25
"15934",2007.5,2009.5,2009.5
"15935",2006.25,2006.25,2006.25
"15936",2006,2006,2006
"15937",2006.25,2006.25,2006.25
"15938",2009.75,2009.75,2009.75
"15940",2006.5,2006.5,2006.5
"15942",2007.5,2007.5,2007.5
"15943",2006.25,2007,2007.5
"15944",2006,2007,2008.5
"15945",2007.5,2009.5,2009.5
"15946",2008,2009.75,2009.75
"15948",2007.5,2007.5,2007.5
"15949",2008.5,2008.5,2009.5
"15951",2007.5,2009.5,2009.5
"15952",2007.5,2009.5,2009.5
"15953",2006,2006,2006
"15954",2006,2006,2007
"15955",2007.5,2009.5,2009.5
"15956",2007.5,2007.5,2009.5
"15957",2008,2009,2009.5
"15958",2007.5,2007.5,2007.5
"15960",2006,2006,2007
"15961",2006,2006,2007
"15962",2007.5,2007.5,2007.5
"15963",2006,2006.25,2007.5
"16001",2005.75,2007,2008.75
"16002",2009.75,2009.75,2009.75
"16020",2006.75,2007.5,2008.75
"16022",2006.75,2007.5,2008.75
"16023",2009.75,2009.75,2009.75
"16024",2006.75,2006.75,2006.75
"16025",2007,2007,2007
"16027",2008.75,2008.75,2008.75
"16028",2008.75,2009.75,2012.5
"16029",2009.75,2009.75,2009.75
"16030",2006.75,2007.5,2008.75
"16033",2008.75,2008.75,2008.75
"16034",2008.5,2009.75,2009.75
"16035",2006.5,2008,2008.75
"16036",2006.75,2006.75,2006.75
"16037",2006.25,2006.25,2008.75
"16038",2005.75,2006.75,2008.75
"16040",2006.75,2007.5,2008.75
"16041",2007,2007,2007
"16045",2009.75,2009.75,2009.75
"16046",2006.75,2006.75,2006.75
"16048",2006.75,2007.5,2008.75
"16049",2006.75,2006.75,2006.75
"16050",2007,2007,2007
"16051",2006.25,2006.25,2008.75
"16052",2008.75,2008.75,2008.75
"16053",2008.75,2008.75,2008.75
"16054",2006.75,2006.75,2006.75
"16055",2008.25,2008.25,2008.5
"16056",2008.5,2008.5,2008.5
"16057",2005.75,2005.75,2005.75
"16059",2008.5,2008.5,2008.5
"16061",2007,2007,2007
"16063",2006.25,2006.75,2006.75
"16066",2006.75,2006.75,2006.75
"16101",2006.5,2006.5,2006.5
"16102",2006.5,2006.5,2006.5
"16105",2006.5,2006.5,2006.5
"16110",2005.5,2007.25,2008
"16111",2006.75,2008,2008.25
"16112",2005.5,2005.5,2005.5
"16113",2006.75,2006.75,2006.75
"16114",2005,2005,2005
"16115",2006.25,2006.25,2006.25
"16116",2006.5,2006.5,2006.5
"16117",2006.25,2006.25,2006.25
"16120",2006.25,2006.25,2006.25
"16121",2006,2006,2006
"16123",2006.25,2006.25,2006.25
"16124",2006.75,2006.75,2006.75
"16125",2005,2006.75,2006.75
"16127",2005.75,2006.5,2006.5
"16130",2005,2005,2006.75
"16131",2005.5,2005.5,2007.5
"16132",2005.5,2005.5,2005.5
"16133",2010.75,2010.75,2010.75
"16134",2005,2005,2005
"16136",2006.25,2006.25,2006.25
"16137",2006.5,2006.5,2006.75
"16140",2005.5,2005.5,2005.5
"16141",2006.25,2006.25,2006.25
"16142",2005.75,2005.75,2005.75
"16143",2005.75,2005.75,2005.75
"16145",2005,2005,2005
"16146",2006,2006,2006
"16148",2005.75,2005.75,2006
"16150",2005,2005,2005.25
"16151",2005,2005,2005
"16153",2005.5,2006,2009.5
"16154",2005,2005,2006.75
"16155",2005.5,2005.5,2005.5
"16156",2005.75,2006.5,2006.5
"16157",2006.25,2006.25,2006.25
"16159",2006,2006,2006
"16160",2006.25,2006.25,2006.25
"16161",2006,2006,2006
"16201",2008.5,2010.5,2010.75
"16210",2005.75,2005.75,2007
"16211",2008.5,2008.5,2008.5
"16212",2009.75,2010.75,2011.75
"16213",2006.75,2006.75,2006.75
"16214",2007.75,2008.75,2009.75
"16217",2006.5,2006.5,2013.25
"16218",2008.75,2009.75,2012.5
"16222",2010.5,2010.5,2010.5
"16223",2005.75,2005.75,2005.75
"16224",2007.75,2008.75,2012.5
"16226",2010.5,2010.75,2012.5
"16228",2008.75,2010.5,2012.75
"16229",2008.25,2008.25,2008.25
"16230",2007.75,2008.5,2012.5
"16232",2008,2008.75,2009.75
"16233",2008.75,2008.75,2008.75
"16235",2008.75,2008.75,2008.75
"16236",2008.75,2010.5,2012.75
"16238",2008.75,2010.5,2012.75
"16239",2009.75,2014,2014.25
"16240",2007.75,2010.5,2012.5
"16242",2008.75,2010.5,2010.5
"16244",2008.5,2008.5,2008.5
"16245",2007.75,2008.5,2012.5
"16246",2008.5,2008.5,2008.5
"16248",2006.75,2008.5,2008.75
"16249",2008.5,2008.5,2008.5
"16250",2008.5,2008.5,2008.5
"16253",2005.75,2005.75,2005.75
"16254",2007.75,2008.75,2009.75
"16255",2007.75,2008.75,2008.75
"16256",2010.5,2010.5,2012.5
"16258",2006.5,2006.5,2006.5
"16259",2005.75,2005.75,2005.75
"16260",2006.5,2009.75,2013.25
"16262",2008.75,2010.75,2011.75
"16263",2008.5,2008.5,2008.5
"16301",2006,2007,2008
"16311",2005,2005,2005
"16312",2005.25,2005.25,2005.25
"16313",2010.75,2010.75,2014.5
"16314",2005.5,2006,2006
"16316",2005.5,2007.5,2008
"16317",2006,2007.5,2011.5
"16319",2006.5,2008,2009.75
"16321",2008.5,2009.75,2012.5
"16322",2009.75,2009.75,2013.5
"16323",2005.5,2006,2006
"16326",2008.75,2008.75,2008.75
"16327",2006,2009.25,2011.5
"16328",2009.75,2010,2013.75
"16329",2011.5,2011.5,2011.5
"16331",2008.5,2008.75,2010
"16332",2008.75,2008.75,2008.75
"16333",2010.5,2015.5,2015.5
"16334",2008.75,2008.75,2008.75
"16335",2006,2006,2006
"16340",2010.75,2011.5,2012
"16341",2006,2008,2009.75
"16342",2005.5,2005.5,2005.75
"16343",2006,2006,2006
"16344",2008,2009.75,2011.5
"16345",2005.25,2005.25,2005.5
"16346",2006,2006,2006
"16347",2012,2014.5,2014.5
"16350",2005.25,2006.5,2006.5
"16351",2009.75,2011.5,2013.5
"16352",2010.75,2010.75,2010.75
"16353",2008.5,2008.75,2009.75
"16354",2008.5,2009.75,2011.75
"16360",2012.75,2012.75,2012.75
"16361",2008.75,2008.75,2008.75
"16362",2005.5,2005.5,2005.5
"16364",2007,2008.75,2009.75
"16365",2005.25,2009.5,2010.75
"16370",2006,2008.5,2009.75
"16371",2005.25,2009.5,2010.75
"16372",2006,2006.75,2008.75
"16373",2008.5,2009.5,2010
"16374",2008.75,2009.75,2010.75
"16401",2006.75,2008,2009.25
"16402",2006.5,2006.5,2007.25
"16403",2006.75,2008,2009.25
"16404",2009.75,2012.75,2012.75
"16405",2006.5,2006.5,2006.5
"16406",2005.5,2005.5,2005.5
"16407",2005.75,2005.75,2005.75
"16410",2008,2009,2009.25
"16411",2006.75,2009,2009.25
"16412",2007.25,2008,2009.25
"16415",2005.25,2005.5,2005.5
"16416",2010.75,2012,2013.75
"16417",2005.5,2005.5,2006.75
"16420",2010,2010,2014.25
"16421",2007.25,2007.25,2007.25
"16422",2005.5,2005.5,2005.5
"16423",2006.75,2007.25,2009
"16424",2005.5,2005.5,2006.25
"16426",2005.5,2005.5,2005.5
"16427",2006.75,2007.25,2008
"16428",2005.25,2005.25,2007.25
"16433",2005.5,2005.75,2006.75
"16434",2005.75,2010,2013.5
"16435",2006.75,2008,2009.25
"16436",2009.5,2010.75,2012
"16438",2005.75,2005.75,2007.25
"16440",2006,2006.75,2009.25
"16441",2007.25,2009,2009
"16442",2005.75,2005.75,2005.75
"16443",2006.75,2008,2009.25
"16444",2006.75,2007.25,2008
"16501",2007.25,2007.25,2007.25
"16502",2006.75,2007.25,2007.25
"16503",2007.25,2007.25,2007.25
"16504",2007.25,2007.25,2007.25
"16505",2006.75,2006.75,2006.75
"16506",2005.5,2005.5,2005.5
"16507",2007.25,2007.25,2007.25
"16508",2007.25,2007.25,2007.25
"16509",2007.25,2009,2009
"16510",2007.25,2007.25,2007.25
"16511",2007.25,2007.25,2007.25
"16546",2007.25,2007.25,2007.25
"16563",2007.25,2007.25,2007.25
"16601",2005.5,2005.5,2006.5
"16602",2005.5,2005.5,2005.5
"16611",2010.5,2010.5,2010.5
"16613",2006.5,2006.5,2006.5
"16616",2009.5,2011,2014.25
"16617",2005.5,2007.75,2009.5
"16619",2010.5,2011,2011
"16620",2009.5,2009.5,2011
"16621",2010.5,2011.5,2011.5
"16622",2010.5,2010.5,2010.5
"16623",2010.5,2010.5,2010.5
"16624",2006.5,2006.5,2006.5
"16625",2010.5,2010.75,2012
"16627",2011,2011,2011
"16630",2009.75,2009.75,2009.75
"16631",2011.5,2012,2015.5
"16633",2006.25,2010.5,2011.25
"16634",2010.5,2011.25,2011.5
"16635",2006.75,2008.5,2009.75
"16636",2006.5,2006.5,2006.5
"16637",2006.75,2006.75,2008.25
"16638",2010.5,2010.75,2010.75
"16639",2010.5,2011,2011
"16640",2011,2011,2011
"16641",2006.5,2006.5,2006.5
"16645",2009.5,2012.5,2014.25
"16646",2006.25,2006.25,2006.25
"16647",2010.5,2010.5,2010.5
"16648",2006.75,2006.75,2006.75
"16650",2006.25,2006.25,2006.25
"16651",2009.5,2009.5,2011
"16652",2010.5,2010.5,2010.5
"16655",2009.75,2010.75,2012
"16656",2009.5,2011,2014.25
"16657",2010.5,2010.75,2010.75
"16659",2005.75,2005.75,2011.25
"16661",2009.5,2012.5,2014.25
"16662",2010.5,2010.75,2011.5
"16664",2010.5,2011.25,2012.5
"16665",2006.75,2006.75,2006.75
"16666",2009.5,2009.5,2011
"16667",2006.25,2006.25,2009.75
"16668",2006.25,2006.5,2007.75
"16669",2009.5,2010.5,2015
"16670",2011.25,2012,2015.5
"16671",2009.5,2009.5,2011
"16672",2010.5,2011.25,2011.5
"16673",2007.5,2009.75,2010.75
"16674",2010.5,2010.5,2015.5
"16677",2009.5,2009.5,2011
"16678",2010.5,2011.25,2011.5
"16679",2010.5,2010.5,2011.5
"16680",2009.5,2010.75,2011
"16682",2011.5,2012,2015.5
"16683",2010.5,2010.75,2013
"16685",2010.5,2010.5,2010.5
"16686",2008.25,2010.5,2010.75
"16689",2008.75,2008.75,2008.75
"16691",2008.75,2008.75,2008.75
"16692",2006.25,2006.25,2006.25
"16693",2010.5,2010.5,2010.5
"16694",2010,2010.5,2011.25
"16695",2011.25,2012,2014.75
"16699",2009.75,2009.75,2009.75
"16701",2006,2006.25,2011.25
"16720",2015.5,2015.75,2015.75
"16724",2013.75,2013.75,2013.75
"16725",2006,2006,2006
"16726",2006.25,2007.5,2010.75
"16727",2008.25,2011.25,2011.25
"16728",2010.75,2015.25,2015.5
"16729",2008.25,2011.25,2011.25
"16730",2007.5,2008,2014
"16731",2010.25,2011.25,2011.25
"16732",2006,2006,2006
"16733",2007.5,2008,2010.75
"16734",2008,2010.75,2011.5
"16735",2008,2008,2010.75
"16738",2006,2007.5,2007.5
"16740",2007.5,2007.5,2008
"16743",2006.25,2009.75,2010.25
"16744",2007.5,2008,2014
"16745",2008,2011.25,2011.25
"16746",2009.75,2009.75,2010.25
"16748",2009.75,2011.25,2014.5
"16749",2008,2011.5,2013.75
"16750",2006.25,2006.25,2009.75
"16801",2006,2007,2007
"16802",2005.5,2005.5,2005.5
"16803",2005.5,2005.5,2005.5
"16820",2010.5,2012.25,2012.5
"16821",2008,2009.5,2010.25
"16822",2013.5,2015.5,2015.75
"16823",2008,2009.5,2009.5
"16825",2009.5,2009.5,2010.25
"16826",2006,2006.25,2010
"16827",2007,2007,2007
"16828",2007,2007.25,2009.5
"16829",2008,2008,2008
"16830",2006.5,2008.75,2010.25
"16832",2009.5,2010,2010
"16833",2008.5,2008.75,2010.25
"16834",2009.5,2013.5,2013.5
"16835",2006,2006,2006
"16836",2014.25,2014.25,2014.25
"16837",2008.5,2008.75,2008.75
"16838",2008.5,2008.5,2008.5
"16839",2006.25,2008,2009.5
"16840",2007,2009.5,2010.25
"16841",2006,2006,2006
"16843",2008.5,2008.75,2008.75
"16844",2006,2006,2006
"16845",2011.25,2013.5,2014.25
"16847",2006.25,2008,2009.5
"16848",2009.5,2010,2010.75
"16849",2006.25,2008,2009.5
"16851",2007,2007,2007
"16852",2009.5,2009.5,2010
"16853",2009.5,2009.5,2009.5
"16854",2009.5,2009.5,2010
"16855",2008.5,2009.5,2010.25
"16858",2009.5,2009.5,2011
"16859",2009.5,2013.5,2013.5
"16860",2006.25,2008,2009.5
"16861",2009.5,2012.5,2014.25
"16863",2008.75,2008.75,2011
"16865",2005.5,2005.5,2009.5
"16866",2005.5,2008,2009.5
"16868",2005.5,2005.5,2005.5
"16870",2005.5,2005.5,2005.5
"16871",2014.25,2014.25,2014.25
"16872",2010.25,2010.75,2012.5
"16874",2006,2008,2008
"16875",2009.5,2009.5,2009.5
"16876",2009.5,2009.5,2010.25
"16877",2005.5,2005.5,2005.5
"16878",2009.5,2009.5,2010.25
"16879",2006.25,2008,2009.5
"16881",2009.5,2010.25,2013
"16882",2010.5,2012.5,2012.75
"16901",2009.75,2009.75,2009.75
"16911",2008.75,2009.75,2009.75
"16912",2007.25,2007.25,2007.5
"16914",2007.5,2007.5,2008.5
"16915",2009.75,2009.75,2010.75
"16917",2007.5,2008.75,2009.75
"16920",2008.25,2009.75,2010.5
"16921",2009.75,2012,2014
"16922",2012,2014,2015.75
"16923",2010.25,2010.75,2011.75
"16925",2007.5,2008.5,2010.5
"16926",2007.5,2007.5,2008.5
"16927",2007.5,2011,2011.75
"16928",2008.25,2008.25,2011
"16929",2010.5,2010.5,2010.5
"16930",2008.75,2008.75,2008.75
"16932",2007.5,2010.5,2010.5
"16933",2009.75,2009.75,2010.5
"16935",2007.5,2014,2014
"16936",2010.5,2010.5,2010.75
"16937",2006.75,2011,2011.75
"16938",2009.75,2012.25,2014
"16939",2007.25,2007.25,2007.25
"16940",2008.25,2009.75,2010.5
"16941",2010.75,2011,2011
"16942",2008.25,2009.75,2010.5
"16943",2007.5,2012,2014
"16946",2010.5,2010.5,2010.5
"16947",2007.5,2007.5,2007.5
"16948",2009.75,2009.75,2011.75
"16950",2007.5,2014,2014
"17002",2010,2010.5,2010.5
"17003",2006.25,2006.25,2006.25
"17004",2007.5,2009.5,2012.25
"17005",2009.5,2009.5,2009.5
"17006",2010,2010,2010
"17007",2005.75,2005.75,2005.75
"17009",2007.25,2007.25,2007.25
"17010",2006.25,2006.25,2006.25
"17011",2005,2005,2005
"17013",2006.25,2006.25,2007.25
"17015",2006.5,2010.25,2010.25
"17016",2009.5,2009.5,2009.5
"17017",2009.5,2009.5,2009.5
"17018",2006.25,2006.25,2006.25
"17019",2005.75,2005.75,2006.5
"17020",2006.5,2006.5,2006.5
"17021",2015.5,2015.5,2015.75
"17022",2007,2007,2007
"17023",2007.75,2009.5,2009.5
"17024",2010.25,2010.25,2010.25
"17025",2005,2005.75,2006.25
"17026",2006,2006,2006
"17027",2006.5,2006.5,2006.5
"17028",2005.75,2006,2008
"17029",2007.25,2007.25,2007.25
"17030",2005.25,2005.25,2005.25
"17032",2006,2006,2006
"17033",2006.25,2007,2007
"17034",2005.5,2005.5,2005.5
"17035",2015.5,2015.5,2015.5
"17036",2005.5,2005.5,2006.25
"17037",2010.25,2015.75,2015.75
"17038",2006,2006,2006
"17039",2006.25,2006.25,2006.25
"17040",2010,2010.25,2010.25
"17041",2007,2007,2007
"17042",2006.25,2006.5,2008.5
"17043",2005,2005,2005
"17044",2007.25,2007.25,2009.5
"17045",2009,2009,2009
"17046",2006.25,2006.25,2006.25
"17047",2010,2010.25,2010.25
"17048",2005.25,2005.25,2007
"17049",2008.25,2008.25,2008.25
"17050",2006.25,2006.25,2006.25
"17051",2010,2010.5,2010.5
"17052",2010.5,2010.5,2010.5
"17053",2006.25,2006.5,2006.5
"17055",2005,2005.5,2005.75
"17056",2006,2006,2006
"17057",2005.5,2005.5,2005.5
"17058",2012,2015.5,2015.5
"17059",2006,2006,2008.25
"17060",2010.5,2010.5,2010.5
"17061",2006,2006.5,2009
"17062",2009,2009.5,2010.25
"17063",2009.5,2009.5,2009.5
"17064",2006.25,2006.5,2007
"17065",2005.75,2005.75,2005.75
"17066",2010.5,2010.5,2010.5
"17067",2006.5,2006.5,2006.5
"17068",2008.25,2010.25,2010.25
"17069",2009,2009,2009
"17070",2005,2005,2005
"17071",2014.75,2015.5,2015.75
"17072",2006.25,2006.25,2006.25
"17073",2006.25,2006.5,2009.5
"17074",2009,2009.5,2010.25
"17075",2010.5,2010.5,2010.5
"17076",2006,2006,2010.25
"17077",2006,2006,2006
"17078",2006.25,2006.25,2006.75
"17080",2009.5,2009.5,2009.5
"17081",2010,2010.25,2010.5
"17082",2007.5,2010.25,2010.5
"17083",2006.25,2006.25,2006.25
"17084",2009.5,2009.5,2009.5
"17086",2008.25,2008.25,2008.75
"17087",2006.5,2006.5,2006.5
"17088",2009.5,2009.5,2009.5
"17090",2006.5,2006.5,2008.5
"17093",2006.25,2006.25,2006.25
"17094",2010.25,2010.25,2010.5
"17097",2005.25,2005.25,2005.25
"17098",2005.25,2005.25,2005.25
"17099",2007.25,2007.25,2007.25
"17101",2005,2005,2005
"17102",2005,2005,2005
"17103",2005,2005,2005
"17104",2005,2005,2005
"17109",2005,2005.75,2006.25
"17110",2006,2006.25,2006.25
"17111",2005.5,2005.5,2005.5
"17112",2005.75,2006.25,2006.25
"17113",2005,2005,2005.5
"17120",2005,2005,2005
"17201",2007.5,2007.5,2007.5
"17202",2006.75,2007.5,2007.5
"17210",2010,2010.25,2010.25
"17211",2006.75,2006.75,2008
"17212",2007.5,2009.5,2009.75
"17213",2010.5,2010.5,2014.75
"17214",2005.75,2006.5,2007.25
"17215",2008.75,2009.75,2010
"17217",2010.25,2012.5,2015.5
"17219",2010.25,2012.5,2015.5
"17220",2010,2010.25,2010.25
"17221",2007.5,2008.75,2009.75
"17222",2009.75,2010.75,2010.75
"17223",2008.75,2009.75,2010
"17224",2005.25,2006,2006.25
"17225",2006.25,2006.25,2006.25
"17228",2006.25,2006.25,2008.75
"17229",2008.75,2008.75,2008.75
"17233",2006.25,2006.25,2006.25
"17235",2006.75,2006.75,2006.75
"17236",2005.5,2005.5,2005.5
"17237",2010.75,2010.75,2010.75
"17238",2006.25,2006.25,2008.5
"17239",2009.75,2010.5,2010.5
"17240",2006.5,2006.5,2006.5
"17241",2010,2010,2010.25
"17243",2010.5,2010.5,2014.75
"17244",2007.5,2007.5,2007.5
"17246",2007.5,2007.5,2007.5
"17247",2007.5,2010.75,2010.75
"17249",2010,2010.5,2010.5
"17250",2006.5,2006.5,2006.5
"17251",2010,2010.25,2010.25
"17252",2005.25,2006.5,2006.75
"17253",2010.5,2011.5,2015.5
"17254",2009.75,2010.75,2012.5
"17255",2009.75,2010.5,2010.5
"17256",2006.25,2006.25,2006.25
"17257",2008.25,2009,2010.25
"17260",2010.5,2010.5,2010.5
"17261",2010.75,2010.75,2010.75
"17262",2010,2010.25,2010.5
"17263",2006.25,2006.25,2006.25
"17264",2010.5,2010.5,2011.5
"17265",2007.5,2007.5,2007.5
"17266",2007.25,2010.25,2010.25
"17267",2006.75,2006.75,2006.75
"17268",2006.5,2006.5,2006.5
"17270",2006.75,2006.75,2006.75
"17271",2007.5,2008.75,2010
"17272",2006.5,2006.5,2006.5
"17301",2006,2006,2006
"17302",2006,2006,2006
"17304",2007.5,2008.5,2009
"17306",2007.5,2008.5,2009
"17307",2007.5,2008.5,2009
"17309",2006,2006,2006
"17311",2009.25,2009.25,2009.25
"17313",2005.25,2005.25,2005.25
"17314",2005.75,2005.75,2005.75
"17315",2006,2006,2006
"17316",2006,2006,2006
"17317",2006.25,2006.25,2006.25
"17318",2006,2006,2006
"17319",2005.5,2005.5,2005.5
"17320",2006.25,2006.25,2006.25
"17321",2008,2008,2008
"17322",2006,2006,2006
"17324",2006,2007,2008.25
"17325",2005.75,2005.75,2006.25
"17327",2009.25,2009.25,2009.25
"17329",2009.25,2009.25,2009.25
"17331",2005.25,2005.25,2005.25
"17339",2005.25,2006,2006.5
"17340",2005.75,2005.75,2007.5
"17343",2006.25,2006.25,2006.25
"17344",2005.25,2005.25,2005.25
"17345",2006,2006,2006
"17347",2006,2006,2006
"17349",2007,2007,2007
"17350",2005.75,2006,2006
"17352",2008,2008,2008
"17353",2006.25,2006.25,2006.25
"17355",2007,2007,2007
"17356",2005.25,2005.25,2005.25
"17360",2005.25,2007,2009.25
"17361",2007,2007,2007
"17362",2006,2009,2009.25
"17363",2007,2007,2007
"17364",2006,2006,2006
"17365",2006.5,2006.5,2006.5
"17366",2005.25,2005.25,2005.25
"17368",2006.25,2006.25,2006.25
"17370",2006,2006,2006
"17371",2005.25,2005.25,2005.25
"17372",2006.25,2007,2008.25
"17401",2005.25,2005.25,2005.25
"17402",2005.25,2005.25,2005.25
"17403",2005.25,2005.25,2005.25
"17404",2006,2006,2006
"17406",2006.25,2006.25,2006.25
"17407",2005.25,2005.25,2005.25
"17408",2005.25,2005.25,2005.25
"17501",2007.25,2007.25,2007.25
"17502",2006,2006,2006.25
"17505",2006.5,2006.5,2006.5
"17507",2006.25,2006.25,2006.25
"17508",2007.25,2007.25,2007.25
"17509",2006.25,2006.25,2006.25
"17512",2005.25,2006.25,2006.25
"17516",2006,2006,2006
"17517",2006.25,2006.25,2006.25
"17518",2005,2005,2005
"17519",2007.75,2007.75,2007.75
"17520",2006.25,2006.25,2006.25
"17522",2007.25,2007.25,2007.25
"17527",2006.25,2006.25,2006.25
"17529",2006.25,2006.5,2006.5
"17532",2005,2005,2005
"17535",2006.25,2006.25,2006.25
"17536",2006,2006,2006
"17538",2005.25,2006.25,2006.25
"17540",2007.25,2007.25,2007.25
"17543",2006.25,2006.25,2007.25
"17545",2006.25,2006.25,2006.25
"17547",2006.25,2006.25,2006.25
"17550",2006.25,2006.25,2006.25
"17551",2005.25,2005.25,2005.25
"17552",2006.25,2006.25,2007
"17554",2005.25,2005.25,2005.25
"17555",2007.75,2007.75,2007.75
"17557",2007.25,2007.75,2007.75
"17560",2005,2005,2005
"17562",2006.25,2006.25,2006.25
"17563",2005.75,2005.75,2006
"17565",2005.25,2006,2006
"17566",2005,2006,2006
"17569",2006.25,2006.25,2006.25
"17570",2007,2007,2007
"17572",2006.5,2006.5,2006.5
"17576",2006.5,2006.5,2006.5
"17578",2006.25,2006.25,2006.25
"17579",2006.5,2006.5,2006.5
"17581",2007.75,2007.75,2007.75
"17582",2005.25,2005.25,2005.25
"17584",2006.5,2006.5,2006.5
"17601",2006.25,2006.25,2006.5
"17602",2006.5,2006.5,2006.5
"17603",2005.25,2005.25,2005.25
"17606",2006.25,2006.25,2006.25
"17701",2008,2010,2012
"17702",2009,2010,2010.25
"17721",2010.75,2012.75,2012.75
"17723",2012.5,2015.75,9999
"17724",2007.5,2013,2013
"17727",2014,2015.25,2015.25
"17728",2007.25,2007.5,2009.75
"17729",2015.75,9999,9999
"17730",2009.75,2009.75,2009.75
"17731",2010.5,2011.25,2014.5
"17737",2008,2008.25,2008.25
"17739",2015.25,2015.5,9999
"17740",2010.75,2012.75,2012.75
"17742",2010.25,2010.25,2010.25
"17744",2010,2010.25,2012
"17745",2012.5,2013.75,2015.25
"17747",2010.25,2010.75,2012.75
"17748",2010.75,2012.75,2012.75
"17749",2008,2009.75,2009.75
"17750",2009.5,2010,2010.75
"17751",2010.75,2012.5,2015.5
"17752",2006.75,2006.75,2006.75
"17754",2006.75,2006.75,2006.75
"17756",2008.25,2008.25,2008.25
"17758",2008,2011.25,2011.25
"17760",2015.25,2015.25,2015.25
"17762",2008,2008.25,2008.25
"17763",2007.25,2012,2013
"17764",2015.5,2015.75,9999
"17765",2007.25,2012,2013
"17767",2006,2006,2006
"17768",2013,9999,9999
"17771",2007.25,2007.25,2008.75
"17772",2008.25,2008.25,2009.75
"17774",2010.25,2010.25,2011.25
"17776",2008.75,2012,2013
"17777",2009.75,2009.75,2009.75
"17778",2014.25,2015.5,9999
"17779",2009.75,2010.75,2012.75
"17801",2008.75,2008.75,2008.75
"17810",2009.75,2009.75,2009.75
"17812",2008.25,2008.25,2008.25
"17813",2008.25,2008.25,2008.25
"17814",2006,2010.25,2011
"17815",2005.75,2006,2006
"17820",2009.75,2010.25,2010.25
"17821",2006.5,2008,2010.25
"17822",2010.25,2010.25,2010.25
"17823",2008.75,2008.75,2008.75
"17824",2010.25,2010.25,2010.25
"17827",2010,2010,2010
"17829",2008.25,2008.25,2008.75
"17830",2009.5,2009.5,2009.5
"17832",2009.25,2009.25,2009.25
"17834",2009.25,2009.25,2009.25
"17835",2008.25,2008.25,2008.25
"17836",2009.5,2010.25,2010.5
"17837",2008.75,2008.75,2008.75
"17840",2009.25,2009.25,2009.25
"17841",2008.25,2009.5,2010.25
"17842",2010,2010,2010
"17844",2008.75,2009.75,2010
"17845",2008.25,2009,2010
"17846",2010.25,2010.25,2010.25
"17847",2006.5,2007,2008.75
"17850",2006.5,2006.5,2008.75
"17851",2009.25,2009.25,2009.25
"17853",2009.75,2010.25,2010.5
"17855",2008.75,2008.75,2008.75
"17856",2009.75,2009.75,2009.75
"17857",2006.5,2006.5,2006.5
"17859",2010.25,2010.25,2010.5
"17860",2009.75,2010.25,2010.25
"17861",2010,2010,2010
"17862",2010,2010,2010
"17864",2009.5,2009.5,2009.5
"17865",2006.5,2006.5,2006.5
"17866",2009.25,2009.25,2009.75
"17867",2008.75,2009.75,2010.5
"17868",2010.25,2010.25,2010.25
"17870",2008.75,2008.75,2010
"17872",2008.75,2009.25,2009.75
"17876",2008.75,2008.75,2008.75
"17878",2010.5,2011,2011
"17880",2008.25,2008.25,2008.25
"17881",2008.75,2009.75,2010.5
"17884",2008,2009.75,2009.75
"17885",2010.5,2012.5,2012.5
"17886",2009,2009.75,2009.75
"17887",2009.75,2009.75,2009.75
"17888",2009.25,2009.25,2009.75
"17889",2008.75,2008.75,2008.75
"17901",2008.25,2009.25,2009.75
"17920",2008.5,2009,2010.25
"17921",2009.25,2009.25,2009.25
"17922",2005,2005,2006.25
"17923",2008.25,2008.25,2008.25
"17925",2005.5,2005.5,2005.5
"17929",2008.25,2008.25,2008.25
"17930",2005.5,2005.5,2005.5
"17931",2007.5,2008.5,2009.75
"17933",2008.25,2008.25,2008.25
"17934",2007,2008.5,2008.5
"17935",2007.25,2008.5,2008.5
"17936",2009.25,2009.25,2009.25
"17938",2005.75,2006,2006.25
"17941",2005.25,2005.25,2005.25
"17943",2009.25,2009.25,2009.25
"17944",2008.5,2009.75,2009.75
"17945",2009.25,2009.25,2009.25
"17946",2007,2008.5,2008.5
"17948",2007.25,2008.5,2008.5
"17949",2007,2008.5,2008.5
"17951",2008.5,2009.75,2009.75
"17952",2005.5,2005.5,2005.5
"17953",2005.5,2005.5,2005.5
"17954",2008.5,2009.75,2009.75
"17957",2006.25,2006.25,2006.25
"17959",2005.5,2005.5,2005.5
"17960",2005.5,2007.25,2008.5
"17961",2005.5,2005.5,2005.5
"17963",2006.25,2006.25,2006.5
"17964",2009.25,2009.25,2009.25
"17965",2008.5,2009.75,2009.75
"17967",2007,2008.5,2008.5
"17968",2005.25,2005.25,2005.25
"17970",2008.5,2009.75,2009.75
"17972",2006.5,2008.25,2008.25
"17974",2008.5,2009.75,2009.75
"17976",2007,2008.5,2008.5
"17978",2005.25,2005.25,2005.25
"17979",2008.25,2008.25,2008.25
"17980",2005.75,2005.75,2005.75
"17981",2006.25,2006.25,2006.25
"17982",2007.25,2008.5,2009.25
"17983",2005.25,2005.25,2006
"17985",2006,2007,2008.5
"18011",2009.25,2009.75,2009.75
"18013",2006.5,2006.5,2006.5
"18014",2006.25,2006.5,2006.5
"18015",2006.5,2006.5,2006.5
"18016",2006.5,2006.5,2006.5
"18017",2006.5,2006.5,2006.5
"18018",2006.5,2006.5,2006.5
"18020",2006.5,2006.5,2007.5
"18030",2005.5,2005.5,2005.5
"18031",2006.75,2008.5,2009.75
"18032",2005.25,2005.25,2005.25
"18034",2006.5,2006.5,2007.25
"18035",2006,2006.5,2006.5
"18036",2007.25,2007.25,2007.25
"18037",2005.25,2005.25,2005.25
"18038",2006,2006.5,2006.5
"18040",2008.5,2009.25,2009.25
"18041",2007.5,2009.75,2009.75
"18042",2006.5,2006.5,2006.5
"18045",2007.5,2009.25,2009.25
"18046",2009.75,2009.75,2009.75
"18049",2009.75,2009.75,2009.75
"18051",2005.5,2006.5,2006.75
"18052",2005.25,2005.25,2005.25
"18053",2005.5,2005.5,2005.5
"18054",2005.5,2005.5,2005.5
"18055",2006.5,2006.5,2006.5
"18056",2009.75,2009.75,2009.75
"18058",2006,2006,2006
"18059",2006,2006.5,2006.5
"18062",2009.75,2009.75,2009.75
"18063",2006.5,2006.5,2006.5
"18064",2009.25,2009.25,2009.25
"18066",2006,2006.75,2007.5
"18067",2005.5,2006,2006.5
"18068",2009.75,2009.75,2009.75
"18069",2005.25,2005.25,2006.25
"18070",2009.75,2009.75,2009.75
"18071",2005.5,2005.5,2005.5
"18072",2006.5,2006.5,2006.5
"18073",2007.25,2007.5,2007.5
"18074",2007.5,2007.5,2007.5
"18076",2007.5,2007.5,2007.5
"18077",2006.5,2006.5,2006.5
"18078",2005.25,2005.5,2006.5
"18079",2005.5,2005.5,2005.5
"18080",2005.5,2005.5,2005.5
"18081",2006.5,2006.5,2006.5
"18083",2009.25,2009.25,2009.25
"18085",2009.25,2009.25,2009.25
"18086",2006,2006.5,2006.5
"18087",2009.75,2009.75,2009.75
"18088",2005.5,2005.5,2006
"18091",2006.5,2006.5,2006.5
"18092",2009.75,2009.75,2009.75
"18101",2005.25,2005.25,2005.25
"18102",2005.25,2005.25,2005.25
"18103",2005.25,2005.25,2005.25
"18104",2005.25,2005.25,2005.25
"18105",2005.25,2005.25,2005.25
"18106",2005.25,2006,2006.75
"18109",2005.25,2005.25,2005.25
"18195",2005.5,2006.5,2006.75
"18201",2007.25,2007.25,2007.25
"18202",2007.25,2007.25,2007.25
"18210",2006.5,2007.5,2009
"18211",2005,2005,2005.5
"18212",2005.5,2005.5,2005.5
"18214",2006.75,2008.5,2009.25
"18216",2005,2006.5,2007.25
"18218",2005,2005,2005
"18219",2007.25,2007.25,2007.25
"18220",2007.25,2008.5,2009.25
"18221",2007.25,2007.25,2007.25
"18222",2007.25,2007.25,2007.25
"18223",2007.25,2007.25,2007.25
"18224",2005.5,2007.25,2007.25
"18225",2007.25,2007.25,2007.25
"18229",2006.5,2006.75,2007.5
"18230",2007.25,2007.25,2007.25
"18231",2007.25,2007.25,2007.25
"18232",2005,2005,2005
"18234",2007.25,2007.25,2007.25
"18235",2005,2005.5,2005.5
"18237",2007.25,2008.5,2009.25
"18239",2007.25,2007.25,2007.25
"18240",2005,2005,2005
"18241",2006,2006,2006
"18242",2007,2008.5,2008.5
"18244",2005.5,2005.5,2005.5
"18245",2007.25,2008.5,2009.25
"18246",2006,2006,2006
"18248",2007.25,2008.5,2008.5
"18249",2006,2006,2006
"18250",2005,2005,2005
"18251",2007.25,2007.25,2007.25
"18252",2005,2005.5,2005.5
"18254",2007.25,2007.25,2007.25
"18255",2005,2005,2007.25
"18256",2006,2006,2006
"18301",2006.75,2006.75,2006.75
"18302",2006.75,2007,2007
"18321",2006.75,2006.75,2006.75
"18322",2006,2006,2006
"18323",2007,2007,2007
"18324",2006.25,2006.25,2006.25
"18325",2007,2007,2009.25
"18326",2006.5,2007,2007
"18327",2006.75,2009,2009
"18328",2006.25,2006.25,2007
"18330",2006,2006,2006.25
"18331",2006,2006,2006
"18332",2006.75,2006.75,2007
"18333",2006,2006,2006
"18334",2009.5,2009.5,2009.5
"18335",2009,2009,2009
"18336",2007,2007,2007
"18337",2007,2007,2008
"18340",2007,2007,2007
"18342",2007,2007,2007
"18343",2007,2009,2009.25
"18344",2006.25,2006.25,2006.25
"18346",2006.25,2006.25,2006.5
"18347",2006,2006.75,2007.5
"18349",2009.5,2009.5,2009.5
"18350",2006.25,2006.75,2009.5
"18351",2007,2009,2009.5
"18352",2009.5,2009.5,2009.5
"18353",2006,2006,2006
"18354",2006.5,2006.5,2006.5
"18355",2009.5,2009.5,2009.5
"18356",2009,2009,2009
"18357",2007,2007,2009.25
"18360",2006.75,2006.75,2006.75
"18370",2009.5,2009.5,2009.5
"18371",2006.25,2006.25,2006.25
"18372",2006.75,2009.5,2009.5
"18403",2010.5,2010.5,2010.5
"18405",2005.5,2005.5,2005.75
"18407",2005.5,2006.75,2006.75
"18411",2006,2006.5,2007
"18413",2006.75,2006.75,2006.75
"18414",2007,2007.25,2007.25
"18415",2009.5,2010.5,2010.5
"18417",2011,2015.75,2015.75
"18419",2006.75,2007.25,2007.75
"18420",2006.75,2006.75,2006.75
"18421",2005.5,2005.5,2006.75
"18424",2006.25,2006.25,2006.75
"18425",2006.25,2006.25,2006.25
"18426",2010,2011,2011
"18427",2010,2010.25,2011
"18428",2006.25,2010,2012
"18430",2007,2007,2007
"18431",2012.5,2012.5,2015.75
"18433",2006.75,2006.75,2007.25
"18434",2010.5,2010.5,2010.5
"18435",2006.25,2006.25,2006.25
"18436",2010,2010,2010.5
"18437",2010.5,2015.5,2015.75
"18438",2010,2010,2010
"18439",2007,2007,2015.5
"18441",2006.75,2006.75,2006.75
"18443",2008,2010.5,2010.5
"18444",2005.5,2007,2007
"18445",2010.5,2011,2011
"18446",2006.75,2006.75,2006.75
"18447",2007.25,2007.25,2007.25
"18451",2005.5,2010,2011
"18452",2007.25,2009,2010.5
"18453",2007,2007,2012.25
"18454",2007,2007,2007
"18455",2006.75,2006.75,2006.75
"18456",2012.5,2012.5,2015.75
"18457",2005.5,2005.5,2012.5
"18458",2006.25,2006.25,2006.25
"18459",2010.5,2010.5,2010.5
"18460",2006.5,2009.5,2010.5
"18461",2006.75,2010.5,2015.5
"18462",2006.75,2006.75,2006.75
"18463",2011,2011,2011
"18464",2005.5,2011,2012.5
"18465",2006.75,2006.75,2007
"18466",2006.25,2006.25,2006.25
"18469",2010.5,2010.5,2010.5
"18470",2006.75,2006.75,2007
"18471",2007,2007.25,2007.25
"18472",2006.75,2007,2010.5
"18473",2011,2012.5,2012.5
"18503",2005.5,2005.5,2005.5
"18504",2005.5,2005.5,2005.5
"18505",2005.5,2005.5,2005.5
"18507",2005.5,2005.5,2005.5
"18508",2006.75,2007,2007.25
"18509",2005.5,2005.5,2005.5
"18510",2005.5,2005.5,2005.5
"18512",2007,2007.25,2007.5
"18517",2005.5,2005.5,2005.5
"18518",2005.5,2005.5,2005.5
"18519",2007,2007.25,2007.25
"18602",2005,2005.25,2005.75
"18603",2006,2006.5,2006.75
"18610",2007,2009.25,2009.5
"18612",2006.5,2006.5,2006.5
"18614",2010.5,2010.5,2012
"18615",2006.5,2006.75,2007.75
"18616",2013,9999,9999
"18617",2006.75,2009.25,2010.5
"18618",2007.5,2009,2010.5
"18619",2009,2014.5,9999
"18621",2007.75,2008.25,2009
"18622",2010.5,2011,2011
"18623",2008.5,2009,2010.5
"18624",2006.25,2006.75,2008.5
"18625",2007.75,2007.75,2007.75
"18626",2010.5,2010.5,2011.25
"18628",2007.75,2012,9999
"18629",2006,2007.75,2010.5
"18630",2006.25,2006.25,2006.75
"18631",2005,2005,2005
"18632",2010.5,2010.5,2011.25
"18634",2005.25,2006.75,2008.25
"18635",2006,2006,2006
"18636",2010.25,2010.5,2012
"18640",2005,2005.5,2005.5
"18641",2005.5,2005.5,2005.5
"18642",2005.5,2005.5,2005.5
"18643",2006.25,2006.5,2006.5
"18644",2005.25,2006.5,2006.5
"18651",2005.25,2005.25,2005.25
"18653",2006.5,2006.5,2006.5
"18655",2008,2010.25,2010.5
"18656",2005.75,2007.75,2009
"18657",2006.5,2006.75,2007.75
"18660",2007.5,2009,2010.25
"18661",2005,2006.25,2007.5
"18701",2005.25,2005.25,2005.25
"18702",2005,2005.25,2005.5
"18704",2005.25,2005.25,2005.25
"18705",2005.25,2005.25,2005.25
"18706",2005.25,2005.25,2005.25
"18707",2007.5,2008.5,2009.25
"18708",2005.25,2005.25,2005.25
"18709",2005.25,2005.25,2005.25
"18801",2007,2008.75,2009.75
"18810",2007.5,2009.75,2009.75
"18812",2009.75,2009.75,2009.75
"18814",2007.5,2007.5,2007.5
"18816",2006.75,2006.75,2006.75
"18817",2007.5,2008.5,2009.75
"18818",2009.75,2009.75,2014
"18821",2006,2006,2006
"18822",2006,2006,2006
"18823",2006.75,2006.75,2006.75
"18824",2006.75,2006.75,2006.75
"18825",2006.75,2006.75,2006.75
"18826",2006.75,2006.75,2006.75
"18828",2009,2012,2015.75
"18829",2015.75,2015.75,9999
"18830",2006.5,2007.25,2009
"18831",2007.5,2008.5,2009.75
"18832",2008.5,2008.5,2010.5
"18833",2010.5,2010.5,2011.25
"18834",2006.5,2006.75,2006.75
"18837",2009,2009.75,2015.75
"18840",2007.5,2008.5,2009.75
"18842",2006.75,2006.75,2006.75
"18843",2006.5,2006.5,2006.5
"18844",2006.75,2006.75,2006.75
"18845",2009,2010.5,2014.5
"18846",2010.5,2010.5,2010.5
"18847",2006.75,2006.75,2006.75
"18848",2008.5,2008.5,2008.5
"18850",2007.5,2007.5,2008.5
"18851",2007.25,2009,2015.75
"18853",2008.5,2010.5,2010.5
"18854",2008.5,2008.5,2008.5
"18901",2005.25,2005.25,2005.25
"18902",2005.25,2009.25,2009.75
"18912",2010.25,2010.25,2010.25
"18913",2009.5,2009.75,2010.5
"18914",2005.25,2005.25,2005.25
"18915",2005.25,2005.25,2005.25
"18917",2005.25,2005.25,2005.25
"18920",2006.5,2006.5,2006.5
"18923",2005.25,2005.25,2005.25
"18925",2010.25,2010.25,2010.25
"18929",2010.25,2010.25,2010.25
"18930",2006.5,2006.5,2006.5
"18932",2005.25,2005.25,2005.25
"18935",2007.25,2007.25,2007.25
"18936",2007,2008,2008
"18938",2010,2010.25,2010.25
"18940",2008.25,2010.25,2010.25
"18942",2005.25,2005.25,2005.25
"18944",2005.25,2005.25,2005.25
"18947",2005.25,2005.25,2005.25
"18950",2009,2009.5,2010
"18951",2007.25,2007.25,2007.25
"18954",2010.25,2010.25,2010.25
"18955",2007.25,2007.25,2007.25
"18960",2005.5,2005.5,2005.5
"18962",2005.25,2005.25,2005.25
"18964",2005.5,2005.5,2005.5
"18966",2005.25,2005.25,2006.5
"18969",2005.5,2005.5,2005.5
"18970",2007.25,2007.25,2007.25
"18972",2006.5,2006.5,2006.5
"18974",2009.25,2010.25,2010.25
"18976",2005.25,2005.25,2005.25
"18977",2006.5,2006.5,2006.5
"18980",2010.25,2010.25,2010.25
"19001",2005.25,2005.25,2005.25
"19002",2008,2008,2008
"19003",2005.5,2005.5,2005.5
"19004",2005.5,2005.5,2005.5
"19006",2005.25,2005.25,2005.25
"19007",2005.25,2005.25,2005.25
"19008",2005.5,2005.5,2005.5
"19009",2005.25,2005.25,2005.25
"19010",2005.5,2005.5,2005.5
"19012",2005.25,2005.25,2005.25
"19013",2005.25,2005.25,2005.25
"19014",2005.25,2005.25,2005.25
"19015",2005.25,2005.25,2005.25
"19017",2005.25,2005.25,2005.25
"19018",2005.25,2005.25,2005.25
"19020",2005.25,2005.25,2005.25
"19021",2005.25,2005.25,2005.25
"19022",2005.25,2005.25,2005.25
"19023",2005.25,2005.25,2005.25
"19025",2008,2008,2008
"19026",2005.5,2005.5,2005.5
"19027",2005.25,2005.25,2005.25
"19029",2005.25,2005.25,2005.25
"19030",2006.5,2006.5,2006.5
"19031",2008,2008,2008
"19032",2005.25,2005.25,2005.25
"19033",2005.25,2005.25,2005.25
"19034",2008,2008,2008
"19035",2005.5,2005.5,2005.5
"19036",2005.25,2005.25,2005.25
"19038",2007.5,2008,2008
"19040",2005.25,2005.25,2005.25
"19041",2005.5,2005.5,2005.5
"19043",2005.25,2005.25,2005.25
"19044",2007.5,2008,2008
"19046",2005.25,2005.25,2005.25
"19047",2005.25,2006.5,2006.5
"19050",2005.25,2005.25,2005.25
"19053",2005.25,2005.25,2005.25
"19054",2005.25,2006.5,2006.5
"19055",2005.25,2005.25,2005.25
"19056",2005.25,2005.25,2005.25
"19057",2005.25,2005.25,2005.25
"19060",2005.25,2005.25,2005.25
"19061",2005.25,2005.25,2005.25
"19063",2005.25,2005.25,2005.25
"19064",2005.25,2005.25,2005.25
"19066",2005.5,2005.5,2005.5
"19067",2006.5,2006.5,2006.5
"19070",2005.25,2005.25,2005.25
"19072",2005.5,2005.5,2005.5
"19073",2009.25,2010.5,2010.5
"19074",2005.25,2005.25,2005.25
"19075",2008,2008,2008
"19076",2005.25,2005.25,2005.25
"19078",2005.25,2005.25,2005.25
"19079",2005.25,2005.25,2005.25
"19081",2005.25,2005.25,2005.25
"19082",2005.5,2005.5,2005.5
"19083",2005.5,2005.5,2005.5
"19085",2005.5,2005.5,2005.5
"19086",2005.25,2005.25,2005.25
"19087",2010.5,2010.5,2010.5
"19090",2005.25,2005.25,2005.25
"19094",2005.25,2005.25,2005.25
"19095",2005.25,2005.25,2005.25
"19096",2005.5,2005.5,2005.5
"19102",2005.25,2005.25,2005.25
"19103",2005.25,2005.25,2005.25
"19104",2005.5,2005.5,2005.5
"19106",2005.25,2005.25,2005.25
"19107",2005.25,2005.25,2005.25
"19109",2005.25,2005.25,2005.25
"19111",2005.25,2005.25,2005.25
"19112",2005.25,2005.25,2005.25
"19113",2005.25,2005.25,2005.25
"19114",2005.25,2005.25,2005.25
"19115",2005.25,2005.25,2005.25
"19116",2005.25,2005.25,2005.25
"19118",2005.5,2005.5,2005.5
"19119",2005.5,2005.5,2005.5
"19120",2005.25,2005.25,2005.25
"19121",2005.25,2005.25,2005.25
"19122",2005.25,2005.25,2005.25
"19123",2005.25,2005.25,2005.25
"19124",2005.25,2005.25,2005.25
"19125",2005.25,2005.25,2005.25
"19126",2005.25,2005.25,2005.25
"19127",2005.5,2005.5,2005.5
"19128",2005.5,2005.5,2005.5
"19129",2005.5,2005.5,2005.5
"19130",2005.25,2005.25,2005.25
"19131",2005.5,2005.5,2005.5
"19132",2005.25,2005.25,2005.25
"19133",2005.25,2005.25,2005.25
"19134",2005.25,2005.25,2005.25
"19135",2005.25,2005.25,2005.25
"19136",2005.25,2005.25,2005.25
"19137",2005.25,2005.25,2005.25
"19138",2005.25,2005.25,2005.25
"19139",2005.5,2005.5,2005.5
"19140",2005.25,2005.25,2005.25
"19141",2005.25,2005.25,2005.25
"19142",2005.25,2005.25,2005.25
"19143",2005.5,2005.5,2005.5
"19144",2005.25,2005.5,2005.5
"19145",2005.25,2005.25,2005.25
"19146",2005.25,2005.25,2005.25
"19147",2005.25,2005.25,2005.25
"19148",2005.25,2005.25,2005.25
"19149",2005.25,2005.25,2005.25
"19150",2005.5,2005.5,2005.5
"19151",2005.5,2005.5,2005.5
"19152",2005.25,2005.25,2005.25
"19153",2005.25,2005.25,2005.25
"19154",2005.25,2005.25,2005.25
"19301",2010.5,2010.5,2010.5
"19310",2006.25,2006.25,2006.25
"19311",2005,2006.25,2006.25
"19312",2010.5,2010.5,2010.5
"19316",2008.75,2009.75,2010.5
"19317",2005.25,2005.75,2005.75
"19319",2005.25,2005.25,2005.25
"19320",2010.25,2010.25,2010.25
"19330",2005,2005.25,2006
"19333",2010.5,2010.5,2010.5
"19335",2005.5,2005.5,2005.75
"19341",2005.5,2005.5,2005.5
"19342",2005.25,2005.25,2005.25
"19343",2006.75,2008.75,2010.25
"19344",2007.75,2008.75,2009.75
"19345",2005.5,2005.5,2005.5
"19348",2005.75,2005.75,2006.25
"19350",2005,2006,2006.25
"19352",2005,2005,2005
"19355",2005.5,2009.5,2010.5
"19358",2010.25,2010.25,2010.25
"19362",2007.75,2007.75,2007.75
"19363",2005.5,2006,2006
"19365",2010.25,2010.25,2010.25
"19367",2010.25,2010.25,2010.25
"19372",2010.25,2010.25,2010.25
"19373",2005.25,2005.25,2005.25
"19374",2006.25,2006.25,2006.25
"19375",2005.75,2005.75,2005.75
"19380",2005.5,2005.75,2005.75
"19382",2005.75,2005.75,2005.75
"19383",2005.75,2005.75,2005.75
"19390",2005,2005,2005
"19401",2008,2008,2008
"19403",2006.5,2006.5,2006.5
"19405",2007.5,2008,2008
"19406",2007.5,2010.5,2010.5
"19422",2008,2008,2008
"19425",2005.5,2005.5,2005.5
"19426",2006.5,2006.5,2006.5
"19428",2005.5,2005.5,2005.5
"19435",2007.5,2007.5,2007.5
"19436",2008,2008,2008
"19437",2008,2008,2008
"19438",2005.5,2005.5,2005.5
"19440",2005.25,2005.25,2005.25
"19442",2005.5,2007.75,2007.75
"19444",2005.5,2007.5,2008
"19446",2005.5,2006.5,2006.5
"19453",2006.5,2006.5,2006.5
"19454",2005.25,2007.5,2008
"19456",2006.5,2006.5,2006.5
"19457",2007.75,2007.75,2007.75
"19460",2006.5,2006.75,2007.75
"19462",2008,2008,2008
"19464",2007.75,2007.75,2007.75
"19465",2007.75,2007.75,2007.75
"19468",2007.75,2007.75,2007.75
"19472",2007.5,2007.5,2007.5
"19473",2006.5,2006.5,2006.5
"19474",2006.5,2006.5,2006.5
"19475",2007.75,2007.75,2007.75
"19477",2008,2008,2008
"19492",2005.5,2005.5,2006.75
"19501",2006.25,2006.25,2006.25
"19503",2007.5,2007.5,2007.5
"19504",2007.5,2007.5,2007.5
"19505",2007.5,2007.5,2007.5
"19506",2007.5,2009.75,2009.75
"19507",2006.5,2006.5,2006.5
"19508",2007.75,2008.75,2009.5
"19510",2005,2005,2005
"19511",2006.75,2009,2010.5
"19512",2009.5,2009.5,2009.5
"19518",2009.5,2009.5,2009.5
"19519",2009.5,2009.5,2009.5
"19520",2008.75,2009.5,2010.25
"19522",2009.5,2009.5,2009.5
"19523",2008.75,2009.25,2009.75
"19525",2007.5,2007.5,2007.5
"19526",2006.5,2008.25,2009.75
"19529",2008.5,2009.25,2009.25
"19530",2007.5,2009.75,2010.5
"19533",2005,2005,2005
"19534",2009.75,2010.25,2010.25
"19535",2009.5,2009.5,2009.5
"19536",2006.75,2009,2010.5
"19538",2006.75,2009,2010.5
"19539",2007,2009.25,2010.5
"19540",2006.25,2006.25,2006.25
"19541",2006.5,2007.25,2009.75
"19542",2008.75,2009.25,2009.75
"19543",2006.75,2007.75,2007.75
"19544",2006.5,2006.5,2006.5
"19545",2007.5,2007.5,2007.5
"19547",2009.5,2009.5,2009.5
"19549",2005,2005,2005.75
"19550",2006.5,2006.5,2006.5
"19551",2006.5,2007.5,2009.75
"19554",2005,2005,2005.75
"19555",2009.75,2009.75,2010.25
"19559",2006.75,2008.25,2009.75
"19560",2005,2005,2005
"19562",2006.75,2009,2010.5
"19564",2009.75,2010.25,2012.5
"19565",2006.25,2006.5,2008.5
"19567",2006.5,2006.75,2009.5
"19601",2005,2005,2005
"19602",2005,2005,2005
"19604",2005,2005,2005
"19605",2005,2005,2005
"19606",2006.25,2008.5,2009.5
"19607",2006.25,2006.25,2006.25
"19608",2006.25,2006.25,2006.25
"19609",2005,2006.25,2006.25
"19610",2005,2005,2005
"19611",2005,2005,2006.25
"19701",2006.25,2006.25,2007
"19702",2006.25,2006.25,2006.25
"19703",2005.5,2005.5,2005.5
"19706",2006.75,2006.75,2006.75
"19707",2006.25,2006.25,2006.25
"19709",2006.25,2007,2007
"19710",2005.5,2005.5,2005.5
"19711",2006.25,2006.25,2006.25
"19713",2006.25,2006.25,2006.25
"19716",2006.25,2006.25,2006.25
"19717",2006.25,2006.25,2006.25
"19720",2006.75,2006.75,2006.75
"19730",2005.5,2005.5,2005.5
"19731",2005.5,2005.5,2005.5
"19732",2005.5,2005.5,2005.5
"19733",2005.5,2005.5,2005.5
"19734",2006.25,2006.75,2007.25
"19735",2006.25,2006.25,2006.25
"19736",2006.25,2006.25,2006.25
"19801",2005.5,2005.5,2005.5
"19802",2005.5,2005.5,2005.5
"19803",2005.5,2005.5,2005.5
"19804",2005.5,2006.25,2006.25
"19805",2005.5,2005.5,2005.5
"19806",2005.5,2005.5,2005.5
"19807",2006.25,2006.25,2006.25
"19808",2006.25,2006.25,2006.25
"19809",2005.5,2005.5,2005.5
"19810",2005.5,2005.5,2005.5
"19901",2008.25,2009.5,2010.75
"19902",2009.5,2010.75,2010.75
"19904",2007.25,2008.75,2009.5
"19930",2007.75,2007.75,2007.75
"19931",2007,2007,2007
"19933",2007.5,2007.5,2008.25
"19934",2006.75,2007.25,2009.5
"19936",2007.25,2008.25,2009.5
"19938",2007.25,2007.5,2008.25
"19939",2006.25,2006.25,2006.25
"19940",2006,2006,2006
"19941",2007.5,2007.5,2007.5
"19943",2006.25,2006.25,2007.25
"19944",2007.75,2007.75,2007.75
"19945",2006.25,2006.25,2007.75
"19946",2005.75,2006,2006.25
"19947",2007.25,2007.5,2007.75
"19950",2007.5,2007.5,2007.5
"19951",2007.75,2007.75,2007.75
"19952",2006.25,2006.25,2006.5
"19953",2007.25,2008.75,2009.5
"19954",2006,2006,2006
"19955",2007.25,2008.25,2009.5
"19956",2006,2006.25,2007
"19958",2007.75,2007.75,2007.75
"19960",2006,2007,2007.5
"19962",2005.75,2006,2006.25
"19963",2006.5,2007.25,2008.25
"19964",2006.75,2007.25,2009.5
"19966",2006.25,2006.25,2007.5
"19967",2007.75,2007.75,2007.75
"19968",2007.75,2007.75,2007.75
"19970",2007.75,2007.75,2007.75
"19971",2007.75,2007.75,2007.75
"19973",2007,2007,2007
"19975",2006.25,2007.75,2007.75
"19977",2006.75,2007,2007.25
"19979",2006,2006.25,2006.75
"20001",2008,2008.5,2008.5
"20002",2008,2008.5,2008.5
"20003",2008,2008.5,2008.5
"20004",2008,2008.5,2008.5
"20005",2008,2008.5,2008.5
"20006",2008,2008.5,2008.5
"20007",2005.25,2006,2008
"20008",2008,2008.5,2008.5
"20009",2008,2008.5,2008.5
"20010",2008,2008.5,2008.5
"20011",2008,2008.5,2008.5
"20012",2008,2008.5,2008.5
"20015",2008,2008,2008.5
"20016",2005,2005,2005
"20017",2008,2008.5,2008.5
"20018",2008,2008.5,2008.5
"20019",2008,2008.5,2008.5
"20020",2005.75,2006,2008
"20024",2008,2008.25,2008.5
"20032",2005.75,2005.75,2005.75
"20036",2008,2008.5,2008.5
"20037",2008,2008.5,2008.5
"20045",2008,2008.5,2008.5
"20052",2008,2008.5,2008.5
"20053",2008,2008.5,2008.5
"20057",2008,2008.5,2008.5
"20064",2008,2008.5,2008.5
"20105",2006.75,2006.75,2007
"20106",2009,2010.5,2010.75
"20109",2005.5,2005.5,2005.5
"20110",2005.25,2006,2008
"20111",2005.25,2005.25,2005.25
"20112",2005.25,2005.25,2005.25
"20115",2009,2009,2009
"20117",2008.5,2008.5,2008.5
"20118",2008.5,2008.5,2008.5
"20119",2008.75,2010.25,2010.5
"20120",2005.5,2005.5,2005.5
"20121",2006,2006,2006
"20124",2006,2006,2006
"20129",2008.5,2008.5,2008.5
"20130",2009,2009,2009
"20132",2008.5,2008.5,2008.5
"20135",2009,2009,2009
"20136",2008,2008,2008
"20137",2005.5,2007,2008
"20139",2007.25,2007.25,2008
"20141",2008.5,2008.5,2008.5
"20143",2005.5,2005.5,2005.5
"20144",2009,2009,2009
"20147",2006.75,2006.75,2006.75
"20148",2006.75,2006.75,2006.75
"20151",2006,2006,2006
"20152",2005.5,2005.5,2006.75
"20155",2005.5,2005.5,2005.5
"20158",2008.5,2008.5,2008.5
"20164",2006,2006,2006
"20165",2006,2007,2008
"20166",2006,2006.75,2006.75
"20169",2005.5,2005.5,2005.5
"20170",2006,2006,2006
"20171",2006,2006,2006
"20175",2006.75,2008.25,2008.25
"20176",2008.25,2008.25,2008.25
"20180",2008.5,2008.5,2008.5
"20181",2008,2008,2008
"20184",2009,2009,2009
"20186",2007.25,2007.25,2008
"20187",2007.25,2008,2008.75
"20190",2006,2006,2006
"20191",2006,2006,2006
"20194",2006,2006,2006
"20197",2008.5,2008.5,2008.5
"20198",2005.5,2006,2008
"20202",2008,2008.5,2008.5
"20204",2008,2008.5,2008.5
"20228",2008,2008.5,2008.5
"20230",2008,2008.5,2008.5
"20240",2008,2008.5,2008.5
"20245",2008,2008.5,2008.5
"20260",2008,2008.5,2008.5
"20307",2008,2008.5,2008.5
"20317",2008,2008.5,2008.5
"20319",2005.75,2006,2008
"20373",2005.75,2005.75,2005.75
"20390",2008,2008.5,2008.5
"20405",2008,2008.5,2008.5
"20418",2008,2008.5,2008.5
"20427",2008,2008.5,2008.5
"20506",2008,2008.5,2008.5
"20510",2008,2008.5,2008.5
"20520",2008,2008.5,2008.5
"20535",2008,2008.5,2008.5
"20540",2008,2008.5,2008.5
"20551",2008,2008.5,2008.5
"20553",2008,2008.5,2008.5
"20560",2008,2008.5,2008.5
"20565",2008,2008.5,2008.5
"20566",2008,2008.5,2008.5
"20593",2005.75,2007.75,2008
"20601",2005.75,2005.75,2005.75
"20602",2005.75,2005.75,2005.75
"20603",2007.75,2007.75,2007.75
"20606",2010,2010,2010
"20607",2007.75,2007.75,2007.75
"20608",2005.5,2005.5,2005.5
"20609",2010,2010,2010
"20611",2005.5,2005.5,2006.75
"20612",2005.25,2005.25,2005.25
"20613",2005.75,2005.75,2005.75
"20615",2005.75,2005.75,2005.75
"20616",2007.75,2007.75,2007.75
"20617",2007.75,2010.5,2010.75
"20618",2010,2010,2010
"20619",2005.5,2005.5,2005.5
"20620",2005.5,2008.25,2009.5
"20621",2010,2010,2010
"20622",2005.75,2006.25,2007.75
"20623",2007,2007,2007
"20624",2010,2010,2010
"20625",2006.25,2006.25,2006.25
"20626",2010,2010,2010
"20628",2006.5,2006.5,2006.5
"20629",2009.5,2010.5,2010.5
"20630",2006.5,2006.5,2006.5
"20632",2005.75,2006.75,2008.25
"20634",2005.5,2005.75,2008.25
"20636",2005.5,2005.5,2005.5
"20637",2005.25,2005.5,2006.25
"20639",2005.5,2005.5,2007
"20640",2005.5,2005.5,2005.5
"20645",2005.75,2005.75,2005.75
"20646",2005.5,2005.5,2007.25
"20650",2009.5,2009.5,2009.5
"20653",2006.5,2007.5,2009.5
"20657",2005.75,2008,2009.5
"20658",2005.5,2005.5,2005.5
"20659",2005.25,2005.25,2005.75
"20660",2010,2010,2010
"20662",2008.75,2009.25,2009.25
"20664",2005.75,2005.75,2005.75
"20667",2006.5,2006.5,2009.25
"20670",2009.5,2010.5,2010.5
"20674",2008.5,2009.5,2009.5
"20675",2007.5,2007.75,2007.75
"20676",2005.75,2005.75,2005.75
"20677",2005.5,2005.5,2005.5
"20678",2005.75,2005.75,2007.25
"20680",2006.5,2006.5,2006.5
"20684",2006.5,2006.5,2006.5
"20685",2005.75,2005.75,2005.75
"20686",2006.5,2006.5,2006.5
"20687",2006.5,2006.5,2006.5
"20688",2005.5,2005.5,2007.5
"20689",2007.25,2007.25,2007.25
"20690",2009.5,2009.5,2009.5
"20692",2009.5,2009.5,2009.5
"20693",2005.5,2005.5,2005.5
"20695",2007.75,2007.75,2007.75
"20701",2005.25,2005.25,2006
"20705",2005.25,2005.75,2006
"20706",2006.75,2006.75,2006.75
"20707",2005.25,2006,2006
"20708",2006,2006,2006
"20710",2008,2008.5,2008.5
"20711",2008.25,2008.25,2008.25
"20712",2008,2008.5,2008.5
"20714",2009.75,2009.75,2009.75
"20715",2006,2006,2006
"20716",2006.75,2006.75,2008
"20720",2006,2006.75,2006.75
"20721",2006.75,2006.75,2006.75
"20722",2008,2008.5,2008.5
"20723",2006,2006,2007
"20724",2006,2006,2006
"20732",2007.25,2007.25,2008.25
"20733",2006.5,2008.25,2009.75
"20735",2007,2007,2007
"20736",2008.25,2008.25,2008.25
"20737",2008,2008.5,2008.5
"20740",2006,2007,2007.75
"20742",2008,2008.5,2008.5
"20743",2006.75,2006.75,2006.75
"20744",2005.75,2005.75,2005.75
"20745",2005.75,2005.75,2005.75
"20746",2005.75,2007,2007
"20747",2006.75,2006.75,2007
"20748",2005.75,2005.75,2005.75
"20751",2008.25,2008.25,2008.25
"20754",2008.25,2008.25,2008.25
"20755",2006,2006,2006
"20758",2008.25,2008.25,2008.25
"20759",2007,2008,2008
"20762",2007,2007,2007
"20763",2005.25,2005.25,2005.25
"20764",2006.5,2006.5,2006.5
"20765",2008,2008,2008
"20769",2006,2006,2006
"20770",2006,2006,2006
"20772",2007,2007,2007
"20774",2006.75,2006.75,2006.75
"20776",2008,2008,2008
"20777",2008,2008,2008
"20778",2008,2008,2008
"20779",2008.25,2008.25,2008.25
"20781",2008,2008.5,2008.5
"20782",2008,2008.5,2008.5
"20783",2007,2007.75,2008
"20784",2006.75,2006.75,2007
"20785",2006.75,2006.75,2006.75
"20794",2005.25,2005.25,2005.25
"20812",2005,2005,2005
"20814",2005,2005,2005
"20815",2005,2005,2005
"20816",2005,2005,2005
"20817",2005,2005,2005
"20818",2005,2005,2005
"20832",2005.5,2005.5,2005.5
"20833",2007.5,2007.5,2007.5
"20837",2008,2008,2008.25
"20838",2008.25,2008.25,2008.25
"20839",2008.25,2008.25,2008.25
"20841",2008,2008,2008.25
"20842",2008.25,2008.25,2008.25
"20850",2005.5,2005.5,2005.5
"20851",2005.5,2005.5,2005.5
"20852",2005.5,2005.5,2005.5
"20853",2005.5,2005.5,2005.5
"20854",2005.5,2005.5,2005.5
"20855",2005.5,2005.5,2005.5
"20860",2005.5,2007,2007
"20861",2006.75,2007,2007
"20862",2008,2008,2008
"20866",2005,2005.25,2007
"20868",2005,2005.25,2007
"20871",2008.25,2008.25,2008.25
"20872",2008.25,2008.25,2008.25
"20874",2008,2008,2008
"20876",2008.25,2008.25,2008.25
"20877",2005.5,2005.5,2005.5
"20878",2008,2008,2008
"20879",2005.5,2005.5,2007.5
"20880",2005.5,2005.5,2005.5
"20882",2007.5,2007.5,2007.5
"20886",2007.5,2007.5,2007.5
"20895",2005.5,2005.5,2005.5
"20896",2005.5,2005.5,2005.5
"20899",2005.5,2005.5,2005.5
"20901",2005.25,2006,2007
"20902",2005.25,2005.5,2005.5
"20903",2005.25,2006,2007
"20904",2005,2005.25,2007
"20905",2005,2005.25,2007
"20906",2005.5,2005.5,2005.5
"20910",2008,2008,2008.5
"20912",2008,2008.5,2008.5
"21001",2008,2008,2008
"21005",2008.75,2008.75,2008.75
"21009",2006.25,2006.25,2006.25
"21010",2006.25,2006.25,2006.25
"21012",2005.75,2005.75,2005.75
"21013",2008.5,2008.5,2008.5
"21014",2005.5,2005.5,2005.5
"21015",2005.5,2005.5,2005.5
"21017",2006.25,2006.25,2006.25
"21028",2005.5,2005.5,2005.5
"21029",2008,2008,2008
"21030",2005.75,2005.75,2005.75
"21031",2005.75,2005.75,2005.75
"21032",2005.75,2005.75,2005.75
"21034",2005.75,2005.75,2005.75
"21035",2008,2008,2008
"21036",2008,2008,2008
"21037",2008,2008,2008
"21040",2006.25,2006.25,2006.25
"21042",2005.5,2008,2008
"21043",2005.25,2005.25,2005.25
"21044",2008,2008,2008
"21045",2005.25,2005.25,2005.25
"21046",2005.25,2005.25,2007.25
"21047",2005.75,2006.25,2008.5
"21048",2010.5,2010.75,2010.75
"21050",2005.5,2005.5,2005.5
"21051",2008.5,2008.5,2008.5
"21052",2006.75,2006.75,2006.75
"21053",2007,2008.5,2008.5
"21054",2005.75,2005.75,2005.75
"21056",2005.75,2005.75,2005.75
"21057",2008.5,2008.5,2008.5
"21060",2005.5,2005.5,2005.5
"21061",2005.5,2005.5,2005.5
"21071",2010.5,2010.75,2010.75
"21074",2005.75,2005.75,2005.75
"21075",2005.25,2005.25,2005.25
"21076",2005.25,2005.25,2005.25
"21077",2005.25,2005.25,2005.25
"21078",2008,2008,2008
"21082",2008.5,2008.5,2008.5
"21084",2005.5,2005.75,2010.5
"21085",2006.25,2006.25,2006.25
"21087",2006.25,2006.25,2006.25
"21090",2005.25,2005.25,2005.25
"21093",2005.75,2005.75,2005.75
"21102",2005.75,2005.75,2005.75
"21104",2005.25,2005.25,2005.25
"21105",2007,2007,2007
"21108",2005.75,2005.75,2005.75
"21111",2008.5,2008.5,2008.5
"21113",2006,2006,2006
"21114",2005.75,2005.75,2005.75
"21117",2005.5,2005.75,2005.75
"21120",2008.5,2008.5,2008.5
"21122",2005.5,2005.5,2006.75
"21128",2008.5,2008.5,2008.5
"21130",2008.75,2008.75,2008.75
"21131",2006.75,2008.5,2008.5
"21132",2008,2008,2008
"21133",2005.25,2005.25,2005.25
"21136",2007,2008.5,2010.5
"21140",2008,2008,2008
"21144",2005.5,2005.5,2005.75
"21146",2005.75,2005.75,2005.75
"21152",2005.75,2008.5,2008.5
"21153",2005.75,2005.75,2005.75
"21154",2005.75,2005.75,2005.75
"21155",2005.75,2007,2008.5
"21156",2006.25,2006.25,2006.25
"21157",2005.5,2005.75,2005.75
"21158",2008.5,2008.5,2008.5
"21160",2005.75,2005.75,2005.75
"21161",2008,2008.5,2008.5
"21162",2006.25,2006.25,2006.25
"21163",2005.25,2005.25,2005.25
"21201",2005.25,2005.25,2005.25
"21202",2005.25,2005.25,2005.25
"21204",2005.75,2005.75,2005.75
"21205",2005.25,2005.25,2005.25
"21206",2005.25,2005.25,2005.25
"21207",2005,2005,2007.25
"21208",2005,2005.5,2007.25
"21209",2005,2005,2007.25
"21210",2005,2005.25,2006.75
"21211",2005,2005.25,2005.25
"21212",2005.25,2005.25,2005.25
"21213",2005.25,2005.25,2005.25
"21214",2005.25,2005.25,2005.25
"21215",2005,2005,2007.25
"21216",2005,2005,2007.25
"21217",2005.25,2005.25,2005.25
"21218",2005.25,2005.25,2005.25
"21219",2005.5,2005.5,2006.75
"21220",2005.5,2005.5,2005.5
"21221",2005.5,2005.5,2005.5
"21222",2005.25,2005.25,2005.25
"21223",2005,2005.25,2007.25
"21224",2005.25,2005.25,2005.25
"21225",2005.5,2005.5,2005.5
"21226",2005.5,2005.5,2005.5
"21227",2005.25,2005.25,2005.25
"21228",2005.25,2005.25,2005.25
"21229",2005,2005,2007.25
"21230",2005.25,2005.25,2005.25
"21231",2005.25,2005.25,2005.25
"21234",2006.75,2008.5,2008.5
"21236",2006.75,2008.5,2008.5
"21237",2005.25,2005.25,2005.25
"21239",2005.25,2005.25,2005.25
"21240",2005.25,2005.25,2005.25
"21244",2005,2005.25,2007.25
"21250",2005.25,2005.25,2005.25
"21251",2005.25,2005.25,2005.25
"21252",2005.25,2005.25,2006.75
"21286",2008.5,2008.5,2008.5
"21401",2005.75,2005.75,2005.75
"21402",2005.75,2005.75,2005.75
"21403",2005.75,2006.5,2006.5
"21405",2005.75,2005.75,2005.75
"21409",2005.75,2005.75,2005.75
"21502",2007,2007.5,2007.5
"21520",2008.25,2008.25,2008.25
"21521",2007,2007.5,2007.5
"21522",2008.25,2008.25,2008.25
"21523",2009.25,2009.25,2009.25
"21524",2006,2006,2007
"21529",2007,2007,2007
"21530",2008,2009.25,2009.75
"21531",2008.5,2010.5,2011.75
"21532",2006,2007,2007.5
"21536",2007.5,2008.25,2008.25
"21538",2009.25,2009.25,2009.5
"21539",2007.5,2007.5,2007.5
"21540",2009.25,2009.25,2009.25
"21541",2008.25,2008.25,2008.25
"21542",2007.5,2007.5,2007.5
"21543",2007.5,2007.5,2007.5
"21545",2006,2006,2006
"21550",2008.75,2009.75,2011.75
"21555",2006.5,2007.5,2008
"21557",2007.5,2007.5,2008.25
"21561",2008.25,2009,2009.25
"21562",2009.25,2009.25,2009.25
"21601",2006.75,2006.75,2006.75
"21607",2008.75,2008.75,2008.75
"21610",2008.75,2008.75,2008.75
"21612",2007.25,2007.25,2007.25
"21613",2006.5,2006.5,2006.5
"21617",2005.5,2005.5,2008.25
"21619",2005.5,2005.5,2005.5
"21620",2005.5,2005.5,2005.5
"21622",2006.5,2006.5,2006.5
"21623",2005.5,2005.5,2007.25
"21624",2006.75,2008.25,2008.75
"21625",2006.75,2006.75,2008.75
"21626",2005,2006.5,2006.5
"21627",2006.5,2006.75,2010.25
"21628",2005.5,2005.5,2005.5
"21629",2008.25,2008.75,2008.75
"21631",2008.25,2008.25,2008.75
"21632",2008.25,2008.75,2008.75
"21634",2010.5,2011.5,2015.5
"21635",2008.25,2008.25,2008.25
"21636",2008.75,2008.75,2008.75
"21638",2005.5,2005.5,2005.5
"21639",2007.5,2008.75,2008.75
"21640",2008.75,2008.75,2008.75
"21641",2008.75,2008.75,2008.75
"21643",2008.25,2008.25,2008.25
"21644",2008.75,2008.75,2008.75
"21645",2005.5,2006.25,2008.75
"21647",2006.75,2008.25,2008.75
"21648",2006.5,2006.5,2006.5
"21649",2008.75,2008.75,2008.75
"21650",2008.25,2008.25,2008.25
"21651",2007.5,2008.25,2008.75
"21652",2007.25,2007.25,2007.25
"21653",2007.25,2010.75,2010.75
"21654",2007.25,2010.75,2010.75
"21655",2008.25,2008.25,2008.25
"21657",2008.75,2008.75,2008.75
"21658",2005.75,2007.25,2008.75
"21659",2006,2006.25,2007.5
"21660",2008.75,2008.75,2008.75
"21661",2005.5,2005.5,2005.5
"21662",2007.25,2007.25,2007.25
"21663",2006.75,2007.25,2008.25
"21664",2008.25,2008.25,2008.25
"21665",2007.25,2007.25,2007.25
"21666",2005.5,2005.75,2005.75
"21667",2008.75,2008.75,2008.75
"21668",2007.5,2008.75,2008.75
"21669",2007.25,2009.75,2010.5
"21671",2007.25,2007.25,2007.25
"21672",2006.5,2006.75,2010.25
"21673",2008.25,2008.25,2008.25
"21675",2006.5,2010.25,2010.5
"21676",2007.25,2008.25,2008.75
"21677",2006.5,2006.5,2006.5
"21678",2005.5,2005.5,2005.5
"21679",2007.75,2008.75,2008.75
"21701",2005.5,2008.5,2009.75
"21702",2005.5,2005.5,2005.75
"21703",2005.5,2005.5,2009
"21704",2008.25,2008.25,2009
"21705",2005.5,2005.5,2005.5
"21710",2010.75,2010.75,2010.75
"21711",2006,2006,2006
"21713",2008.5,2008.5,2008.5
"21714",2005.5,2005.5,2005.5
"21716",2008.5,2008.5,2008.5
"21717",2010.75,2010.75,2010.75
"21718",2008.5,2008.5,2008.5
"21719",2006.5,2006.5,2006.5
"21722",2006,2006,2006
"21723",2005.75,2005.75,2005.75
"21727",2007,2008.75,2008.75
"21733",2005.75,2005.75,2005.75
"21734",2005.75,2005.75,2005.75
"21737",2007.5,2007.5,2007.5
"21738",2007.5,2007.5,2007.5
"21740",2005.75,2005.75,2006.25
"21742",2006.25,2006.5,2006.5
"21746",2005.75,2005.75,2005.75
"21750",2006.5,2006.5,2006.75
"21754",2008.25,2008.25,2009.5
"21755",2008.5,2008.5,2008.5
"21756",2008.5,2008.5,2008.5
"21757",2005.25,2005.25,2007.25
"21758",2008.5,2008.5,2008.5
"21762",2005.25,2005.25,2005.25
"21766",2006.5,2006.5,2007.75
"21767",2006.25,2006.25,2006.25
"21769",2008.5,2008.5,2008.5
"21770",2010.25,2010.5,2012
"21771",2005.75,2005.75,2007.25
"21773",2006.25,2008.5,2008.5
"21774",2010.25,2010.75,2012
"21776",2005.5,2005.5,2005.5
"21777",2010.75,2010.75,2010.75
"21778",2005.75,2005.75,2005.75
"21779",2008.5,2008.5,2008.5
"21780",2005.75,2006.5,2008.5
"21781",2005.75,2005.75,2005.75
"21782",2010.25,2010.25,2010.25
"21783",2006.5,2006.5,2006.5
"21784",2005.25,2005.25,2005.5
"21787",2008.5,2009.25,2009.25
"21788",2005.75,2005.75,2005.75
"21790",2010.75,2010.75,2010.75
"21791",2005.25,2005.25,2005.5
"21793",2005.5,2005.75,2005.75
"21794",2005.25,2005.25,2005.75
"21795",2005.75,2005.75,2005.75
"21797",2005.75,2005.75,2005.75
"21798",2005.25,2005.25,2005.25
"21801",2006,2006.25,2007
"21802",2007,2007,2007
"21804",2007,2007,2008.5
"21810",2007,2007,2007
"21811",2005.5,2006.25,2007.75
"21813",2006.25,2007.75,2007.75
"21814",2009.25,2009.75,2010.25
"21817",2005.75,2005.75,2005.75
"21821",2007,2009.5,2010.25
"21822",2007,2007,2007
"21824",2006.75,2006.75,2014.75
"21826",2007,2007,2007
"21829",2009.5,2009.75,2010.5
"21830",2006,2006.25,2007
"21835",2008.25,2009.25,2010.75
"21837",2005,2005,2005
"21838",2005.75,2005.75,2005.75
"21840",2009.75,2010.25,2010.25
"21841",2007,2007.75,2008.5
"21842",2005.5,2006.25,2007.75
"21849",2006.25,2008.5,2008.5
"21850",2007,2008.5,2008.5
"21851",2009.25,2009.25,2009.25
"21853",2009.75,2010.25,2010.25
"21856",2007,2007,2008.5
"21861",2005,2005,2005
"21862",2006.25,2008.5,2008.5
"21863",2009.5,2009.5,2009.5
"21864",2009.25,2009.25,2009.75
"21865",2009.25,2009.75,2010.25
"21866",2006.75,2006.75,2014.75
"21867",2005.75,2005.75,2005.75
"21869",2005,2005,2006.75
"21871",2005.75,2005.75,2005.75
"21872",2006.25,2008.5,2008.5
"21874",2005,2007.75,2008.5
"21875",2006,2006,2006
"21890",2010.25,2010.25,2010.25
"21901",2008,2010.5,2010.5
"21902",2008,2008,2008
"21903",2008,2008,2008
"21904",2007.75,2007.75,2007.75
"21911",2007.75,2007.75,2007.75
"21912",2007,2008.25,2008.25
"21913",2008.25,2008.25,2008.25
"21914",2010.5,2010.5,2010.5
"21915",2007,2007,2007
"21916",2005.5,2005.5,2005.5
"21917",2007.75,2007.75,2007.75
"21918",2007.75,2007.75,2007.75
"21919",2008.75,2009.5,2010.5
"21920",2005.5,2005.5,2005.5
"21921",2005.5,2006.25,2006.25
"21930",2008.75,2008.75,2009.75
"22003",2007,2007,2007
"22015",2007,2007,2007
"22025",2008,2010.5,2010.5
"22026",2005.5,2005.5,2005.5
"22027",2005,2005,2005
"22030",2006,2006,2006
"22031",2007,2007,2007
"22032",2006,2006,2007
"22033",2006,2006,2006
"22035",2006,2006,2006
"22039",2006,2006,2006
"22041",2007,2007,2007
"22042",2007,2007,2007
"22043",2005,2005,2005
"22044",2007,2007,2007
"22046",2005,2006.75,2007
"22060",2006.25,2006.25,2006.25
"22066",2006,2006,2006
"22079",2006.25,2006.25,2006.25
"22101",2005,2005,2005
"22102",2005,2005,2005
"22124",2006,2006,2006
"22125",2006.25,2006.25,2006.25
"22134",2010.5,2010.5,2010.5
"22150",2007,2007,2007
"22151",2007,2007,2007
"22152",2007,2007,2007
"22153",2006.25,2006.25,2007
"22172",2010.5,2010.5,2010.5
"22180",2005.25,2006,2007
"22181",2006,2006,2006
"22182",2006,2006,2006
"22185",2006,2006,2006
"22191",2006.25,2006.25,2006.25
"22192",2005.25,2006.25,2006.25
"22193",2005.25,2005.25,2005.25
"22201",2005,2005,2005
"22202",2005.75,2005.75,2005.75
"22203",2007,2007,2007
"22204",2007,2007,2007
"22205",2005,2005,2006
"22206",2005.75,2005.75,2006.25
"22207",2005,2005,2005
"22209",2008,2008.5,2008.5
"22211",2008,2008,2008.5
"22213",2005,2005,2005
"22214",2005.75,2005.75,2005.75
"22301",2005.75,2005.75,2005.75
"22302",2005.75,2005.75,2005.75
"22303",2005.75,2005.75,2005.75
"22304",2007,2007,2007
"22305",2005.75,2005.75,2005.75
"22306",2005.75,2005.75,2005.75
"22307",2005.75,2005.75,2005.75
"22308",2005.75,2007.25,2007.75
"22309",2007.75,2007.75,2007.75
"22310",2007,2007,2007
"22311",2007,2007,2007
"22312",2007,2007,2007
"22314",2005.75,2005.75,2005.75
"22315",2007,2007,2007
"22401",2005.75,2005.75,2005.75
"22405",2005.75,2005.75,2005.75
"22406",2005.25,2005.5,2005.5
"22407",2005.75,2005.75,2005.75
"22408",2005.75,2005.75,2005.75
"22427",2005.75,2005.75,2006.25
"22432",2005.5,2005.75,2006
"22433",2006.5,2007,2007
"22435",2008.25,2008.25,2008.25
"22436",2006.25,2006.25,2007.5
"22437",2005.75,2005.75,2005.75
"22438",2006.75,2006.75,2006.75
"22443",2006.25,2006.25,2006.5
"22448",2007.25,2008.75,2010
"22454",2005.5,2005.75,2005.75
"22460",2008.5,2009,2009.5
"22469",2008.25,2008.25,2008.25
"22473",2005.75,2005.75,2005.75
"22476",2006.25,2006.25,2006.75
"22480",2008.25,2008.25,2008.25
"22482",2007.75,2007.75,2007.75
"22485",2006.5,2006.5,2007.75
"22488",2008.25,2008.25,2008.25
"22503",2008.25,2008.25,2008.25
"22504",2005.5,2005.5,2005.5
"22508",2007,2007,2007
"22509",2006.25,2006.25,2006.25
"22511",2005.5,2005.5,2005.5
"22514",2008.75,2008.75,2008.75
"22520",2006.25,2006.75,2007.5
"22529",2008.25,2008.25,2008.25
"22530",2005.5,2006,2006.5
"22534",2007,2007,2008.5
"22535",2006.25,2006.25,2006.25
"22538",2006.5,2008.25,2008.5
"22539",2005.5,2005.75,2006
"22542",2007,2007,2007
"22546",2008.75,2008.75,2009
"22548",2009,2009,2009.5
"22551",2006.5,2007,2008.25
"22553",2007,2007,2007
"22554",2005.5,2005.5,2009.25
"22556",2005.5,2005.5,2005.5
"22560",2009.25,2009.25,2009.25
"22567",2007,2007,2009
"22572",2005.75,2006,2006.75
"22576",2008.25,2008.25,2008.25
"22578",2007.75,2007.75,2007.75
"22579",2005.5,2005.75,2006
"22580",2005.75,2005.75,2005.75
"22601",2005.25,2005.25,2005.25
"22602",2008,2008.5,2009.5
"22603",2005.25,2005.75,2008.25
"22610",2010.75,2010.75,2010.75
"22611",2008,2008.5,2009
"22620",2008.5,2008.5,2008.5
"22623",2009,2009,2009
"22624",2008,2008.5,2009
"22625",2008,2008.25,2008.75
"22627",2010.75,2010.75,2011.75
"22630",2009,2009,2009
"22637",2005.75,2005.75,2005.75
"22639",2009,2009,2010.75
"22640",2010.75,2011.75,2011.75
"22641",2009.5,2009.75,2010
"22642",2009,2009,2009
"22643",2009,2009,2009
"22644",2009.75,2010.5,2010.75
"22645",2009,2009.75,2009.75
"22646",2008.5,2008.5,2008.5
"22650",2010.75,2010.75,2010.75
"22652",2009,2010.5,2010.75
"22654",2010,2010,2011
"22655",2009.75,2009.75,2009.75
"22656",2008,2008.5,2009
"22657",2009,2009.75,2009.75
"22660",2009.75,2010,2010.5
"22663",2008.5,2008.5,2008.5
"22664",2010.25,2010.75,2010.75
"22701",2005.5,2005.5,2007
"22709",2006.5,2008,2009.5
"22711",2005.5,2005.5,2005.5
"22712",2007.25,2007.25,2007.25
"22713",2005.5,2005.5,2005.75
"22714",2007.25,2007.25,2009
"22715",2005.5,2006.5,2009
"22716",2005.75,2012.5,2013.5
"22718",2008,2008.5,2009
"22719",2005.5,2005.5,2013.5
"22720",2005.25,2005.25,2005.25
"22722",2005.5,2005.5,2005.5
"22723",2005.5,2005.5,2005.5
"22724",2009.75,2010.5,2012.5
"22726",2008,2008.5,2009
"22727",2005.5,2005.5,2005.5
"22728",2007.25,2007.25,2009.5
"22729",2009,2009,2009
"22730",2006.5,2008,2009.5
"22731",2006.5,2008,2009.5
"22732",2006.5,2008,2009.5
"22733",2009,2009,2009
"22734",2007.25,2007.25,2007.25
"22735",2005.5,2005.5,2005.5
"22736",2005.25,2005.25,2005.25
"22737",2010.5,2010.75,2012.5
"22738",2005.5,2005.5,2006
"22740",2010.25,2010.75,2013.5
"22741",2008.25,2009,2009
"22742",2005.25,2005.25,2005.75
"22743",2005.5,2010.25,2013.5
"22747",2010.75,2011.75,2011.75
"22749",2005.75,2012.5,2013.5
"22801",2006.25,2006.25,2006.25
"22802",2008.5,2008.5,2009
"22807",2006.25,2006.25,2006.25
"22810",2012,2014.25,9999
"22811",2012,2013.75,2014.75
"22812",2006.25,2009,2009.25
"22815",2008.5,2008.5,2009
"22820",2012.25,2013.75,9999
"22821",2009.25,2009.25,2009.5
"22824",2006,2008.5,2010
"22827",2008.25,2008.75,2009
"22830",2010.75,2012,2012.25
"22831",2012.25,2012.25,2014.75
"22832",2008.5,2008.75,2009
"22834",2009,2009.5,2010.75
"22835",2006,2010.25,2010.25
"22840",2008.75,2008.75,2009
"22841",2005.5,2005.5,2006.25
"22842",2006,2008.5,2010
"22843",2009.25,2009.25,2009.25
"22844",2009,2010.25,2010.25
"22845",2013.75,9999,9999
"22846",2008.75,2009,2009
"22847",2010.25,2010.25,2010.25
"22849",2008.5,2008.5,2009
"22850",2009,2009.5,2010.75
"22851",2009,2009,2010.25
"22853",2009,2010.25,2010.25
"22901",2005.5,2005.5,2005.5
"22902",2006,2006,2006
"22903",2005.25,2005.25,2005.25
"22904",2005.5,2007,2007
"22911",2007,2007,2007
"22920",2005,2005,2005.25
"22922",2008.5,2010.75,2010.75
"22923",2005.5,2006,2006
"22931",2005.25,2005.25,2006
"22932",2005.5,2006.25,2008.25
"22935",2006,2006.75,2008.25
"22936",2006,2006,2007
"22937",2006,2006,2006
"22938",2005.5,2006.25,2006.25
"22939",2006.75,2006.75,2006.75
"22940",2005.5,2006,2006
"22942",2005.5,2006.5,2007
"22943",2005,2005,2005.25
"22946",2006,2006,2006
"22947",2006,2007,2007
"22948",2007.5,2009,2009.5
"22949",2006.25,2006.25,2006.25
"22952",2010.25,2010.25,2010.25
"22958",2006.25,2006.25,2006.75
"22959",2005.25,2005.25,2005.25
"22960",2008.25,2009,2009.25
"22963",2006.75,2007.5,2010
"22964",2008.5,2009,2010.75
"22967",2008.5,2009.5,2010.75
"22968",2006,2006,2006
"22969",2006,2006,2012.5
"22971",2006.25,2008.5,2010.75
"22972",2005.5,2005.5,2005.5
"22973",2006,2006,2007
"22974",2006,2006,2006
"22976",2009,2010.75,2010.75
"22980",2006.75,2006.75,2008.75
"22989",2009,2009,2009
"23002",2006.75,2006.75,2006.75
"23004",2008.5,2008.5,2010.25
"23005",2005.5,2005.5,2005.5
"23009",2005.75,2005.75,2005.75
"23011",2005.25,2005.25,2008.75
"23015",2007,2008.5,2009.25
"23021",2006.75,2006.75,2006.75
"23022",2010.25,2012.5,2012.5
"23023",2006,2006,2006
"23024",2007,2007,2007
"23025",2006.75,2006.75,2006.75
"23027",2007.5,2007.5,2007.5
"23030",2009,2009,2009
"23032",2006,2006,2006
"23035",2006.75,2006.75,2006.75
"23038",2006.75,2007,2007.5
"23039",2005.5,2005.5,2006.75
"23040",2007.5,2010,2010
"23043",2009.25,2009.25,2009.5
"23045",2006.75,2006.75,2009.25
"23047",2005.5,2006.5,2009.25
"23050",2006.75,2007.75,2009.25
"23055",2009.25,2010.25,2012.5
"23056",2006.75,2006.75,2006.75
"23059",2005.5,2005.5,2005.5
"23060",2005.5,2005.5,2005.5
"23061",2008.25,2008.75,2009.25
"23062",2005,2005,2005
"23063",2006,2006,2006.75
"23064",2009.25,2009.25,2009.5
"23065",2006,2006,2006.75
"23066",2009.25,2009.25,2009.5
"23068",2009,2009.25,2009.5
"23069",2005.5,2005.5,2005.5
"23070",2009.25,2009.25,2009.5
"23071",2005.5,2005.5,2005.75
"23072",2005,2005,2006.75
"23075",2006.25,2006.25,2006.25
"23076",2006.75,2006.75,2006.75
"23079",2005.5,2005.5,2005.5
"23083",2006.75,2006.75,2006.75
"23084",2008.25,2008.25,2008.25
"23085",2005.75,2005.75,2005.75
"23086",2009.5,2010.75,2010.75
"23089",2005.25,2005.25,2005.25
"23091",2005.75,2005.75,2005.75
"23092",2005.5,2005.5,2005.5
"23093",2006.75,2007,2008
"23102",2006,2007,2010.75
"23103",2005.5,2005.5,2006.75
"23106",2009.75,2009.75,2009.75
"23108",2006,2006,2006
"23109",2006.75,2006.75,2006.75
"23110",2006,2006,2006
"23111",2006.25,2009.75,2009.75
"23112",2005.5,2005.5,2005.5
"23113",2005.5,2005.5,2005.5
"23114",2005.5,2005.5,2005.5
"23115",2005.75,2005.75,2006
"23116",2005,2005,2005
"23117",2007,2008,2009.25
"23119",2006.75,2006.75,2006.75
"23120",2009,2009,2009
"23123",2005.5,2005.5,2005.5
"23124",2010.75,2010.75,2010.75
"23125",2006.75,2008.25,2009.25
"23126",2009.25,2009.25,2009.25
"23128",2006.75,2006.75,2006.75
"23129",2010.75,2010.75,2010.75
"23130",2006.75,2006.75,2006.75
"23138",2006.75,2006.75,2006.75
"23139",2005.5,2006,2009
"23140",2009,2009,2010.75
"23141",2006.25,2010.75,2010.75
"23146",2006.5,2010.75,2010.75
"23148",2006,2006,2009
"23149",2006,2006,2006
"23150",2006.25,2006.25,2006.25
"23153",2006,2006,2006
"23156",2008.75,2008.75,2008.75
"23160",2005.5,2005.5,2005.5
"23161",2005.75,2005.75,2006
"23163",2006.75,2006.75,2006.75
"23168",2005.25,2005.25,2005.75
"23169",2005.5,2005.5,2005.5
"23173",2005.5,2005.5,2005.5
"23175",2006,2006,2006
"23176",2006.75,2008.25,2009.25
"23177",2006,2006,2006
"23180",2005.5,2005.5,2005.5
"23181",2005.75,2005.75,2005.75
"23185",2005,2006.5,2006.5
"23187",2005,2005,2005
"23188",2005,2005,2005
"23192",2009.5,2010.75,2010.75
"23219",2005.25,2005.25,2005.25
"23220",2005.25,2005.25,2005.25
"23221",2005.25,2005.25,2005.25
"23222",2005.25,2005.25,2005.25
"23223",2005.25,2005.25,2005.25
"23224",2005.25,2005.25,2005.25
"23225",2005.25,2005.25,2005.25
"23226",2005.5,2005.5,2005.5
"23227",2005,2005,2005.25
"23228",2005,2005.25,2005.25
"23229",2005.5,2005.5,2005.5
"23230",2005.25,2005.25,2005.25
"23231",2006.25,2007.75,2007.75
"23233",2005.5,2005.5,2005.5
"23234",2005.25,2005.25,2005.25
"23235",2005.5,2005.5,2005.5
"23236",2005.5,2005.5,2005.5
"23237",2005.25,2005.25,2005.25
"23238",2005.5,2005.5,2005.5
"23250",2006.25,2006.25,2006.25
"23294",2005.5,2005.5,2005.5
"23301",2005.5,2005.5,2005.5
"23302",2005.5,2005.5,2005.5
"23303",2005.5,2005.5,2005.5
"23304",2006.75,2006.75,2006.75
"23306",2005.25,2005.5,2006.75
"23307",2006.75,2006.75,2006.75
"23308",2005.5,2005.5,2005.5
"23310",2006.75,2006.75,2010.25
"23313",2006.75,2012,2012
"23314",2005.5,2006,2006
"23315",2006.75,2006.75,2006.75
"23316",2006.75,2006.75,2010.25
"23320",2006.5,2006.5,2006.5
"23321",2006,2006,2006
"23322",2006.5,2006.5,2006.75
"23323",2006.75,2006.75,2006.75
"23324",2005.25,2005.25,2005.25
"23325",2005.25,2005.25,2005.25
"23336",2009.75,2009.75,2010.5
"23337",2005.5,2005.5,2005.5
"23347",2006.75,2006.75,2006.75
"23350",2005.5,2005.5,2006.75
"23354",2005.5,2005.5,2006.75
"23356",2009.25,2009.75,2009.75
"23357",2005.5,2005.5,2005.5
"23358",2005.25,2005.5,2007.25
"23359",2005.5,2005.5,2005.5
"23389",2005.25,2005.25,2005.25
"23395",2009.25,2009.25,2009.25
"23398",2005.5,2006.75,2006.75
"23401",2005.25,2005.25,2005.25
"23405",2006.75,2006.75,2006.75
"23407",2005.5,2005.5,2005.5
"23408",2005.25,2005.5,2006.75
"23409",2005.5,2005.5,2005.5
"23410",2005.25,2005.25,2005.25
"23413",2005.25,2005.5,2006.75
"23414",2005.5,2005.5,2005.5
"23415",2009.25,2009.25,2009.25
"23416",2005.5,2005.5,2005.5
"23417",2005.25,2005.5,2005.5
"23418",2005.5,2005.5,2005.5
"23420",2005.25,2005.25,2005.5
"23421",2005.5,2005.5,2005.5
"23422",2005.25,2005.25,2005.25
"23423",2005.5,2007.5,2007.5
"23426",2005.5,2005.5,2005.5
"23427",2005.5,2005.5,2005.5
"23430",2006.75,2006.75,2006.75
"23432",2006,2006,2006
"23433",2006,2006,2006
"23434",2006.75,2006.75,2006.75
"23435",2006,2006,2006
"23436",2006,2006,2006
"23437",2006.5,2006.75,2006.75
"23438",2006.75,2006.75,2006.75
"23440",2007.25,2007.25,2013.75
"23441",2005.5,2005.5,2005.5
"23442",2005.5,2005.5,2005.5
"23451",2005.25,2006.75,2009
"23452",2005.5,2005.5,2005.5
"23453",2005.5,2005.5,2005.5
"23454",2005.25,2005.5,2005.5
"23455",2006.25,2010,2010
"23456",2005.5,2006.25,2006.5
"23457",2006.75,2008,2008
"23459",2010,2010,2010
"23460",2005.25,2005.25,2005.25
"23461",2005.25,2005.25,2005.25
"23462",2005.5,2005.5,2005.5
"23464",2005.5,2005.5,2005.5
"23480",2005.5,2005.5,2007.5
"23486",2005.25,2005.5,2006.75
"23487",2005.5,2005.5,2006.75
"23488",2005.5,2005.5,2005.5
"23502",2005.25,2005.25,2005.5
"23503",2005.5,2005.5,2005.5
"23504",2005.25,2005.25,2005.25
"23505",2005.5,2005.5,2005.5
"23507",2005.25,2005.25,2005.25
"23508",2005.25,2005.25,2005.25
"23509",2005.25,2005.25,2005.25
"23510",2005.25,2005.25,2005.25
"23511",2005.5,2005.5,2005.5
"23513",2005.25,2005.25,2005.25
"23517",2005.25,2005.25,2005.25
"23518",2005.5,2005.5,2005.5
"23523",2005.25,2005.25,2005.25
"23551",2005.5,2005.5,2005.5
"23601",2005.5,2005.5,2005.5
"23602",2005.25,2005.25,2006.5
"23603",2006.5,2006.5,2006.5
"23604",2006.5,2006.5,2006.5
"23605",2005.5,2005.5,2005.5
"23606",2005.25,2005.5,2005.5
"23607",2005.5,2005.5,2005.5
"23608",2006.5,2006.5,2006.5
"23651",2005.5,2005.5,2005.5
"23661",2005.5,2005.5,2005.5
"23662",2005.25,2005.25,2005.25
"23663",2005.5,2005.5,2005.5
"23664",2006.75,2006.75,2006.75
"23665",2005.25,2005.25,2005.25
"23666",2005.5,2005.5,2005.5
"23669",2005.5,2005.5,2006
"23690",2005,2005.25,2006.5
"23691",2005,2005,2005
"23692",2005.25,2005.25,2005.25
"23693",2005.25,2005.25,2005.25
"23696",2005.25,2005.25,2005.25
"23701",2005.25,2005.25,2005.25
"23702",2005.25,2005.25,2005.25
"23703",2005.25,2005.25,2006
"23704",2005.25,2005.25,2005.25
"23707",2005.25,2005.25,2005.25
"23708",2005.25,2005.25,2005.25
"23709",2005.25,2005.25,2005.25
"23801",2005.75,2005.75,2005.75
"23803",2006.5,2006.5,2006.5
"23805",2005.75,2005.75,2007
"23806",2000,2000,2000
"23821",2009,2010.5,2010.5
"23824",2006.5,2006.5,2006.5
"23827",2006.5,2007,2007.5
"23828",2007,2008.25,2009.75
"23829",2006,2007,2007
"23830",2005.75,2007.5,2008.5
"23831",2005.25,2005.25,2005.25
"23832",2005.5,2005.5,2005.5
"23833",2006.5,2008.75,2010.5
"23834",2000,2006.5,2006.5
"23836",2007.75,2007.75,2007.75
"23837",2007.5,2007.5,2007.5
"23838",2006.5,2007.5,2010.5
"23839",2006.5,2006.5,2006.5
"23840",2005.25,2005.25,2005.25
"23841",2005.75,2005.75,2007.25
"23842",2005.75,2005.75,2005.75
"23843",2008.5,2008.5,2008.5
"23844",2007,2007,2007
"23845",2008.25,2008.25,2008.25
"23846",2006.75,2006.75,2006.75
"23847",2005.75,2005.75,2007
"23850",2005,2006.25,2006.25
"23851",2006.75,2007,2007.5
"23856",2005.75,2005.75,2007.25
"23857",2008.25,2008.25,2008.25
"23860",2005.75,2005.75,2005.75
"23866",2007,2007.75,2007.75
"23867",2005.75,2005.75,2008.25
"23868",2005.75,2007.75,2007.75
"23872",2005.25,2005.25,2006.25
"23874",2007.5,2007.5,2007.5
"23875",2005.75,2005.75,2005.75
"23876",2007.25,2007.25,2007.25
"23878",2007.75,2007.75,2007.75
"23879",2006,2006,2006
"23881",2005.25,2005.5,2005.5
"23882",2006,2007.5,2008.5
"23883",2006.75,2008.25,2008.25
"23884",2004.25,2005.75,2007.5
"23885",2005.75,2006.25,2006.5
"23887",2008.25,2010.75,2013
"23888",2007.75,2007.75,2007.75
"23889",2008.5,2008.5,2008.5
"23890",2006,2006,2006
"23891",2005.75,2005.75,2005.75
"23893",2008.25,2008.25,2008.25
"23894",2006.25,2006.25,2006.25
"23897",2007,2008.25,2008.75
"23898",2006.75,2006.75,2006.75
"23899",2005.25,2005.25,2005.25
"23901",2006.5,2006.5,2006.75
"23909",2006.5,2006.5,2006.5
"23915",2010.25,2010.25,2010.25
"23917",2010.25,2010.25,2010.25
"23919",2005.25,2005.25,2008
"23920",2007.75,2007.75,2007.75
"23921",2010,2012,2012.5
"23922",2006.75,2006.75,2006.75
"23923",2010.5,2010.5,2011.25
"23924",2006.75,2009.75,2010.25
"23927",2008.75,2010.25,2010.25
"23930",2006.25,2006.5,2006.75
"23934",2008.75,2009.5,2010.25
"23936",2008.5,2009,2009
"23937",2009.75,2009.75,2009.75
"23938",2010.5,2010.5,2010.5
"23942",2005.75,2006.25,2006.5
"23943",2005.5,2005.5,2005.5
"23944",2009.5,2010.5,2010.5
"23947",2009.5,2009.75,2010.5
"23950",2005.25,2005.75,2005.75
"23952",2010.25,2010.5,2010.5
"23954",2006.25,2006.25,2006.25
"23958",2008.75,2009.5,2009.5
"23959",2009.5,2009.5,2010.25
"23960",2007.25,2007.75,2007.75
"23962",2009.5,2011.25,2011.75
"23963",2009.5,2009.5,2010.25
"23964",2006.25,2006.25,2008.75
"23966",2006.5,2006.75,2006.75
"23967",2006.25,2007,2008.25
"23968",2008.75,2010.25,2010.25
"23970",2008,2009.5,2010.25
"23974",2006.75,2009.5,2009.75
"23976",2006.25,2006.25,2006.25
"24011",2005.5,2005.5,2005.5
"24012",2005,2005.5,2005.5
"24013",2005.5,2005.5,2005.5
"24014",2005.5,2005.5,2006
"24015",2005.5,2005.5,2005.5
"24016",2005.5,2005.5,2005.5
"24017",2005.5,2005.5,2005.5
"24018",2005.5,2005.5,2005.5
"24019",2005,2005,2005
"24020",2005,2005,2005
"24053",2007.75,2007.75,2007.75
"24054",2007.25,2008.25,2008.5
"24055",2008.5,2010.25,2010.25
"24058",2008.75,2008.75,2008.75
"24059",2006,2006.75,2008
"24060",2009,2009.75,2009.75
"24064",2005.5,2006.75,2009.5
"24065",2006,2006,2006
"24066",2008.25,2008.5,2008.5
"24067",2007.25,2008,2009.5
"24069",2007.25,2007.25,2007.25
"24070",2007.25,2008.5,2011.25
"24072",2006.25,2006.25,2008
"24073",2008.75,2008.75,2009
"24076",2007.5,2007.75,2012
"24077",2005,2005,2005
"24078",2006.75,2006.75,2006.75
"24079",2006.25,2008,2008
"24082",2010.5,2010.5,2010.5
"24083",2005,2005,2005
"24084",2006,2006,2006
"24085",2007.75,2007.75,2008
"24086",2005.5,2006.75,2008.5
"24087",2006,2006.75,2006.75
"24088",2009.5,2010.25,2010.25
"24089",2006.75,2008.5,2008.5
"24090",2008,2009,2009.5
"24091",2006.25,2006.25,2006.5
"24092",2006,2006,2006
"24093",2007.25,2009,2011
"24095",2005.5,2005.5,2006
"24101",2006,2006,2006
"24102",2010.25,2010.25,2010.25
"24104",2010.5,2010.5,2010.5
"24105",2008.5,2009,2009.25
"24112",2006.75,2008.25,2008.5
"24120",2007.75,2007.75,2009.25
"24121",2005.5,2005.5,2006
"24122",2005.5,2007.75,2008.5
"24124",2005.25,2005.25,2005.5
"24127",2008.5,2011.25,2011.75
"24128",2009.75,2011.25,2012.25
"24130",2008.75,2009,2010.5
"24131",2010.5,2011.5,2011.75
"24132",2006,2006,2006.75
"24133",2010.5,2010.5,2010.5
"24134",2005.5,2005.5,2005.75
"24136",2007.25,2008.75,2011.25
"24137",2006,2006.5,2006.75
"24138",2006.25,2006.75,2008
"24139",2010.5,2010.5,2010.5
"24141",2006,2008.75,2008.75
"24142",2008.75,2008.75,2008.75
"24147",2009,2009.25,2011.25
"24148",2006.5,2006.75,2008.5
"24149",2006,2006,2006.5
"24150",2011.5,2014,2015
"24151",2006.75,2009,2009
"24153",2005,2005.5,2006
"24161",2010.5,2010.5,2010.5
"24162",2008,2008,2008
"24165",2008.5,2010.25,2010.5
"24167",2005.5,2005.5,2005.5
"24168",2006.75,2006.75,2006.75
"24171",2010.5,2010.5,2010.5
"24174",2005.5,2005.5,2005.5
"24175",2005,2007.25,2008
"24176",2006,2006,2006
"24179",2005.5,2006,2006
"24184",2006,2006,2006
"24185",2006.75,2009.5,2011
"24201",2005.25,2005.5,2006.75
"24202",2005.25,2005.25,2005.25
"24210",2005.25,2005.25,2005.5
"24211",2005.5,2005.5,2006.75
"24216",2008.5,2010.5,2010.5
"24217",2009.75,2009.75,2010.25
"24219",2007,2007,2007
"24220",2009.75,2009.75,2010.25
"24221",2009.5,2010.5,2013.5
"24224",2010.5,2010.5,2010.5
"24225",2008.5,2010.5,2010.5
"24226",2009,2009.75,2013.5
"24228",2008.5,2008.5,2009.5
"24230",2010.5,2010.5,2010.5
"24236",2006.75,2008.75,2010.5
"24237",2010.5,2010.5,2010.5
"24239",2009.75,2009.75,2010.25
"24243",2005.5,2005.75,2006.25
"24244",2005.5,2005.5,2005.5
"24245",2010.5,2010.5,2010.5
"24246",2007,2007,2007
"24248",2009.5,2010.25,2010.25
"24250",2009.5,2009.5,2009.5
"24251",2007,2008.25,2009.5
"24256",2009.5,2009.5,2010.5
"24258",2005.25,2005.75,2006.25
"24260",2006.75,2008.25,2008.5
"24263",2010.5,2010.5,2010.5
"24265",2010.5,2011.75,2013.5
"24266",2006.75,2006.75,2006.75
"24269",2009.25,2009.75,2013.5
"24270",2005.25,2005.25,2005.25
"24271",2008,2008.25,2010.5
"24272",2010.5,2010.5,2010.5
"24273",2010.5,2010.5,2010.75
"24277",2007.25,2010.5,2010.5
"24279",2008.5,2008.5,2010.25
"24280",2006.75,2006.75,2007.75
"24281",2011,2011.25,2011.75
"24282",2010.5,2011,2013.5
"24283",2010.5,2010.5,2010.5
"24290",2008.25,2008.25,2008.25
"24292",2013.75,2013.75,2015
"24293",2010.75,2010.75,2011.75
"24301",2005.75,2006,2006
"24311",2005.5,2005.5,2005.5
"24312",2005.5,2009.25,2010.25
"24313",2005.25,2005.25,2005.25
"24314",2005.5,2005.75,2006.5
"24315",2005.5,2005.5,2006.75
"24316",2006.75,2009,2010.75
"24317",2007.75,2007.75,2007.75
"24318",2005.5,2005.5,2005.5
"24319",2005.5,2005.5,2005.5
"24322",2005.5,2006,2010.5
"24323",2005.5,2005.5,2005.5
"24324",2005.75,2005.75,2005.75
"24325",2008.5,2009,2009.25
"24326",2006.25,2014.5,2015.5
"24328",2006,2007.75,2007.75
"24330",2005.5,2006,2006
"24333",2006,2006.75,2009
"24340",2005.5,2005.5,2006.25
"24343",2005.25,2005.75,2007.75
"24347",2005.75,2006,2006
"24348",2009.5,2009.5,2014.5
"24350",2006,2006,2010.25
"24351",2007.75,2008.25,2009
"24352",2007.75,2007.75,2007.75
"24354",2005.5,2005.5,2005.5
"24360",2010.25,2010.25,2010.25
"24361",2006.25,2006.75,2006.75
"24363",2013.75,2013.75,2015
"24366",2005.25,2006.5,2007.25
"24368",2005.5,2005.5,2005.5
"24370",2005.5,2006.75,2007.75
"24374",2006.25,2013.75,2015.5
"24375",2006.25,2006.25,2015
"24377",2005.5,2005.5,2007.75
"24378",2013.75,2013.75,2015
"24380",2007.75,2009,2009.25
"24381",2005.25,2005.25,2005.5
"24382",2005.5,2005.5,2009.25
"24401",2006.75,2008.75,2009.25
"24411",2008.75,2008.75,2010.75
"24412",9999,9999,9999
"24413",9999,9999,9999
"24415",2010.75,2010.75,2010.75
"24416",2008.5,2008.5,2008.5
"24421",2009.25,2009.25,2009.25
"24422",2006,2006,2006.25
"24426",2008,2009,2010.5
"24430",2008.75,2008.75,2008.75
"24431",2006.75,2006.75,2008.75
"24432",2017.5,9999,9999
"24433",9999,9999,9999
"24435",2010.75,2010.75,2010.75
"24437",2005.5,2005.5,2005.5
"24439",2008.75,2008.75,2010.75
"24440",2009,2010.75,2010.75
"24441",2005.5,2007,2008.25
"24442",9999,9999,9999
"24445",2010.5,9999,9999
"24448",2006,2006,2006
"24450",2008.25,2008.25,2008.5
"24457",2006.5,2007.75,2007.75
"24458",9999,9999,9999
"24459",2008.75,2008.75,2008.75
"24460",2009.25,2013.75,9999
"24464",2010.25,2010.75,2010.75
"24465",9999,9999,9999
"24467",2005.5,2005.5,2005.5
"24471",2006.75,2008.25,2008.25
"24472",2009,2010.75,2010.75
"24473",2010.75,2010.75,2010.75
"24474",2006.5,2006.5,2007.75
"24476",2009,2010.75,2010.75
"24477",2010.25,2010.25,2010.25
"24479",2008.75,2009.5,2010.75
"24482",2006.75,2006.75,2006.75
"24483",2008.5,2010.75,2010.75
"24484",9999,9999,9999
"24485",2009.25,2014.75,2017.5
"24486",2005.5,2005.5,2005.5
"24487",9999,9999,9999
"24501",2005.5,2006.5,2007.5
"24502",2005.25,2005.25,2005.25
"24503",2005.5,2006.5,2006.5
"24504",2007.25,2007.5,2007.5
"24517",2008.25,2009.25,2009.75
"24520",2007,2010.25,2010.5
"24521",2007,2007,2007.75
"24522",2007.25,2007.25,2007.75
"24523",2006.25,2006.25,2008.5
"24526",2008.25,2008.25,2008.25
"24527",2006.75,2006.75,2006.75
"24528",2010.75,2011.25,2011.75
"24529",2008.75,2008.75,2008.75
"24530",2006,2007.75,2008.25
"24531",2005.25,2006.75,2008.25
"24534",2008.25,2009.25,2011.25
"24536",2006.25,2006.5,2006.5
"24538",2005.5,2006,2007.25
"24539",2006.75,2007,2008.25
"24540",2005.75,2006.75,2006.75
"24541",2007.25,2007.25,2007.25
"24549",2005.25,2005.25,2006.75
"24550",2005.5,2006.25,2007.5
"24551",2005.25,2005.25,2005.5
"24553",2005.25,2007.75,2011.75
"24554",2009.5,2010.25,2010.5
"24555",2008.25,2008.25,2008.25
"24556",2006.25,2008.5,2008.5
"24557",2010.5,2010.5,2010.5
"24558",2007,2007,2008.25
"24562",2012,2012.5,2014
"24563",2010.5,2010.5,2010.5
"24565",2011.75,2012.5,2013.5
"24566",2006.75,2006.75,2006.75
"24569",2009.25,2009.25,2009.75
"24570",2006.25,2006.25,2006.25
"24571",2009.75,2010.5,2010.5
"24572",2006.5,2008,2008.5
"24574",2005.5,2006.5,2008.25
"24577",2006.75,2009.25,2011.25
"24578",2008.25,2008.25,2008.25
"24579",2008.25,2008.25,2008.25
"24580",2006,2008.75,2008.75
"24581",2008.5,2010.75,2010.75
"24586",2006.75,2007,2010.5
"24588",2006.25,2007.5,2007.5
"24589",2008.25,2008.25,2008.75
"24590",2006.25,2008.5,2011.25
"24592",2007,2007,2008.25
"24593",2005.25,2005.5,2006.25
"24594",2007,2010.5,2010.5
"24595",2005.5,2006.5,2007
"24597",2008.25,2010.5,2012
"24598",2006,2008.75,2009.5
"24599",2012,2012.5,2014
"24601",2013,2013,9999
"24602",2011.5,2013,2014.25
"24603",2009.5,2010.5,2013.5
"24604",2007,2007,2011.5
"24605",2006.5,2007,2007
"24606",2009.75,2011.5,2014.25
"24607",2009.5,2009.5,2010.5
"24609",2006.75,2007.75,2007.75
"24612",2005.5,2007,2007.75
"24613",2006.5,2006.75,2007
"24614",2010.25,2010.5,2013.5
"24620",2013.5,2014.25,2014.25
"24622",2013.5,2014.25,2014.75
"24628",2009.5,2010.5,2010.5
"24630",2007,2007,2007
"24631",2008.25,2008.5,2009
"24634",2009,2010.5,2014.25
"24635",2007,2010.25,2011.5
"24637",2005.5,2005.5,2005.5
"24639",2007.75,2008.5,2010.25
"24641",2006.75,2007,2007.75
"24646",2008.5,2008.5,2009
"24649",2007,2007.75,2008.5
"24651",2005.5,2005.5,2006.25
"24656",2009.5,2009.75,2010.25
"24657",2013.5,2014.75,2014.75
"24701",2006.5,2006.75,2007
"24712",2006.75,2007,2007.25
"24714",2006.5,2007.25,2009.25
"24715",2006.75,2006.75,2007
"24716",2007.25,2007.25,2015.5
"24719",2007.25,2007.25,2013
"24724",2006.75,2006.75,2007
"24726",2007.25,2007.25,2013.25
"24729",2005.25,2007.75,2013
"24731",2006.5,2007,2007.25
"24733",2005.25,2007.75,2013
"24736",2006.75,2007.25,2012.25
"24737",2006.75,2006.75,2007
"24738",2006.75,2006.75,2007
"24740",2005.5,2006.75,2008.25
"24747",2006.75,2006.75,2011.5
"24801",2011.5,2013,2013
"24808",2009.75,2011.5,2014.25
"24811",2014.25,9999,9999
"24813",2013,2013,2014.25
"24815",2013,2013,9999
"24816",2015.5,2015.5,9999
"24817",2014.25,9999,9999
"24818",2013,2013,2013
"24822",2013,2013,2013
"24823",2013,2013,2013
"24826",2011.5,2013,2013
"24827",2013,2013,2013
"24828",2011.5,2011.5,2013
"24830",2009.75,2011.5,2013
"24831",2009.75,2011.5,2014.25
"24834",2011.5,2013,2013
"24836",2008.75,2013,2013
"24839",2015,2015.5,9999
"24843",2015.5,2015.5,9999
"24844",2015.5,2015.5,9999
"24845",2015.5,2015.5,9999
"24846",2013.25,2014.5,2015
"24847",2011.5,2011.5,2013
"24848",2007.5,2010.25,2013
"24849",2013,2013,2013
"24850",2014.25,2014.75,9999
"24851",2013,2013,2015
"24853",2011.75,2013,2013
"24854",2011.5,2013,2013
"24857",2013,2013,2013
"24860",2013,2013,2013
"24861",2009.75,2011.5,2014.25
"24862",2013.5,2014.5,2014.5
"24866",2013,2013,9999
"24867",2011.5,2011.5,2013
"24868",2007.25,2013,2014.25
"24869",2015.5,2015.5,9999
"24870",2013,2013,2013
"24871",2009.75,2011.5,2014.25
"24872",2014.25,2014.25,2015
"24873",2014.25,2014.25,9999
"24874",2013,2013,2013
"24878",2011.5,2013,2013
"24879",2014.25,2014.75,9999
"24880",2013,2013,2013
"24881",2013,2013,2014.25
"24882",2013,2013,2013
"24884",2009.75,2011.5,2013
"24887",2009.75,2011.5,2014.25
"24888",2009.75,2011.5,2014.25
"24892",2013,2013,2013
"24894",2013,2013,2014.75
"24898",2013,2013,2013
"24901",2011.5,2011.5,2011.5
"24910",2008.5,2008.75,2011.75
"24915",9999,9999,9999
"24916",2008.75,2008.75,2011.5
"24918",2009.5,2011.5,2012.25
"24920",9999,9999,9999
"24924",2014.5,9999,9999
"24925",2009,2011.5,2011.75
"24927",9999,9999,9999
"24931",2009,2011.5,2012
"24934",9999,9999,9999
"24935",2008.75,2008.75,2009.25
"24938",2011.5,2011.5,2011.5
"24941",2011.5,2011.75,2012.25
"24944",9999,9999,9999
"24945",2009.25,2009.25,2012.25
"24946",2014.5,2014.5,9999
"24951",2011.25,2012.25,2012.25
"24954",9999,9999,9999
"24957",2011.5,2011.5,2011.5
"24962",2008.25,2008.75,2011.75
"24963",2009.5,2011,2011.5
"24966",2012.5,2014.5,9999
"24970",2008.5,2011.5,2011.75
"24974",2011.5,2011.5,2011.75
"24976",2011.5,2011.5,2011.75
"24977",2008.75,2008.75,2010.5
"24981",2008.75,2009.25,2012.25
"24983",2011.75,2012.25,2012.25
"24984",2011.75,2012.25,2015
"24986",2011.5,2011.5,2014.5
"24991",2011.5,2011.75,2012.5
"25002",2009.75,2009.75,2011.75
"25003",2007,2007,2007
"25005",2007,2008,2009
"25007",2007.75,2007.75,2011.25
"25008",2010.75,2011.75,2011.75
"25009",2005.5,2005.5,2007
"25011",2007.25,2007.75,2008.25
"25015",2005.25,2005.25,2005.25
"25019",2015,2015,2015
"25021",2014.5,2015,2016
"25022",2013,2013,2013
"25024",2005.75,2007,2007.25
"25025",2007.75,2008.75,2013
"25028",2014.5,2014.5,2015.25
"25030",2007.25,2008.75,2012.25
"25031",2005.5,2005.5,2009.25
"25033",2009,2010.5,2010.5
"25035",2005.25,2007,2008.25
"25036",2005.5,2007,2009.75
"25039",2005.5,2005.5,2005.5
"25040",2009.75,2011.75,2011.75
"25043",2012.75,2012.75,2014.5
"25044",2010.75,2011.75,2011.75
"25045",2007.75,2008.75,2008.75
"25047",2014.25,2014.5,2015.25
"25048",2010.75,2011.75,2011.75
"25049",2011.75,2013,9999
"25051",2005.75,2007,2007
"25053",2007,2007,2009.5
"25054",2011.75,2013,9999
"25057",2009.25,2011.75,2011.75
"25059",2009.75,2009.75,2012
"25060",2011.5,2011.75,2013
"25061",2005.25,2005.5,2007
"25062",2010.75,2011.75,2011.75
"25063",2011,2011,2011
"25064",2006.5,2006.5,2006.5
"25067",2005.5,2005.5,2005.5
"25070",2008.25,2008.25,2009.25
"25071",2006,2006,2006.75
"25075",2011.75,2011.75,2012.5
"25076",2007,2008.5,2009.75
"25081",2007,2007,2007
"25082",2010.25,2010.5,2011.25
"25083",2009.25,2011.75,2011.75
"25085",2009.75,2009.75,2012
"25086",2005.5,2005.5,2005.5
"25088",2013.25,2015,2015
"25090",2009.75,2009.75,2012
"25093",2014.5,2015,2016
"25102",2005.5,2005.5,2005.75
"25103",2005.5,2005.5,2005.75
"25106",2007.75,2009.25,2009.25
"25107",2005.5,2005.5,2005.5
"25108",2007.25,2008.75,2009.5
"25109",2007.25,2007.75,2008.25
"25110",2005.5,2005.5,2005.75
"25111",2015,2015,2015
"25112",2006.5,2006.5,2006.5
"25113",2011,2012.75,2012.75
"25114",2011.75,2014.5,2015
"25115",2009.75,2011.75,2011.75
"25118",2009.25,2011.75,2012.25
"25119",2009.25,2011.75,2011.75
"25121",2007.25,2008.75,2009.5
"25123",2010.5,2010.5,2012.25
"25124",2009,2010.5,2010.5
"25125",2015,2015,2015
"25126",2005.5,2005.5,2005.75
"25130",2007,2007,2011.75
"25132",2008.75,2008.75,2013.5
"25133",2012.75,2012.75,2012.75
"25134",2005.25,2005.25,2007
"25136",2005.5,2005.5,2005.75
"25139",2005.5,2005.5,2006.75
"25140",2013,2013,2014.5
"25141",2007.75,2008.25,2011
"25142",2005.75,2007,2007
"25143",2006.75,2007,2007.25
"25148",2011.75,2013,9999
"25149",2014.5,2014.5,2015.25
"25152",2009.75,2011.75,2011.75
"25154",2005.75,2007,2007
"25156",2005.5,2005.5,2005.75
"25159",2007.25,2007.25,2008.25
"25160",2008.75,2008.75,2013.5
"25161",2009.25,2011.75,2012.25
"25162",2005.5,2005.5,2005.75
"25164",2012.75,2012.75,2012.75
"25165",2005.75,2007,2007
"25168",2007.75,2008.25,2008.25
"25169",2007,2007,2007
"25173",2005.75,2010.75,2011.75
"25174",2010.75,2011.25,2011.75
"25177",2006.75,2007,2007
"25180",2007.75,2007.75,2011.25
"25181",2009.25,2013,2013
"25183",2009.75,2013,2014.5
"25185",2005.5,2009.25,2009.75
"25186",2005.5,2005.5,2007
"25187",2010.25,2010.5,2012.25
"25193",2011.75,2013,9999
"25201",2006.75,2006.75,2006.75
"25202",2007,2007,2007
"25203",2007.25,2008.75,2009.5
"25204",2014.5,2016,2016
"25205",2007.25,2014.25,2014.5
"25206",2014.25,2014.5,2015.25
"25208",2013,2013,2013
"25209",2013,2016,2016
"25211",2012.5,2012.75,2015.75
"25213",2008.25,2008.25,2009
"25214",2005.25,2005.25,2007
"25234",2011.75,2011.75,2015.75
"25235",2007.75,2008.75,2011.25
"25239",2010.5,2010.5,2010.5
"25241",2010.5,2010.5,2010.5
"25243",2008.75,2008.75,2013.5
"25244",2009,2009,2009.5
"25245",2010.5,2010.5,2010.5
"25247",2006.5,2006.5,2006.5
"25248",2009,2009,2009
"25251",2007.75,2009,2009
"25252",2009,2009.75,2010.5
"25253",2006.5,2007.25,2009.25
"25259",2008.25,2009,2011.75
"25260",2006.5,2006.5,2006.5
"25261",2011.75,2013.75,9999
"25262",2005.75,2005.75,2010.5
"25264",2010.5,2010.5,2010.5
"25265",2006.5,2006.5,2006.5
"25266",2007.75,2008.75,2012.75
"25267",2012.75,2012.75,2013.75
"25268",2009.5,2012.75,2015.75
"25270",2009.75,2009.75,2013.5
"25271",2009,2010,2010.5
"25275",2008.5,2008.5,2008.5
"25276",2009.5,2011.75,2011.75
"25285",2012.75,2012.75,2012.75
"25286",2008.75,2008.75,2013.5
"25287",2006.5,2006.5,2006.5
"25301",2006.5,2006.5,2006.5
"25302",2006.5,2006.5,2006.5
"25303",2006.5,2006.5,2006.5
"25304",2006.5,2006.5,2006.75
"25305",2006.5,2006.5,2006.5
"25306",2006.75,2006.75,2006.75
"25309",2006,2006.5,2006.5
"25311",2006.75,2006.75,2006.75
"25312",2006,2006.5,2006.5
"25313",2006.5,2006.5,2006.5
"25314",2006,2006.5,2006.5
"25315",2005.25,2005.25,2005.25
"25320",2006,2006,2006
"25401",2008.25,2008.25,2008.25
"25403",2008.25,2008.25,2008.25
"25404",2008.25,2010.25,2010.25
"25405",2008.25,2008.25,2009
"25411",2006.5,2008.5,2008.75
"25413",2008.75,2010.25,2012.25
"25414",2009.25,2010,2010.75
"25419",2005.75,2006,2006
"25420",2008.5,2009,2009.75
"25422",2006.5,2006.5,2008.25
"25425",2009.5,2010.25,2010.75
"25427",2008.25,2008.25,2008.5
"25428",2008.75,2009.75,2010.25
"25430",2009.75,2010.25,2011.5
"25431",2006.5,2008,2009
"25432",2010.25,2010.75,2011.5
"25434",2006.5,2008,2009
"25437",2012.75,2012.75,2013
"25438",2010.25,2010.75,2011.5
"25442",2010.25,2010.75,2011.5
"25443",2010.25,2010.25,2010.25
"25444",2011.25,2012.75,2013
"25446",2008,2008.5,2009.25
"25501",2007,2008.75,2011.75
"25502",2008.25,2010.25,2010.5
"25503",2007.5,2007.75,2009
"25504",2007,2007,2007
"25505",2008.75,2009.5,2012.5
"25506",2009,2011.25,2013.75
"25507",2005.75,2005.75,2005.75
"25508",2008.5,2009.5,2009.75
"25510",2008.25,2008.25,2008.25
"25511",2014.5,2014.5,2015.5
"25512",2009,2009.25,2014.5
"25514",2008.25,2009.5,2014.5
"25515",2005,2005.25,2005.25
"25517",2012.5,2014.5,2014.5
"25520",2007.5,2007.5,2007.5
"25521",2010.5,2011.75,2013.75
"25523",2011.25,2013.75,2013.75
"25524",2009.75,2013.75,2015
"25526",2008.25,2008.25,2008.25
"25529",2007,2007,2007
"25530",2005.25,2005.25,2005.25
"25534",2009,2015.25,2015.25
"25535",2005.75,2005.75,2005.75
"25537",2007.5,2007.5,2007.5
"25540",2014.75,2015.25,9999
"25541",2007.5,2008.25,2008.25
"25545",2007,2007,2007
"25547",2007.25,2008.75,2009.5
"25550",2007.25,2009.25,2009.25
"25555",2005.25,2005.25,2005.25
"25557",2014.5,2015.25,2015.5
"25559",2009,2009,2009
"25560",2007,2007,2007.25
"25564",2007,2007,2007
"25565",2007,2011.25,2013.75
"25567",2007,2007,2007
"25570",2006.5,2008,2008.5
"25571",2009,2009,2011.25
"25573",2007,2007,2007
"25601",2008.5,2008.75,2009.75
"25606",2013,2013,2013
"25607",2013,2013,2013
"25608",2014.5,2014.5,2015
"25611",2013,2013,2014.5
"25617",2013,2013,2013
"25621",2013,2014.5,2015.25
"25624",2007.25,2008.75,2009.5
"25625",2009.75,2009.75,2011.5
"25628",2006.75,2008.5,2009.75
"25630",2013,2013,2013
"25632",2008.75,2009.75,2009.75
"25634",2013,2013,2013.25
"25635",2009.75,2014.5,2015
"25637",2009.75,2009.75,2011.5
"25638",2009.75,2013.25,2013.25
"25639",2007,2008.5,2009.75
"25644",2013.25,2013.25,2015
"25646",2007.75,2008.75,2009.75
"25647",2006.75,2007.75,2009.75
"25649",2009.75,2009.75,2011.5
"25650",2013,2013,2013
"25651",2013.25,2014.5,2015
"25652",2009.75,2009.75,2011.5
"25653",2006.75,2007.75,2009.75
"25654",2006.75,2008.5,2009.75
"25661",2012.5,2013.25,2015.5
"25666",2015.5,2015.5,2017.5
"25669",2014.5,2014.5,2015.5
"25670",2013.25,2013.25,2013.25
"25671",2011.75,2012.5,2015
"25672",2012.5,2013.25,9999
"25674",2015.5,2015.5,2015.5
"25676",2012.5,2015,2015.5
"25678",2013.25,2013.25,2015
"25688",2013.25,2013.25,2013.25
"25690",2013.25,2013.25,2013.25
"25692",2013.25,2013.25,2013.25
"25696",2013.25,2013.25,2013.25
"25699",2015.5,2015.5,2017.5
"25701",2005.75,2005.75,2006.5
"25702",2006.5,2007,2007
"25703",2005,2006.5,2006.5
"25704",2005.75,2005.75,2005.75
"25705",2005,2006.5,2006.5
"25801",2006,2007.75,2008
"25810",2011.5,2011.5,2013
"25811",2007,2008.75,2013
"25812",2009.75,2009.75,2012
"25813",2007,2007.25,2007.25
"25817",2007.75,2007.75,2011.25
"25818",2005.25,2007.25,2008.25
"25820",2006.75,2007.25,2008.75
"25823",2007,2007,2011.75
"25825",2007,2007,2008.25
"25826",2011.5,2011.5,2013
"25827",2006,2006,2006
"25831",2008.5,2008.5,2012.5
"25832",2007.25,2007.25,2007.25
"25836",2006,2006,2006
"25837",2008.5,2008.75,2012.25
"25839",2007.75,2007.75,2011.25
"25840",2008.5,2011.75,2011.75
"25841",2007,2007,2008.25
"25843",2007,2007,2009
"25844",2007.75,2007.75,2011.25
"25845",2013,2013,2013
"25846",2005.25,2007.25,2008.25
"25848",2007.75,2011.25,2011.5
"25849",2006,2006,2006
"25853",2011.5,2011.5,2013
"25854",2008.75,2009.75,2012
"25855",2005.25,2007.25,2008.25
"25857",2007,2007,2013.25
"25862",2008.5,2011.75,2012
"25864",2005.75,2007.25,2008.5
"25865",2007.75,2007.75,2011.25
"25868",2008.5,2008.75,2012.25
"25870",2011.5,2011.5,2013
"25871",2006,2006,2006
"25873",2006,2006,2006
"25875",2011.5,2011.5,2013
"25876",2011.5,2011.5,2013
"25878",2006,2006,2006
"25879",2005.75,2010.75,2011.75
"25880",2005.25,2007.25,2008.25
"25882",2011.5,2011.5,2013
"25901",2005.75,2008,2009.75
"25902",2007,2007.75,2013
"25904",2010.75,2010.75,2011.75
"25906",2005.75,2007.25,2008.5
"25907",2005.75,2007.25,2008.75
"25908",2007,2007,2013.25
"25911",2006,2006,2006
"25913",2011.5,2013,2013
"25915",2007,2007,2013.25
"25916",2013,2013,2013
"25917",2008.25,2009.25,2011.75
"25918",2007.25,2007.25,2007.25
"25920",2011.5,2011.5,2013
"25921",2011.5,2011.5,2011.5
"25922",2006.75,2007,2007.25
"25928",2011.5,2013,2013
"25932",2007.75,2007.75,2007.75
"25936",2005.75,2007.25,2008.75
"25938",2009.75,2010.25,2012
"25942",2008.5,2008.75,2012.25
"25951",2008.75,2008.75,2009.25
"25958",2008.75,2012,2012.25
"25962",2008.5,2008.75,2012.25
"25969",2007,2007.25,2008.25
"25971",2007,2007.25,2009
"25972",2008.5,2008.75,2012.25
"25976",2008,2008.25,2012.25
"25977",2008.5,2008.5,2009.5
"25978",2008.5,2008.75,2009
"25979",2008.75,2009,2009.25
"25981",2012,2012,2012.5
"25984",2012,2012.25,2014.5
"25985",2008.5,2008.75,2009.5
"25989",2007.25,2007.25,2007.25
"26003",2005.5,2006.75,2008.5
"26030",2005,2005,2005
"26031",2005.5,2005.5,2008.5
"26032",2009.25,2009.25,2009.25
"26033",2012.75,2012.75,2015.25
"26034",2005.75,2005.75,2005.75
"26035",2008.25,2009,2009.25
"26036",2008.5,2008.5,2008.5
"26037",2005.75,2005.75,2005.75
"26038",2006,2006,2008.5
"26039",2009.75,2012.75,2012.75
"26040",2005.5,2005.5,2008.5
"26041",2006,2006,2009
"26047",2005.75,2005.75,2006.75
"26050",2005.75,2005.75,2005.75
"26055",2011.25,2012.75,2012.75
"26056",2005.75,2005.75,2005.75
"26059",2008.5,2008.5,2009
"26060",2009,2009.25,2009.25
"26062",2007,2009,2010.5
"26070",2005.75,2008.25,2009.25
"26074",2009.25,2009.25,2009.25
"26075",2005,2005,2005
"26101",2005.5,2005.5,2006.25
"26104",2005.5,2005.5,2005.75
"26105",2005.75,2005.75,2005.75
"26133",2010,2010,2010
"26134",2005.5,2005.5,2005.5
"26136",2013.5,2013.75,2015.75
"26137",2011.75,2013.75,2013.75
"26138",2011.75,2013.5,2013.75
"26141",2013.75,2015.75,2015.75
"26142",2005.5,2006.25,2008
"26143",2008.75,2010,2011.75
"26146",2007.5,2007.5,2011
"26147",2012.75,2013.75,9999
"26148",2011.75,2013.5,2013.75
"26149",2007.5,2007.5,2013.75
"26150",2008,2010,2010
"26151",2011.75,2015.75,2015.75
"26152",2011.75,2013.5,2013.75
"26155",2007.75,2011,2012.75
"26159",2007.25,2007.25,2007.75
"26160",2009.75,2011.75,2013.5
"26161",2008.25,2008.25,2013.5
"26164",2008.25,2008.25,2008.5
"26167",2007.75,2007.75,2011.75
"26169",2010,2010,2010
"26170",2010,2012,2012
"26175",2007.5,2007.5,2007.5
"26178",2011.75,2013.75,2013.75
"26180",2005.5,2006.75,2008
"26181",2005.75,2007,2007.5
"26184",2005.5,2005.5,2005.5
"26187",2005.5,2005.5,2005.75
"26201",2006.75,2008.25,2011.25
"26202",2012,2012.5,2012.5
"26203",2011.25,2011.25,2015.25
"26205",2011.75,2012,2012.5
"26206",2012,2012.75,2014.5
"26208",2012.5,2014.5,2014.5
"26209",2012.5,2012.5,9999
"26215",2011,2011,2011.5
"26217",2011.25,2011.5,2015.25
"26218",2011.5,2011.75,2012
"26222",2011.25,2011.5,2011.5
"26224",2012,2012,2012.75
"26228",2011,2011,2011.5
"26230",2012,2012,2012.5
"26234",2011,2011.5,2011.5
"26236",2012,2012,2012.5
"26237",2012,2012.75,2014
"26238",2008.25,2008.25,2011.25
"26241",2009.75,2011.5,2011.75
"26250",2008.75,2011.5,2011.5
"26253",2011.75,2011.75,2014
"26254",2013,2013,9999
"26257",2007.5,2010.25,2011.5
"26259",2007.75,2011.75,2011.75
"26260",2012.75,2013.5,2013.75
"26261",2012.5,2012.5,2014.5
"26263",9999,9999,9999
"26264",9999,9999,9999
"26266",2012.5,2012.75,2014.5
"26267",2007.75,2008.5,2011.75
"26268",2013,9999,9999
"26269",2012.75,2012.75,2013.5
"26270",2013,9999,9999
"26271",2012.75,2012.75,2013.75
"26273",2012.5,2014,9999
"26275",2007.5,2010.25,2011.5
"26276",2011.5,2011.75,2012.75
"26278",2011.75,2011.75,2012
"26280",2011.75,2012,2012.5
"26282",2012.5,2012.5,2013.75
"26283",2011.5,2011.5,2011.5
"26285",2007.5,2010.25,2011.5
"26287",2011.5,2011.75,2012.75
"26288",2012.5,2014.5,2015.25
"26291",2012.5,2014.5,2014.5
"26292",2010,2012.75,2013.5
"26293",2007.75,2011.75,2011.75
"26294",2012.5,2013.75,9999
"26296",2013,9999,9999
"26298",2012.5,2012.5,2014.5
"26301",2007.5,2007.5,2007.5
"26320",2007.5,2008,2015.25
"26321",2014.25,2014.75,2014.75
"26323",2005.25,2005.25,2005.25
"26325",2011.75,2014.75,2015.5
"26327",2012.75,2013.75,2017.75
"26330",2005.25,2005.25,2007
"26335",2006.5,2006.75,2010.5
"26337",2008.25,2010,2012
"26338",2011,2013.75,2014.75
"26339",2014.75,2014.75,2014.75
"26342",2011,2013.75,2015.5
"26343",2011.25,2011.5,2011.75
"26346",2008.5,2011.75,2013.75
"26347",2008,2008,2011.25
"26348",2014.75,2014.75,2014.75
"26349",2008,2008,2011.25
"26351",2012.75,2012.75,2012.75
"26354",2007.25,2007.5,2008
"26361",2007,2007,2007
"26362",2011.75,2012.75,2013.75
"26366",2007,2007,2007
"26369",2005.25,2005.25,2005.25
"26372",2006.75,2009,2011.5
"26374",2007.25,2007.25,2011.25
"26376",2011.25,2011.5,2013.75
"26377",2014.75,2014.75,2014.75
"26378",2006.25,2007.5,2007.5
"26384",2011,2013.75,2014.75
"26385",2006.25,2006.75,2007.5
"26386",2009.25,2011.5,2012
"26404",2005.25,2005.25,2006.75
"26405",2007.5,2011.5,2011.5
"26408",2006.25,2006.25,2007
"26410",2007.25,2007.25,2011.25
"26411",2011,2012.75,2014.5
"26412",2006.5,2007.25,2009.25
"26415",2008.5,2011.75,2015.5
"26416",2008.25,2008.75,2011.5
"26419",2014.75,2014.75,9999
"26421",2013.75,2015.5,2017.75
"26422",2007.5,2007.5,2007.5
"26424",2007,2008,2008
"26425",2011.75,2011.75,2011.75
"26426",2007.5,2008,2011
"26430",2006.5,2007.5,2010.5
"26431",2007,2007,2007
"26435",2008,2008,2011.25
"26436",2008,2008,2011.5
"26437",2013.25,2014.75,2014.75
"26438",2005.25,2005.25,2005.25
"26440",2007.25,2007.5,2011.5
"26443",2011.75,2014.5,2014.75
"26444",2009.75,2011.75,2011.75
"26447",2007.25,2007.25,2009
"26448",2009.25,2011.75,2012
"26451",2006,2007.5,2007.5
"26452",2007.25,2008,2009
"26456",2009.75,2013.75,2015.5
"26501",2006.5,2006.5,2006.5
"26505",2006.5,2006.5,2006.5
"26508",2007,2007.5,2008.75
"26519",2006.25,2008.5,2012
"26520",2007.5,2009.25,2009.75
"26521",2008.25,2009.25,2009.5
"26525",2010.5,2011,2012
"26534",2006.5,2006.5,2006.5
"26537",2006.25,2006.25,2007.25
"26541",2006.5,2007,2008.25
"26542",2007.25,2008.5,2011
"26543",2006.5,2006.5,2006.5
"26547",2007.5,2009.25,2009.75
"26554",2006.5,2007,2007
"26559",2006,2006,2006
"26560",2006,2006,2006
"26562",2013.25,2015.25,9999
"26563",2007,2007,2007
"26568",2007,2007,2007
"26570",2008.25,2008.25,2009.5
"26571",2006,2006,2006.5
"26572",2007,2007,2007
"26574",2006,2006,2006
"26575",2013.25,2015.25,2015.75
"26576",2006,2006.5,2007
"26581",2015.25,2015.25,9999
"26582",2012,2012.75,2013.25
"26585",2013.25,2013.25,2013.25
"26586",2006.5,2007,2007
"26587",2006,2006,2006
"26588",2006,2006,2007
"26590",2012.75,2013.25,2014.5
"26591",2007,2007,2007
"26601",2006.5,2011,2011.25
"26610",2008.75,2011,2011.75
"26611",2012.75,2012.75,2012.75
"26615",2006.5,2006.5,2010.5
"26617",2011.75,2012,2013.25
"26619",2006.25,2006.5,2006.5
"26621",2008.75,2015.25,2015.25
"26623",2011,2011,2011
"26624",2008.75,2011.25,2015.25
"26627",2006.5,2011.75,2015.25
"26629",2005.75,2006.5,2010.75
"26631",2006.5,2011.5,2012.75
"26636",2013.75,2015.25,9999
"26638",2011.75,2013.75,9999
"26651",2011.75,2012,2012
"26656",2012,2012.25,2015
"26660",2011.75,2011.75,2011.75
"26662",2011.75,2011.75,2011.75
"26676",2012.25,2012.5,2014.25
"26678",2009,2010,2012
"26679",2009.5,2012,2012
"26680",2008.75,2012,2012
"26681",2011.75,2012,2012
"26684",2009.5,2012,2012
"26690",2009.75,2012,2012.25
"26691",2011,2011.75,2012
"26704",2012.75,2012.75,2012.75
"26705",2009,2011.75,2011.75
"26707",2011.75,2012.75,2013.5
"26710",2010.75,2011,2012.75
"26711",2007.5,2008.25,2011.25
"26714",2012.75,2012.75,2012.75
"26716",2009.5,2011.75,2011.75
"26717",2010.75,2011.75,2011.75
"26719",2007.5,2008.25,2009.5
"26720",2011.75,2012.75,2012.75
"26722",2007,2007.5,2007.5
"26726",2009.25,2009.5,2009.75
"26731",2012.75,2012.75,2013.5
"26739",2011.75,2012.75,2012.75
"26743",2011,2011.75,2012.75
"26750",2009.25,2009.25,2009.25
"26753",2007.5,2007.5,2007.5
"26755",2012.75,2012.75,2012.75
"26757",2010,2012.75,2012.75
"26761",2012.75,2012.75,2012.75
"26763",2007.5,2009,2009.5
"26764",2007.25,2008.5,2011.75
"26767",2007.5,2007.5,2007.5
"26801",2012.75,2012.75,2014.25
"26802",2012,9999,9999
"26804",2013,2013,9999
"26807",2012.25,2014.75,9999
"26808",2005.75,2005.75,2005.75
"26810",2012.75,2012.75,2014.25
"26812",2012.75,2014.25,9999
"26814",2013,2013,9999
"26815",2011.5,9999,9999
"26817",2006,2008,2008.25
"26818",2012,2012,2012.75
"26823",2009,2009.75,2010
"26833",2012.75,2013.75,2014.25
"26836",2012,2012.75,2014.25
"26845",2012.75,2012.75,2012.75
"26847",2012,2014.25,2014.25
"26851",2010,2012.75,2012.75
"26852",2011,2012.75,2012.75
"26855",2014.25,2014.25,2014.25
"26865",2007.5,2009.5,2011.25
"26866",2014.25,2014.75,9999
"26884",2014.25,9999,9999
"27006",2008,2008.25,2008.25
"27007",2007.75,2007.75,2007.75
"27009",2007.25,2007.25,2007.25
"27011",2007.75,2011.5,2011.5
"27012",2008.25,2008.25,2008.25
"27013",2006.5,2007,2007.75
"27014",2008.75,2008.75,2008.75
"27016",2007.25,2007.25,2007.25
"27017",2007.75,2011.5,2011.5
"27018",2007.25,2007.75,2008.25
"27019",2005.75,2007.25,2007.25
"27020",2006.5,2008.75,2011.25
"27021",2005.75,2006,2007.25
"27022",2007.25,2011,2012
"27023",2006,2007.25,2008
"27024",2006.75,2008.75,2011.5
"27025",2007.25,2008.25,2008.75
"27027",2005.75,2006.75,2008.5
"27028",2007.75,2008.75,2008.75
"27030",2007.75,2007.75,2007.75
"27040",2005.5,2005.75,2005.75
"27041",2008.5,2009.5,2011.5
"27042",2007.25,2007.25,2007.25
"27043",2007.25,2007.75,2008.5
"27045",2005.75,2005.75,2005.75
"27046",2007.25,2008.75,2011.5
"27047",2007.75,2008,2011.5
"27048",2005.75,2005.75,2006.5
"27050",2005.75,2005.75,2006
"27051",2007.25,2007.25,2007.25
"27052",2007.25,2007.25,2007.25
"27053",2007.25,2007.5,2007.5
"27054",2008.75,2008.75,2008.75
"27055",2006,2007.25,2008
"27101",2007.5,2007.5,2007.5
"27103",2005.5,2005.5,2005.5
"27104",2005.5,2005.5,2005.5
"27105",2005.75,2006,2007.25
"27106",2005.5,2005.5,2005.5
"27107",2006,2006,2007
"27109",2005.5,2005.5,2005.5
"27110",2007.5,2007.5,2007.5
"27127",2006,2007.5,2008.25
"27201",2005.5,2005.5,2005.5
"27203",2006,2006,2006
"27205",2010.25,2010.25,2010.25
"27207",2006.5,2007,2007.75
"27208",2006.5,2006.5,2006.5
"27209",2009.75,2009.75,2009.75
"27212",2006.75,2010.5,2010.75
"27214",2007.75,2008.75,2008.75
"27215",2005.5,2005.5,2005.5
"27217",2006.25,2006.25,2006.25
"27229",2006.5,2008,2009.75
"27231",2006.25,2006.25,2006.5
"27233",2004,2007.25,2010
"27235",2006.5,2006.5,2006.5
"27239",2007,2009,2010.25
"27242",2006.5,2009.75,2009.75
"27243",2006.5,2006.5,2007
"27244",2006.25,2006.25,2006.25
"27248",2009.25,2010.25,2011
"27249",2008.75,2008.75,2008.75
"27252",2006.5,2008.25,2009
"27253",2006.5,2006.5,2006.5
"27258",2006.5,2006.5,2006.5
"27260",2006,2006,2006
"27262",2006,2006,2006
"27263",2006,2006,2006
"27265",2006,2006,2006.5
"27278",2008.5,2008.5,2008.5
"27281",2006.5,2007.25,2009.75
"27282",2006,2006.5,2006.5
"27283",2007.75,2007.75,2007.75
"27284",2006.5,2007.25,2007.25
"27288",2006.5,2006.5,2006.5
"27291",2007,2007.75,2010.75
"27292",2006.75,2006.75,2007.5
"27295",2007.5,2007.5,2007.5
"27298",2006.5,2007.75,2010.25
"27299",2007.5,2007.5,2009
"27301",2007.75,2007.75,2008.75
"27302",2005.25,2006.25,2006.5
"27305",2010.5,2010.5,2010.5
"27306",2006,2008,2009.75
"27310",2006.5,2007.25,2008.5
"27311",2006.75,2007.25,2010.25
"27312",2008.75,2008.75,2008.75
"27313",2007.25,2007.25,2007.25
"27314",2006.25,2006.25,2007
"27315",2006.75,2006.75,2006.75
"27316",2009.5,2010.25,2010.75
"27317",2006,2006,2007.25
"27320",2006,2007.75,2008.25
"27325",2010.5,2010.75,2010.75
"27326",2010.25,2010.25,2010.25
"27330",2007,2007,2007.75
"27332",2006,2006,2006
"27340",2006.5,2006.5,2006.5
"27341",2010.25,2010.75,2011.25
"27343",2007,2010.25,2010.5
"27344",2009.5,2009.5,2009.5
"27349",2006.5,2009,2010.25
"27350",2006,2006,2006
"27355",2009.5,2009.5,2009.5
"27356",2010.75,2010.75,2014.75
"27357",2007.25,2008.5,2008.75
"27358",2007.75,2007.75,2007.75
"27360",2006,2006.75,2006.75
"27370",2007,2007,2007
"27371",2009.75,2010.75,2014.5
"27376",2006,2006,2006.25
"27377",2007.75,2007.75,2007.75
"27379",2006.75,2006.75,2006.75
"27401",2007.25,2007.25,2007.25
"27403",2007.25,2007.25,2007.25
"27405",2007.75,2007.75,2007.75
"27406",2007.25,2007.25,2007.25
"27407",2007.25,2007.25,2007.25
"27408",2007.25,2007.25,2007.25
"27409",2006.5,2006.5,2006.5
"27410",2006.5,2007.25,2007.25
"27455",2007.75,2007.75,2007.75
"27501",2006,2006,2006
"27502",2006.75,2008.75,2008.75
"27503",2006,2006,2006
"27504",2006.75,2006.75,2006.75
"27505",2006.75,2006.75,2006.75
"27507",2006.25,2006.25,2006.25
"27508",2010,2010,2010
"27509",2006.25,2006.25,2006.25
"27510",2008.5,2008.5,2008.5
"27511",2006.25,2006.25,2006.25
"27513",2006.25,2006.25,2006.25
"27514",2008.5,2008.5,2008.5
"27516",2007,2008.5,2008.5
"27517",2008.5,2009.5,2009.5
"27518",2006.75,2006.75,2006.75
"27519",2006.25,2009,2009.5
"27520",2007.5,2007.5,2007.5
"27521",2009.75,2009.75,2009.75
"27522",2006.25,2006.25,2006.5
"27523",2008.75,2008.75,2009.5
"27524",2006.75,2006.75,2008.75
"27525",2005.5,2006.75,2006.75
"27526",2005.75,2005.75,2005.75
"27527",2006.5,2007.5,2007.5
"27529",2009.25,2009.25,2009.25
"27530",2005.5,2005.5,2007.25
"27531",2005,2005,2005
"27534",2005.5,2005.5,2005.5
"27536",2005.25,2005.25,2005.25
"27537",2006.25,2006.75,2009.75
"27539",2006.75,2006.75,2006.75
"27540",2006.75,2006.75,2006.75
"27541",2006.25,2006.25,2006.25
"27542",2007.5,2007.5,2007.5
"27544",2009.75,2009.75,2009.75
"27545",2005.75,2005.75,2005.75
"27546",2006,2006,2006
"27549",2006.25,2008.75,2009.75
"27551",2006.75,2010.25,2010.25
"27553",2006.25,2006.25,2006.25
"27555",2006.5,2006.5,2006.5
"27556",2005.25,2005.25,2005.25
"27557",2008.75,2010,2010
"27559",2007.75,2008.75,2008.75
"27560",2006.25,2006.25,2006.25
"27562",2008.75,2008.75,2008.75
"27563",2006.25,2006.75,2006.75
"27565",2010,2010.25,2010.5
"27568",2005.25,2005.25,2005.25
"27569",2005.25,2005.25,2005.25
"27571",2008.75,2008.75,2008.75
"27572",2007,2008.5,2010
"27573",2007,2007,2010.5
"27574",2007,2010.5,2010.5
"27576",2006.5,2006.5,2006.5
"27577",2005.25,2005.25,2005.5
"27581",2007.25,2008.25,2010.25
"27582",2006.25,2006.25,2006.25
"27583",2007,2008.5,2010.5
"27587",2006.25,2006.75,2006.75
"27589",2006.25,2006.25,2006.75
"27591",2005.75,2005.75,2005.75
"27592",2006,2006,2006
"27596",2006.75,2006.75,2006.75
"27597",2008.75,2010,2010
"27601",2005,2005,2005
"27603",2009.25,2009.25,2009.25
"27604",2005,2005,2005
"27605",2005,2005,2005
"27606",2006.25,2006.75,2006.75
"27607",2006,2006.25,2006.25
"27608",2005,2005,2005
"27609",2005,2005,2005
"27610",2005,2005,2005.75
"27612",2006,2006.25,2006.25
"27613",2007.25,2007.25,2007.25
"27614",2006.25,2006.25,2006.25
"27615",2006.25,2006.25,2006.25
"27616",2006.25,2006.25,2006.25
"27617",2007.25,2007.25,2007.25
"27701",2005,2005,2005
"27703",2007.25,2007.25,2007.25
"27704",2006,2006.25,2006.25
"27705",2005,2005,2006
"27707",2005,2005,2005
"27709",2007.25,2007.25,2007.25
"27712",2006,2006,2006
"27713",2005,2006.5,2009.5
"27801",2005.25,2005.25,2005.5
"27803",2006,2006,2006
"27804",2005.5,2005.5,2005.5
"27805",2008.75,2009.75,2011.5
"27806",2005.25,2005.25,2005.5
"27807",2005,2005,2005.5
"27808",2007.75,2008.75,2014.5
"27809",2005.25,2005.25,2005.5
"27810",2012.5,2014.25,2014.5
"27812",2005.75,2005.75,2005.75
"27813",2006.25,2006.5,2006.5
"27814",2006,2007.25,2007.75
"27816",2006.5,2006.5,2006.5
"27817",2005.5,2005.5,2005.5
"27818",2008,2008,2008
"27819",2005.75,2005.75,2005.75
"27820",2009.75,2010,2011.5
"27821",2005.75,2006.5,2006.75
"27822",2006,2006,2006
"27823",2006.75,2006.75,2007.25
"27824",2015.5,2015.5,2015.5
"27825",2008.5,2008.5,2008.5
"27826",2014.5,2014.5,2015.5
"27827",2005,2005.5,2005.75
"27828",2005.5,2005.75,2006.25
"27829",2005,2005.5,2005.75
"27830",2006.5,2006.5,2007
"27831",2006.25,2008.5,2008.5
"27832",2006.5,2007,2009.5
"27834",2005.5,2005.5,2005.5
"27837",2005.5,2006.5,2006.5
"27839",2005.25,2005.25,2005.75
"27840",2007.5,2007.75,2008.5
"27841",2007.25,2008.5,2014.25
"27842",2008.25,2008.25,2010.25
"27843",2007.25,2007.75,2008.5
"27844",2006.25,2006.25,2006.25
"27845",2008.5,2008.5,2008.5
"27846",2006.5,2006.5,2006.5
"27847",2009.75,2009.75,2011.5
"27849",2010,2014.5,2014.5
"27850",2006.5,2008.25,2010.25
"27851",2006.5,2007.25,2007.5
"27852",2005.5,2005.75,2005.75
"27853",2009,2009.75,2009.75
"27855",2008,2008,2008
"27856",2006.25,2006.5,2006.5
"27857",2007.25,2008,2010
"27858",2005.5,2006,2006.5
"27860",2007.75,2011.5,2014
"27861",2005.75,2005.75,2005.75
"27862",2008,2008,2008
"27863",2005.5,2005.5,2005.5
"27864",2005.75,2006,2006.25
"27865",2006.5,2006.5,2007.25
"27866",2006,2006,2009
"27869",2009.75,2010,2010
"27870",2006.5,2006.5,2009
"27871",2005.75,2007.5,2008.5
"27872",2010,2010,2010
"27873",2005,2006.25,2006.5
"27874",2007.75,2008.5,2010
"27875",2007.75,2011.5,2014
"27876",2008.5,2009,2009.5
"27878",2006,2006,2006
"27879",2006.5,2006.5,2006.5
"27880",2005,2005,2005
"27881",2007.25,2007.25,2007.25
"27882",2007.5,2009,2010
"27883",2006.25,2006.5,2006.5
"27884",2005.5,2005.75,2006.5
"27885",2009,2009,2009
"27886",2006.5,2007,2007.25
"27888",2006,2006.25,2006.5
"27889",2005.75,2005.75,2006.5
"27890",2009,2009.5,2010.25
"27891",2006.75,2006.75,2007.25
"27892",2006.5,2007.5,2007.5
"27893",2006.25,2006.25,2006.25
"27896",2006.25,2006.25,2006.25
"27897",2009.75,2010,2010
"27909",2006.5,2006.75,2010.25
"27910",2006.75,2007.75,2008.75
"27915",9999,9999,9999
"27916",2006.75,2006.75,2006.75
"27917",2010,2010,2010
"27919",2007.75,2008.75,2012
"27921",2006.75,2008,2010
"27922",2006.75,2006.75,2006.75
"27923",2006.75,2006.75,2006.75
"27924",2006,2006.75,2007.75
"27925",2010.75,2010.75,2011.25
"27926",2007,2007,2007
"27927",2006.75,2006.75,2006.75
"27928",2007.75,2007.75,2008
"27929",2010,2010,2010
"27932",2006,2006,2007.5
"27935",2006.75,2007,2007
"27937",2007,2007,2007
"27938",2007,2007,2007
"27939",2010.25,2010.25,2010.25
"27941",2005.5,2005.5,2005.5
"27942",2006,2006,2015
"27944",2006.5,2007.75,2007.75
"27946",2009.25,2010.25,2012
"27947",2010.25,2010.25,2010.25
"27948",2005.5,2005.5,2005.5
"27949",2005.5,2005.5,2005.5
"27950",2006.75,2006.75,2006.75
"27953",2010.75,2011.25,2015
"27954",2005.75,2010.25,2010.75
"27956",2010,2010,2010
"27957",2005.75,2005.75,2005.75
"27958",2006.75,2006.75,2007.25
"27959",2005.75,2005.75,2005.75
"27960",9999,9999,9999
"27962",2006.25,2006.5,2006.5
"27964",2005.5,2005.5,2005.5
"27965",2010,2010.25,2010.25
"27966",2010.25,2010.25,2010.25
"27967",2007.5,2007.5,2008.75
"27968",9999,9999,9999
"27970",2006.25,2006.25,2006.25
"27972",9999,9999,9999
"27973",2010,2010,2010
"27974",2005,2006.75,2010.25
"27976",2008.5,2008.5,2010.25
"27978",2010.75,2011.25,2011.25
"27979",2008.5,2010.25,2010.25
"27980",2007.75,2008.75,2012
"27981",2005.75,2005.75,2005.75
"27982",9999,9999,9999
"27983",2006.5,2006.5,2007.5
"27985",2006.5,2006.5,2006.5
"27986",2006.75,2006.75,2006.75
"28001",2007.25,2007.25,2007.25
"28006",2008,2008,2008
"28007",2009.75,2010.25,2010.25
"28009",2006,2006,2006
"28012",2006,2006.25,2006.5
"28016",2006.25,2006.25,2006.25
"28017",2006.25,2006.25,2006.25
"28018",2009.5,2009.5,2010.75
"28019",2009.5,2009.75,2010.75
"28020",2007.25,2007.25,2007.25
"28021",2006,2006.25,2006.25
"28023",2005.25,2005.25,2005.25
"28025",2006,2006,2006
"28027",2006,2006,2007
"28031",2005,2005.5,2006.25
"28032",2005.25,2005.25,2005.25
"28033",2008.75,2009,2009
"28034",2005.25,2005.25,2006
"28036",2005.5,2007,2007
"28037",2005.5,2005.75,2006.25
"28039",2009,2009,2009
"28040",2009.5,2009.5,2009.5
"28043",2009.5,2009.5,2010.75
"28052",2006,2006,2006
"28054",2005.25,2005.25,2005.25
"28056",2006,2006,2006
"28071",2007,2007,2007.5
"28072",2009,2009,2009
"28073",2005.75,2005.75,2005.75
"28075",2005.75,2005.75,2005.75
"28076",2010.75,2010.75,2010.75
"28077",2008,2008,2008
"28078",2006.25,2007,2007
"28079",2005,2005,2005
"28080",2008,2008,2008
"28081",2005.25,2005.25,2005.25
"28083",2005.25,2005.25,2005.25
"28086",2006.25,2006.25,2006.25
"28088",2005.25,2005.25,2005.25
"28089",2008.25,2009.75,2010.75
"28090",2006,2006.75,2007.25
"28091",2009.25,2009.75,2009.75
"28092",2008,2008,2008.25
"28097",2006.25,2006.25,2006.25
"28098",2005.25,2005.25,2005.25
"28101",2005.25,2005.25,2005.25
"28102",2005.5,2005.5,2005.5
"28103",2007.75,2009,2010.25
"28104",2005,2005.25,2005.25
"28105",2005,2005,2005
"28107",2005.75,2006.25,2006.25
"28108",2005.25,2005.25,2005.25
"28109",2006,2007,2007.25
"28110",2005.25,2006.25,2007.75
"28112",2007.75,2008.75,2008.75
"28114",2006.25,2006.25,2009.75
"28115",2005.25,2005.25,2005.25
"28117",2005.5,2005.5,2005.5
"28119",2005.5,2006.5,2009.25
"28120",2006,2006,2006
"28124",2007,2008.25,2008.5
"28125",2006.25,2006.5,2007
"28127",2007.25,2007.25,2007.25
"28128",2008,2008,2008
"28129",2006.25,2006.25,2006.75
"28133",2008.25,2010.25,2010.25
"28134",2006,2006,2006.25
"28135",2009.75,2010.25,2010.25
"28137",2007,2007.25,2007.25
"28138",2006.25,2007,2007.5
"28139",2009.5,2010.25,2010.75
"28144",2009,2009,2009
"28146",2009,2009,2009
"28147",2007,2007,2007
"28150",2006,2006.25,2006.25
"28152",2006,2006.25,2006.25
"28159",2009,2009,2009
"28160",2009.5,2009.5,2009.5
"28163",2006.25,2006.25,2006.25
"28164",2005.25,2005.25,2006.25
"28166",2006,2006,2006
"28167",2010.75,2011.75,2011.75
"28168",2006.25,2006.25,2008
"28169",2006,2006,2006
"28170",2009.75,2009.75,2010.25
"28173",2007,2009,2009
"28174",2007.75,2007.75,2007.75
"28202",2005,2005,2005
"28203",2005,2005.25,2006
"28204",2005,2005,2005
"28205",2005,2005,2005
"28206",2005,2005,2005
"28207",2006,2006,2006
"28208",2006,2006,2006
"28209",2006,2006,2006
"28210",2006,2006,2006
"28211",2006,2006,2006
"28212",2006,2006,2006
"28213",2005,2005,2005
"28214",2006,2006,2006
"28215",2005.75,2005.75,2005.75
"28216",2006,2006,2006
"28217",2006,2006.5,2006.5
"28226",2006,2006,2006
"28227",2005,2005.75,2005.75
"28244",2005,2005,2005
"28262",2005,2005,2005.75
"28269",2005,2006.5,2007
"28270",2006,2006,2006
"28273",2006.5,2006.5,2006.5
"28277",2008,2008.75,2009
"28278",2006.5,2006.5,2006.5
"28280",2005,2005,2005
"28282",2005,2005,2005
"28301",2005,2005,2005
"28303",2005,2005,2005
"28304",2006,2006,2006.25
"28305",2005,2005,2005
"28306",2006,2006,2006.25
"28307",2005.25,2005.25,2005.25
"28308",2005.25,2005.25,2005.25
"28310",2005.25,2005.25,2005.25
"28311",2005,2005,2005.75
"28312",2006.75,2009.25,2010.25
"28314",2005.25,2005.25,2005.25
"28315",2006,2006.5,2007.25
"28318",2010.25,2010.25,2010.75
"28320",2005.25,2005.25,2006
"28323",2005.75,2005.75,2006
"28325",2006.5,2007.75,2008.75
"28326",2006,2006,2006
"28327",2006,2006.25,2006.25
"28328",2006.5,2006.5,2006.5
"28330",2006.5,2006.5,2006.5
"28332",2006,2006,2006
"28333",2005,2005,2005
"28334",2005.75,2006.75,2006.75
"28337",2005,2006,2006.25
"28338",2006.5,2007.5,2009.25
"28339",2009.75,2009.75,2009.75
"28340",2006.5,2006.5,2006.5
"28341",2007.75,2007.75,2007.75
"28342",2009.25,2010.25,2010.25
"28343",2006.75,2007.5,2009.5
"28344",2005.75,2007,2010.25
"28345",2009,2009.75,2010.5
"28347",2006.25,2006.25,2006.25
"28348",2006,2006,2006
"28349",2006.25,2007.75,2008.5
"28350",2006.25,2006.25,2006.25
"28351",2006.75,2009,2010.25
"28352",2006.75,2006.75,2006.75
"28356",2005.75,2005.75,2005.75
"28357",2006.25,2006.25,2006.75
"28358",2006.5,2008.75,2008.75
"28360",2005.75,2005.75,2005.75
"28363",2006.25,2006.25,2007.5
"28364",2008.5,2008.5,2008.5
"28365",2006.5,2007.75,2007.75
"28366",2005.75,2007.75,2008.75
"28367",2006.5,2006.5,2006.5
"28369",2006.25,2006.25,2006.25
"28371",2006.25,2006.25,2006.25
"28372",2005.75,2005.75,2005.75
"28373",2006.25,2007.25,2007.5
"28374",2005.25,2005.25,2006.25
"28375",2006.25,2007.25,2008.75
"28376",2007.5,2007.5,2009
"28377",2005.75,2005.75,2005.75
"28379",2006.5,2006.5,2006.5
"28382",2007,2009.25,2010.5
"28383",2006.5,2006.5,2006.5
"28384",2009.25,2009.25,2010.25
"28385",2007,2009.25,2010.25
"28386",2006.75,2006.75,2006.75
"28387",2005.25,2005.25,2005.25
"28390",2005.25,2005.75,2005.75
"28391",2010.25,2010.25,2010.25
"28392",2006,2006,2009.25
"28393",2006.5,2007.75,2007.75
"28394",2006,2006,2006
"28395",2006,2006.75,2010.25
"28396",2005.75,2007.5,2007.5
"28398",2005.5,2005.5,2005.5
"28399",2006.75,2009.25,2009.25
"28401",2006.75,2006.75,2006.75
"28403",2006,2006,2006.75
"28405",2006,2006,2006.75
"28409",2006,2007.25,2009
"28411",2006,2006,2006
"28412",2006.75,2008.5,2010.25
"28420",2009,2009,2009
"28421",2008.25,2008.5,2010.25
"28422",2006,2006,2006
"28423",2006.25,2006.25,2006.25
"28424",2006.25,2006.25,2006.25
"28425",2008.5,2008.5,2008.5
"28428",2007.25,2008.5,2009
"28429",2006.75,2006.75,2006.75
"28430",2006.25,2006.25,2006.25
"28431",2006.25,2006.25,2006.25
"28432",2006.25,2006.25,2006.25
"28433",2009.5,2009.5,2009.5
"28434",2006,2006,2006
"28435",2006.75,2006.75,2008.25
"28436",2006.25,2006.25,2006.25
"28438",2006.25,2006.25,2006.25
"28439",2006.25,2006.25,2006.25
"28441",2007.25,2007.25,2007.25
"28442",2006.25,2006.25,2006.25
"28443",2007.25,2007.5,2008.5
"28444",2007.25,2009.25,2009.25
"28445",2007.25,2007.25,2007.25
"28447",2009.25,2010.25,2013
"28448",2008.25,2008.25,2008.25
"28449",2005.25,2005.25,2006.5
"28450",2006.25,2006.25,2006.25
"28451",2006,2006,2006.25
"28452",2009,2009,2009
"28453",2005.5,2005.5,2006.25
"28454",2005.5,2005.75,2005.75
"28455",2006.25,2006.25,2006.25
"28456",2006.25,2006.25,2006.25
"28457",2008.25,2008.5,2010.25
"28458",2006.25,2006.25,2006.5
"28460",2008.5,2008.5,2008.5
"28461",2005.25,2005.25,2006
"28462",2006.5,2006.5,2007
"28463",2006.25,2006.25,2006.25
"28464",2006.5,2006.5,2006.5
"28465",2007,2010,2010
"28466",2006.5,2006.5,2008.25
"28467",2008,2008,2008
"28468",2008,2008,2008
"28469",2008,2008,2008
"28470",2008,2009,2009
"28472",2006.25,2006.25,2006.25
"28478",2008.25,2008.5,2008.5
"28479",2005.25,2006,2007
"28480",2006,2006,2006
"28501",2005.25,2007,2007
"28504",2005.25,2005.25,2005.75
"28508",2005.5,2005.5,2005.5
"28510",2007.5,2007.5,2007.75
"28511",9999,9999,9999
"28512",2006,2006,2007
"28513",2005.25,2005.25,2005.25
"28515",2005.25,2005.25,2005.25
"28516",2007.5,2007.5,2007.5
"28518",2006.5,2006.5,2006.5
"28519",2005.75,2005.75,2005.75
"28520",2012.5,2012.5,2012.5
"28521",2006.5,2006.5,2006.5
"28523",2006,2006.5,2007.5
"28524",2007.5,2007.5,2007.5
"28525",2008.25,2008.25,2008.25
"28526",2006,2007,2008.25
"28527",2005.25,2005.75,2006
"28528",2005.25,2005.25,2005.25
"28529",2005.75,2005.75,2007
"28530",2005.25,2005.25,2005.25
"28531",2005.25,2005.25,2005.25
"28532",2005.75,2007,2007
"28533",2007,2007,2007
"28537",2006.25,2006.25,2006.25
"28538",2005.25,2005.25,2005.25
"28539",2006,2006,2006.75
"28540",2006.75,2007,2008.25
"28543",2006.5,2007,2007
"28544",2006.25,2006.25,2007
"28546",2007,2007,2007
"28547",2006.25,2006.25,2006.25
"28551",2005.75,2005.75,2005.75
"28552",2006.25,2006.25,2006.25
"28553",2005.25,2005.25,2005.25
"28554",2005.5,2006.25,2006.25
"28555",2006.75,2007,2008.25
"28556",2005.25,2005.25,2005.25
"28557",2006,2006,2007.5
"28560",2005.75,2005.75,2005.75
"28562",2005.5,2005.5,2005.75
"28570",2007.5,2007.5,2008.75
"28571",2007.5,2007.5,2007.5
"28572",2007.5,2007.5,2008.25
"28573",2005.5,2006.25,2008.25
"28574",2007.5,2008.25,2008.25
"28575",2007.75,2009.5,2009.5
"28577",9999,9999,9999
"28578",2005.5,2005.5,2005.5
"28579",2005.25,2005.25,2005.25
"28580",2005.25,2005.25,2006.25
"28581",2007.5,2007.5,2007.5
"28582",2006.75,2006.75,2006.75
"28583",2005.25,2005.25,2005.25
"28584",2007.75,2008.75,2009.5
"28585",2007,2008.25,2008.5
"28586",2005.25,2005.25,2005.75
"28587",2005.25,2005.25,2005.25
"28589",2007.5,2007.5,2007.5
"28590",2005,2005,2005
"28594",9999,9999,9999
"28601",2005.5,2005.5,2005.5
"28602",2005.5,2006.25,2006.25
"28604",2008.5,2009.75,2010.25
"28605",2008.5,2010,2012
"28606",2010.25,2010.25,2012.75
"28607",2008.5,2008.75,2010
"28609",2006.25,2006.5,2009.5
"28610",2009,2009.75,2010.25
"28611",2009,2012.5,2014
"28612",2005,2005,2005.25
"28613",2005.5,2005.5,2005.5
"28615",2011.5,2011.5,2013.75
"28616",2010.25,2010.25,2010.25
"28617",2015.5,2015.75,2015.75
"28618",2007.75,2009.75,2010.5
"28619",2005.25,2005.25,2005.25
"28621",2006.5,2006.75,2011.5
"28622",2008.5,2010.25,2013.25
"28623",2009,2011.5,2015.5
"28624",2009.75,2012,2013.25
"28625",2005.75,2006,2006.5
"28626",2012,2015.5,2015.5
"28627",2015.5,2015.75,9999
"28628",2009.75,2009.75,2009.75
"28629",2015.5,2015.5,2015.5
"28630",2005.25,2005.5,2008
"28631",2015,2015.5,2015.5
"28634",2006.5,2007,2008.75
"28635",2014,2014,2014
"28636",2006.5,2006.5,2010.25
"28637",2005,2005,2005
"28638",2008,2008,2008
"28640",2015.5,2015.5,2015.5
"28642",2006,2007.75,2011.25
"28643",2013.75,2015,2015.5
"28644",2015.5,2015.5,2015.5
"28645",2008,2008.5,2010.75
"28646",2010.25,2010.25,2013.25
"28647",2010.25,2012.5,2012.5
"28649",2014,2014,2014
"28650",2006.25,2006.25,2006.25
"28651",2010.5,2013.25,2014
"28652",2010.25,2010.25,2010.25
"28654",2010.25,2012,2013.5
"28655",2006.75,2009.75,2009.75
"28657",2010.25,2010.25,2012.5
"28658",2006.25,2006.25,2006.25
"28659",2009.75,2009.75,2010.25
"28660",2006.5,2008.25,2010.25
"28662",2010.25,2010.25,2010.25
"28663",2015.5,2015.5,2015.75
"28665",2009.75,2010.5,2012
"28666",2005,2005,2005
"28667",2005,2005,2005
"28668",2015.5,2015.75,9999
"28669",2010.25,2011.5,2015.25
"28670",2006.5,2011.25,2011.25
"28671",2005,2005,2005
"28672",2015.5,2015.75,2015.75
"28673",2005.5,2005.5,2005.5
"28675",2014,2015.5,2015.5
"28676",2005.75,2006.5,2006.75
"28677",2006,2006,2006
"28678",2006.5,2006.5,2006.5
"28679",2008.5,2008.5,2009.75
"28681",2008.5,2009.75,2009.75
"28682",2005.5,2005.5,2005.5
"28683",2010,2011.5,2015.25
"28684",2011.5,2015,2015.5
"28685",2015,2015.5,2015.5
"28689",2010,2010.25,2013.5
"28690",2005.25,2005.25,2005.25
"28692",2008.5,2008.75,2008.75
"28693",2013.75,2015,2015.5
"28694",2013.75,2015.5,2015.5
"28697",2009.75,2009.75,2009.75
"28698",2008.75,2008.75,2008.75
"28701",2005,2005,2006.75
"28702",2007.75,2012,2012.5
"28704",2006.25,2006.75,2006.75
"28705",2009,2009.75,2012.5
"28707",2009.25,2009.25,2009.25
"28708",2011.5,2011.75,9999
"28709",2006.75,2006.75,2009.75
"28711",2006.75,2008.5,2009.25
"28712",2009.5,2010,2011.75
"28713",2009.25,2011.75,2012
"28714",2009.5,2011,2011
"28715",2009.75,2010,2010
"28716",2010.5,2011.5,2014.5
"28717",2011.75,2012.5,2014.5
"28718",2009.75,2009.75,2010.75
"28719",2009.25,2011.75,2013.75
"28720",2009.5,2009.75,2010.75
"28721",2009.25,2010.5,2010.5
"28722",2005.75,2007.25,2007.75
"28723",2011.5,2011.5,2012.5
"28725",2008.25,2008.25,2008.25
"28726",2005.75,2005.75,2005.75
"28729",2009.75,2010.75,2010.75
"28730",2006.75,2006.75,2006.75
"28731",2005.75,2005.75,2005.75
"28732",2006.75,2006.75,2006.75
"28733",2013.5,9999,9999
"28734",2009.25,2011.75,2012.5
"28735",2006.75,2006.75,2008.5
"28736",2011.75,2012.5,2014.5
"28739",2009.75,2010.75,2010.75
"28740",2009.75,2011,2012.5
"28741",2009.5,2012,2012.5
"28742",2006.75,2009,2009.75
"28743",2009.25,2014,2014.75
"28745",2009.75,2010.5,2010.5
"28746",2008.5,2009.75,2010.75
"28747",2009.75,2011.75,2011.75
"28748",2009.25,2010,2010.5
"28749",2011,2015.5,2015.5
"28751",2009.25,2009.25,2010.5
"28752",2008.5,2008.5,2010.25
"28753",2006.75,2008.75,2010.5
"28754",2006,2006,2006.25
"28756",2009.5,2009.75,2010.75
"28757",2009,2009.75,2011
"28759",2006.75,2006.75,2006.75
"28761",2008.5,2008.5,2009.75
"28762",2008.5,2008.5,2010.75
"28763",2009.5,2012.5,2013.75
"28766",2010.5,2010.75,2010.75
"28768",2010.5,2010.5,2012.5
"28771",2012.5,2012.5,2014.25
"28772",2009.5,2009.75,2011.75
"28773",2005.75,2005.75,2005.75
"28774",2009.75,2011.75,2011.75
"28775",2009.5,2011.75,2012.5
"28777",2010.25,2012.5,2012.5
"28778",2006.75,2006.75,2008.5
"28779",2008.25,2008.25,2009.25
"28781",2012,2013.75,2013.75
"28782",2005.75,2007.25,2007.75
"28783",2011.5,2011.75,9999
"28785",2009.5,2010.5,2013
"28786",2009.25,2010,2010.5
"28787",2006.75,2006.75,2006.75
"28789",2008.25,2008.25,2011.5
"28790",2005.75,2009.5,2009.75
"28791",2006.75,2006.75,2006.75
"28792",2006.75,2008.5,2009
"28801",2005.25,2005.25,2005.25
"28803",2005.25,2005.25,2005.25
"28804",2006.75,2006.75,2006.75
"28805",2005.25,2006.75,2006.75
"28806",2005.25,2006.75,2006.75
"28901",2007,2007,2007
"28902",2009.75,2012,2012
"28904",2009.75,2012.5,2013.75
"28905",2012,2012,2012
"28906",2009.75,2012,2012
"28909",2009.5,2012,2012
"29001",2005.75,2005.75,2006.25
"29003",2006,2006.25,2006.25
"29006",2005.5,2006.25,2006.25
"29009",2005.25,2006.25,2006.25
"29010",2005.25,2006.5,2006.5
"29014",2010,2010.25,2010.25
"29015",2006,2006,2006
"29016",2005.5,2005.5,2005.5
"29018",2006.5,2009,2010.25
"29020",2006.5,2006.5,2008.25
"29030",2005.75,2005.75,2005.75
"29031",2008.5,2008.5,2008.75
"29032",2005.25,2006.25,2006.25
"29033",2005.5,2005.5,2005.5
"29036",2005.5,2005.5,2005.5
"29037",2005.25,2005.5,2005.75
"29038",2006.5,2006.5,2006.5
"29039",2006.25,2006.25,2006.25
"29040",2006.5,2007.75,2007.75
"29042",2005,2005.75,2006
"29044",2005.75,2005.75,2005.75
"29045",2005.5,2005.5,2005.5
"29046",2006.5,2006.5,2006.5
"29047",2005.75,2005.75,2006
"29048",2005,2005,2005.5
"29051",2006.25,2009.5,2009.5
"29052",2005.75,2005.75,2005.75
"29053",2005.25,2005.25,2005.25
"29054",2005.75,2005.75,2005.75
"29055",2005.25,2005.25,2005.25
"29056",2007,2007.5,2007.5
"29058",2005,2005.25,2005.25
"29059",2005.5,2005.75,2005.75
"29061",2005.75,2005.75,2005.75
"29062",2006.25,2006.25,2006.25
"29063",2005.5,2005.5,2005.5
"29065",2006,2006,2006
"29067",2008.75,2009,2010
"29069",2009.75,2010.25,2010.25
"29070",2005.5,2005.75,2006.25
"29072",2005.75,2005.75,2005.75
"29073",2005.75,2005.75,2005.75
"29074",2008.75,2010,2010
"29075",2005.5,2005.75,2006
"29078",2005.5,2005.5,2005.5
"29079",2009.5,2009.5,2009.5
"29080",2008.5,2008.5,2008.5
"29081",2007,2008.75,2008.75
"29082",2008.75,2010,2010
"29101",2008.5,2008.75,2008.75
"29102",2006.25,2007,2007.5
"29104",2006.25,2006.5,2006.5
"29105",2006.25,2006.25,2008.75
"29107",2005.75,2005.75,2005.75
"29108",2005.25,2005.25,2005.5
"29111",2005.75,2007.5,2007.5
"29112",2005.5,2005.75,2005.75
"29113",2005.75,2005.75,2006
"29114",2006,2006,2006
"29115",2006.25,2006.25,2006.5
"29117",2004.25,2009,2009
"29118",2005.75,2005.75,2009
"29122",2006,2006,2006
"29123",2005.25,2005.25,2005.25
"29125",2005.5,2005.5,2005.5
"29126",2005.5,2005.5,2005.5
"29127",2005.5,2005.5,2006
"29128",2006.5,2007.75,2007.75
"29129",2008.75,2008.75,2008.75
"29130",2006,2008.25,2010
"29133",2006.25,2006.25,2006.25
"29135",2005.75,2009,2010.25
"29137",2006.25,2006.25,2006.25
"29138",2005.5,2005.75,2005.75
"29142",2006,2010.25,2010.5
"29145",2005.25,2005.25,2005.25
"29146",2006,2006.25,2006.25
"29147",2005.25,2005.25,2005.25
"29148",2007.75,2009.25,2009.25
"29150",2006.25,2006.25,2006.25
"29152",2006.25,2006.25,2006.25
"29153",2006.25,2006.25,2006.25
"29154",2005.5,2005.5,2006.25
"29160",2005.25,2005.5,2005.5
"29161",2007.75,2007.75,2007.75
"29162",2006,2007.5,2009.5
"29163",2005.75,2005.75,2005.75
"29164",2006.25,2006.25,2006.25
"29166",2005.5,2005.5,2005.5
"29168",2005.5,2005.5,2006.25
"29169",2005.5,2005.5,2005.75
"29170",2005.25,2005.25,2005.5
"29172",2005.25,2005.25,2005.25
"29175",2006.25,2006.25,2006.25
"29178",2005.75,2005.75,2006
"29180",2005.5,2005.5,2006
"29201",2005.5,2005.5,2005.5
"29202",2005.5,2005.5,2005.5
"29203",2005.5,2005.5,2005.5
"29204",2005.5,2005.5,2005.5
"29205",2005.5,2005.5,2005.5
"29206",2005.5,2005.5,2005.5
"29207",2005.5,2005.5,2005.5
"29208",2005.5,2005.5,2005.5
"29209",2005.5,2005.5,2005.5
"29210",2005.5,2005.5,2005.5
"29212",2005.5,2005.5,2005.75
"29223",2005.25,2005.25,2005.25
"29225",2005.5,2005.5,2005.5
"29229",2005.25,2005.25,2005.25
"29301",2005.25,2005.25,2005.25
"29302",2005.25,2005.25,2005.25
"29303",2005.25,2005.25,2005.5
"29306",2005.25,2005.25,2005.25
"29307",2005.25,2005.25,2005.75
"29316",2005.5,2005.5,2005.75
"29320",2005.25,2005.25,2005.25
"29321",2005,2005,2005
"29322",2005.5,2005.5,2005.5
"29323",2005.75,2005.75,2006.5
"29324",2005.25,2005.25,2005.25
"29325",2005,2005.5,2006.25
"29329",2005.75,2005.75,2005.75
"29330",2005.75,2005.75,2006.5
"29331",2010.5,2010.5,2010.5
"29332",2005,2005.5,2006.5
"29333",2005.25,2005.25,2005.25
"29334",2005.25,2005.25,2005.25
"29335",2010.5,2010.5,2010.5
"29338",2005.5,2005.5,2005.5
"29340",2008.25,2008.25,2008.75
"29341",2006.5,2008.25,2008.25
"29346",2005.25,2005.25,2005.25
"29349",2005.5,2005.5,2005.5
"29351",2006,2009,2011.25
"29353",2005,2005,2005
"29355",2005.5,2005.5,2005.5
"29356",2005.5,2005.5,2005.5
"29360",2005.25,2005.25,2005.25
"29364",2010.25,2011.25,2012.5
"29365",2005.25,2005.25,2005.25
"29368",2005.75,2005.75,2005.75
"29369",2005.25,2005.25,2005.25
"29370",2005,2005,2005
"29372",2005,2005,2005
"29373",2005,2005,2005
"29374",2005.5,2005.5,2005.5
"29375",2005.5,2005.5,2006
"29376",2005.5,2005.5,2005.5
"29377",2005.25,2005.25,2005.25
"29378",2005.25,2005.25,2005.25
"29379",2006.25,2006.5,2008.5
"29384",2005,2005,2005
"29385",2005.25,2005.25,2005.25
"29388",2005.5,2005.75,2006
"29401",2000,2000.5,2008.75
"29403",2000,2000.5,2008.75
"29404",2005.25,2005.25,2005.25
"29405",2005.25,2005.25,2005.25
"29406",2005.25,2005.25,2005.25
"29407",2006.75,2006.75,2006.75
"29409",2000,2000.5,2008.75
"29410",2005.25,2005.25,2005.25
"29412",2008.75,2008.75,2008.75
"29414",2005.25,2005.75,2006.75
"29418",2005.25,2005.25,2005.25
"29420",2005.25,2005.25,2005.25
"29423",2006.5,2006.5,2006.5
"29424",2000,2000.5,2008.75
"29426",2010,2010,2010.25
"29429",2005.5,2007.75,2008.75
"29431",2006.25,2006.25,2006.25
"29432",2006.25,2006.25,2006.5
"29434",2007.5,2009,2009
"29435",2006.25,2010,2010
"29436",2008,2008,2008
"29437",2005.75,2005.75,2005.75
"29438",2006.25,2006.25,2006.25
"29439",2008.75,2008.75,2011.75
"29440",2007.75,2008.5,2008.5
"29445",2006.5,2006.5,2006.5
"29446",2006.25,2006.25,2006.75
"29448",2005.75,2005.75,2005.75
"29449",2006,2006,2006.25
"29450",2005.5,2006.5,2009.75
"29451",2005.25,2005.25,2005.25
"29452",2006,2006.25,2006.25
"29453",2008.75,2008.75,2010.25
"29455",2006.25,2006.25,2006.75
"29456",2005.75,2005.75,2005.75
"29458",2008.75,2008.75,2008.75
"29461",2005.25,2005.5,2006.25
"29464",2006,2006.75,2008.75
"29466",2005.25,2005.25,2006
"29468",2006.25,2007.5,2008
"29469",2005.5,2005.5,2005.5
"29470",2006,2006,2006
"29471",2006.5,2006.5,2006.5
"29472",2005.75,2006,2006.25
"29474",2006,2010,2010
"29475",2005.5,2006.25,2007
"29477",2005.75,2005.75,2005.75
"29479",2006.25,2006.25,2006.25
"29481",2006.5,2010,2010.5
"29482",2000,2000.5,2008.75
"29483",2005.75,2005.75,2005.75
"29485",2005.75,2005.75,2005.75
"29487",2006.75,2007.25,2008.75
"29488",2005.5,2005.5,2006.25
"29492",2006,2006,2006
"29493",2006.5,2010,2010
"29501",2006,2006.75,2006.75
"29505",2005.25,2005.25,2005.25
"29506",2005.25,2005.25,2005.25
"29510",2006,2006,2006
"29511",2005.75,2005.75,2005.75
"29512",2006,2006.75,2009.5
"29516",2005.25,2005.25,2005.25
"29518",2006,2007.5,2007.5
"29519",2009,2009,2009
"29520",2005.5,2005.5,2005.5
"29525",2010.25,2010.25,2010.25
"29526",2005.75,2005.75,2005.75
"29527",2005.75,2006,2006.25
"29530",2008.5,2008.5,2008.5
"29532",2005.25,2005.25,2005.25
"29536",2009.5,2010.25,2010.25
"29540",2005.25,2005.25,2005.25
"29541",2007.75,2007.75,2008.5
"29543",2006.75,2008.75,2009.5
"29544",2006.75,2007.75,2009
"29545",2006.25,2006.25,2006.25
"29546",2006,2006.5,2007.5
"29547",2006.5,2007.75,2008.75
"29550",2008.75,2009.5,2009.5
"29554",2005.25,2006.5,2006.75
"29555",2006,2006,2006
"29556",2005.25,2006,2007
"29560",2005.25,2005.25,2006
"29563",2006.75,2007.25,2008.75
"29564",2007.75,2007.75,2007.75
"29565",2010.25,2010.25,2010.25
"29566",2008,2008,2008.75
"29567",2010.25,2010.25,2010.25
"29568",2008,2008.75,2008.75
"29569",2005.75,2005.75,2005.75
"29570",2008.5,2009.5,2010.25
"29571",2006.25,2007.75,2007.75
"29572",2008,2008,2008
"29574",2006.75,2006.75,2007.75
"29575",2005,2005,2005
"29576",2005,2006.25,2008.5
"29577",2005,2005,2005
"29579",2008.25,2008.25,2008.25
"29580",2005,2005.25,2005.25
"29581",2006.25,2006.75,2006.75
"29582",2008,2008,2008
"29583",2006,2006.5,2007.75
"29584",2006,2006.5,2006.5
"29585",2005.25,2006.25,2008.5
"29588",2006.25,2006.25,2006.25
"29590",2007,2007.75,2007.75
"29591",2005.25,2005.25,2006
"29592",2010.25,2010.25,2010.25
"29593",2006,2006,2006
"29594",2009.5,2009.5,2009.5
"29596",2005.5,2006.75,2010.5
"29601",2005.75,2005.75,2005.75
"29605",2005.75,2005.75,2005.75
"29607",2005.75,2005.75,2006.25
"29609",2006.75,2006.75,2006.75
"29611",2005.75,2005.75,2005.75
"29613",2006.75,2006.75,2006.75
"29614",2005.75,2005.75,2005.75
"29615",2005.75,2006.25,2006.25
"29617",2006.75,2006.75,2006.75
"29620",2005.5,2006,2006
"29621",2005.25,2005.25,2005.25
"29624",2005.5,2005.5,2005.5
"29625",2010.25,2010.25,2010.25
"29626",2006,2006,2006
"29627",2005.5,2005.5,2005.5
"29628",2009.75,2009.75,2010.25
"29630",2006.25,2006.25,2006.25
"29631",2006.25,2006.25,2006.25
"29634",2006.25,2006.25,2006.25
"29635",2009.75,2009.75,2009.75
"29638",2005.25,2005.25,2005.25
"29639",2005.25,2005.5,2006
"29640",2006,2006.25,2006.25
"29642",2006.25,2006.25,2006.25
"29643",2005.75,2005.75,2005.75
"29644",2006.25,2010.25,2010.25
"29645",2006.25,2010.25,2010.25
"29646",2005.5,2005.5,2006.5
"29649",2006.5,2006.5,2006.5
"29650",2005,2006,2006
"29651",2005.5,2005.5,2006
"29653",2005.25,2005.25,2005.5
"29654",2005.5,2005.5,2006
"29655",2005.5,2005.5,2005.5
"29657",2005.75,2005.75,2005.75
"29658",2006.25,2006.25,2009
"29659",2005.5,2005.5,2005.5
"29661",2006,2006,2009.75
"29662",2006.25,2006.25,2006.25
"29664",2009.75,2012.5,2014.5
"29665",2006.75,2010.5,2012.5
"29666",2005.5,2005.5,2006.5
"29667",2005,2006.25,2006.25
"29669",2005.75,2005.75,2005.75
"29670",2005.75,2006.25,2006.25
"29671",2006,2006,2006.25
"29672",2006.25,2006.25,2009.75
"29673",2005.75,2005.75,2005.75
"29676",2006.25,2006.25,2006.25
"29678",2005.75,2005.75,2006.25
"29680",2008.5,2010.25,2010.5
"29681",2006,2006.25,2006.25
"29682",2005,2005,2006.25
"29683",2006.75,2006.75,2006.75
"29684",2005.5,2005.5,2006
"29685",2006.25,2006.25,2006.25
"29686",2009,2011.75,2014.5
"29687",2005.5,2006,2006
"29689",2006.25,2010.25,2010.25
"29690",2005.5,2006,2006.75
"29691",2007.25,2009.75,2010.5
"29692",2005.25,2005.25,2005.25
"29693",2006.5,2006.5,2006.75
"29696",2006.25,2006.25,2006.75
"29697",2005.75,2005.75,2005.75
"29702",2005.75,2006.25,2008.75
"29704",2006.75,2007,2007
"29706",2007.75,2010.25,2010.25
"29707",2009,2009,2009
"29708",2005.5,2005.5,2005.5
"29709",2006,2006,2006.25
"29710",2006,2006,2006.75
"29712",2005.75,2005.75,2005.75
"29714",2006.75,2006.75,2006.75
"29715",2005.5,2005.5,2006.5
"29717",2008.75,2011,2011.75
"29718",2006.25,2006.25,2006.5
"29720",2007,2007.5,2008.75
"29724",2010.25,2010.25,2010.25
"29726",2008.5,2009.75,2010.75
"29727",2005,2006.25,2008.75
"29728",2008.75,2008.75,2008.75
"29729",2008,2010.25,2010.25
"29730",2005.75,2005.75,2005.75
"29732",2005.5,2005.5,2006.5
"29733",2005.5,2005.5,2005.5
"29741",2006.25,2006.75,2009
"29742",2010.25,2011.75,2014.75
"29743",2008.75,2011,2011
"29745",2008.75,2008.75,2008.75
"29801",2005.75,2005.75,2006.25
"29803",2006.25,2006.25,2006.25
"29805",2005.75,2006.25,2006.25
"29809",2006.25,2006.25,2006.25
"29810",2012,2012,2012
"29812",2007,2008,2010.5
"29816",2006.75,2007.25,2011.25
"29817",2005.75,2006.25,2006.25
"29819",2005.5,2005.5,2005.5
"29821",2005,2005,2005.75
"29824",2006,2006.75,2010.25
"29826",2006.25,2006.25,2007
"29827",2006.25,2006.25,2010.5
"29828",2006.75,2007.25,2011.25
"29829",2006.75,2006.75,2006.75
"29831",2005.75,2006.75,2009.5
"29832",2006.25,2007.25,2008.75
"29834",2006.75,2007.25,2011.25
"29835",2005,2005.5,2007.25
"29836",2010.25,2012,2012.25
"29838",2005.25,2006.75,2007.25
"29840",2014.5,2014.5,2014.5
"29841",2005,2006.5,2006.75
"29842",2006.75,2008,2011.25
"29843",2010,2010.5,2010.5
"29844",2006.75,2007.25,2010.25
"29845",2006.5,2007.25,2010.25
"29847",2005.25,2005.75,2006.75
"29848",2005.5,2005.5,2006.5
"29849",2010.5,2010.5,2010.5
"29850",2006.75,2006.75,2006.75
"29851",2006.75,2006.75,2010.75
"29853",2006.25,2006.25,2007
"29856",2006.25,2006.25,2006.25
"29860",2005.75,2005.75,2005.75
"29899",2005,2005,2005
"29902",2006.75,2006.75,2007.75
"29904",2005,2005,2005
"29905",2007.75,2007.75,2007.75
"29906",2005,2006.75,2006.75
"29907",2007.75,2007.75,2007.75
"29909",2005.25,2006.25,2006.75
"29910",2005.25,2006.25,2006.25
"29911",2006.25,2008.75,2010.75
"29912",2006.25,2006.25,2006.25
"29915",2008.5,2009.25,2009.25
"29916",2005.5,2005.5,2005.5
"29918",2007,2007,2007
"29920",2007.75,2007.75,2007.75
"29921",2007,2007,2008.75
"29922",2010,2010.25,2010.25
"29923",2005.5,2005.5,2005.5
"29924",2007,2007,2007
"29926",2006.25,2006.25,2006.25
"29927",2006,2006,2006.5
"29928",2006.25,2006.25,2008
"29929",2007,2009.25,2010
"29932",2011,2014.25,2014.5
"29934",2010.25,2010.25,2010.25
"29935",2007.75,2007.75,2007.75
"29936",2005.25,2006.25,2006.25
"29939",2007,2007,2007
"29940",2005,2005,2005
"29941",2005,2005,2005
"29943",2006.75,2007,2007
"29944",2007,2007,2007
"29945",2005.5,2005.75,2006.25
"30002",2005,2005,2005
"30004",2007.5,2009,2009
"30005",2005,2005,2005
"30008",2005.25,2005.25,2005.25
"30009",2005,2005,2005
"30011",2005.25,2005.25,2005.25
"30012",2005.75,2007.5,2007.5
"30013",2005.75,2005.75,2005.75
"30014",2006.5,2006.5,2006.75
"30016",2005.75,2005.75,2007.25
"30017",2005,2005,2005
"30019",2005.25,2005.25,2005.25
"30021",2005,2005,2005
"30022",2005,2005,2005
"30024",2005,2005,2005
"30025",2006.5,2006.5,2006.5
"30028",2005.75,2006.75,2006.75
"30030",2005,2005,2005
"30032",2005,2005,2005
"30033",2005,2005,2005
"30034",2005,2005.25,2005.25
"30035",2005,2005,2005
"30038",2005,2005,2005
"30039",2005.75,2005.75,2005.75
"30040",2009,2009,2009
"30041",2008,2008,2008
"30043",2005,2005,2005.25
"30044",2005.25,2005.25,2005.25
"30045",2005,2005,2005
"30046",2005.25,2005.25,2005.25
"30047",2005.25,2005.25,2005.25
"30052",2005,2006.25,2007.5
"30054",2005.75,2006.75,2007.5
"30055",2006.75,2007.25,2009.75
"30056",2010,2010,2010
"30058",2005.75,2005.75,2005.75
"30060",2005.25,2005.25,2005.25
"30062",2005.25,2005.25,2005.25
"30064",2005.25,2005.25,2005.25
"30066",2005.25,2005.5,2005.5
"30067",2005,2005,2005
"30068",2005,2005,2005
"30070",2005.75,2005.75,2005.75
"30071",2005,2005,2005
"30072",2005,2005,2005
"30075",2005.25,2005.25,2005.25
"30076",2005,2005,2005
"30078",2005.25,2005.25,2005.25
"30079",2005,2005,2005
"30080",2005,2005.25,2005.25
"30082",2005.25,2005.25,2005.25
"30083",2005,2005,2005
"30084",2005,2005,2005
"30087",2005.75,2005.75,2005.75
"30088",2005,2005,2005.5
"30092",2005,2005,2005
"30093",2005,2005,2005
"30094",2005,2005,2005
"30096",2005,2005,2005.25
"30097",2005,2005,2005
"30101",2008.5,2008.5,2008.5
"30102",2005.5,2005.5,2005.5
"30103",2005.75,2005.75,2005.75
"30104",2008,2008,2008.5
"30105",2008,2008,2008
"30106",2005.25,2005.25,2005.25
"30107",2009,2010,2010.25
"30108",2006.25,2006.25,2006.25
"30110",2006.25,2006.25,2007.5
"30113",2007.5,2007.5,2007.5
"30114",2006,2006,2006.25
"30115",2010,2010,2010
"30116",2006.25,2009,2010.5
"30117",2005.25,2005.25,2006.25
"30118",2005.25,2005.25,2005.25
"30120",2008.5,2009.75,2009.75
"30121",2009.75,2009.75,2009.75
"30122",2005.25,2005.25,2005.25
"30124",2009,2009,2010.25
"30125",2007.5,2007.5,2008
"30126",2005.25,2005.25,2005.25
"30127",2005.25,2005.25,2005.25
"30132",2006.5,2006.5,2006.5
"30134",2005,2005,2005
"30135",2005.25,2007.75,2009.75
"30137",2008.5,2008.5,2008.5
"30139",2009.75,2009.75,2009.75
"30141",2005,2005,2006.25
"30143",2005.25,2005.75,2006.25
"30144",2005.5,2005.5,2005.5
"30145",2009.5,2009.75,2010
"30147",2009.5,2010.25,2010.5
"30148",2005.75,2005.75,2005.75
"30149",2006.5,2006.5,2006.5
"30152",2005.25,2005.5,2005.5
"30153",2006.5,2006.5,2007.5
"30157",2006.25,2006.5,2006.5
"30161",2008,2008,2009.75
"30164",2009.5,2010,2012.5
"30165",2006.5,2006.75,2008
"30168",2005.25,2005.25,2005.25
"30170",2006.5,2006.5,2006.5
"30171",2009.75,2009.75,2009.75
"30173",2008,2008,2008
"30175",2006.5,2006.5,2006.5
"30176",2007.5,2007.5,2008.75
"30177",2009.75,2010.25,2010.25
"30178",2010.5,2010.5,2010.5
"30179",2007.75,2007.75,2007.75
"30180",2007.75,2007.75,2007.75
"30182",2009.5,2009.5,2009.5
"30183",2006.25,2006.25,2006.25
"30184",2009.75,2009.75,2009.75
"30185",2007,2010.5,2010.5
"30187",2006.75,2008.5,2010.25
"30188",2005.25,2005.5,2005.5
"30189",2005.5,2005.5,2005.5
"30204",2006.5,2006.5,2006.5
"30205",2005.25,2006.5,2006.5
"30206",2006.5,2006.5,2006.5
"30213",2005,2005,2005.75
"30214",2005,2005,2005
"30215",2005.25,2005.25,2005.25
"30216",2006.5,2006.5,2007
"30217",2006.5,2006.5,2006.5
"30218",2006.5,2006.5,2006.75
"30220",2006.25,2006.75,2009.5
"30222",2005.75,2005.75,2005.75
"30223",2005.75,2005.75,2006.25
"30224",2006,2006.5,2006.5
"30228",2005.75,2005.75,2006.25
"30230",2006,2006,2006
"30233",2006.5,2006.5,2006.5
"30234",2006.25,2006.5,2006.5
"30236",2006.25,2006.25,2006.25
"30238",2005,2005,2005
"30240",2005.25,2005.25,2006.5
"30241",2005.75,2006.75,2006.75
"30248",2006.25,2006.25,2006.25
"30250",2006.25,2006.25,2006.25
"30251",2006.75,2006.75,2006.75
"30252",2005.5,2005.5,2005.5
"30253",2005.5,2005.5,2006.25
"30256",2008.5,2008.5,2009.75
"30257",2006,2006,2006.5
"30258",2006.5,2006.5,2006.5
"30259",2006.5,2006.75,2006.75
"30260",2005.25,2005.25,2005.25
"30263",2005.25,2005.25,2006
"30265",2005.75,2005.75,2005.75
"30268",2005.25,2005.75,2005.75
"30269",2005.75,2006.75,2006.75
"30273",2005.25,2005.25,2005.25
"30274",2005,2005.25,2005.25
"30275",2005.25,2005.25,2005.25
"30276",2006.75,2006.75,2006.75
"30277",2006.75,2006.75,2006.75
"30281",2005.25,2005.25,2005.25
"30284",2005.75,2005.75,2005.75
"30285",2006.75,2007.5,2008.5
"30286",2006.5,2006.5,2006.75
"30288",2005.25,2005.25,2005.25
"30289",2006.75,2006.75,2006.75
"30290",2005.75,2005.75,2005.75
"30291",2005,2005,2005
"30292",2006.5,2006.5,2006.5
"30293",2006.5,2006.5,2007.5
"30294",2005.25,2005.25,2005.25
"30295",2007.25,2007.5,2008.5
"30296",2005.25,2005.25,2005.25
"30297",2005.25,2005.25,2005.25
"30303",2005.25,2005.25,2005.25
"30305",2005.25,2005.25,2005.25
"30306",2005.25,2005.25,2005.25
"30307",2005,2005,2005
"30308",2005.25,2005.25,2005.25
"30309",2005.25,2005.25,2005.25
"30310",2005.25,2005.25,2005.25
"30311",2005.25,2005.25,2005.25
"30312",2005.25,2005.25,2005.25
"30313",2005.25,2005.25,2005.25
"30314",2005.25,2005.25,2005.25
"30315",2005.25,2005.25,2005.25
"30316",2005,2005,2005.25
"30317",2005,2005,2005
"30318",2005.25,2005.25,2005.25
"30319",2005,2005,2005
"30322",2005,2005,2005
"30324",2005.25,2005.25,2005.25
"30326",2005,2005,2005
"30327",2005,2005,2005
"30328",2005,2005,2005
"30329",2005,2005,2005
"30331",2005,2005.25,2005.25
"30332",2005.25,2005.25,2005.25
"30334",2005.25,2005.25,2005.25
"30336",2005.25,2005.25,2005.25
"30337",2005.25,2005.25,2005.25
"30338",2005,2005,2005
"30339",2005,2005,2005
"30340",2005,2005,2005
"30341",2005,2005,2005
"30342",2005,2005,2005
"30344",2005.25,2005.25,2005.25
"30345",2005,2005,2005
"30346",2005,2005,2005
"30349",2005,2005.25,2005.25
"30350",2005,2005,2005
"30354",2005.25,2005.25,2005.25
"30360",2005,2005,2005
"30363",2005.25,2005.25,2005.25
"30401",2007,2007,2008.75
"30410",2005.5,2005.5,2005.5
"30411",2006.5,2008.75,2009.25
"30412",2005.5,2005.5,2005.5
"30413",2006.25,2010.75,2010.75
"30415",2005.25,2005.25,2005.25
"30417",2005.25,2005.5,2006.75
"30420",2006,2006,2006
"30421",2005.5,2005.5,2005.5
"30423",2005,2005.25,2005.25
"30425",2005,2006,2006
"30426",2006.75,2008,2010.75
"30427",2007.5,2007.5,2007.5
"30428",2005.5,2006.5,2009
"30429",2006.5,2008.5,2008.75
"30434",2006.75,2010.75,2010.75
"30436",2006.5,2006.5,2006.5
"30438",2006.5,2008.5,2008.75
"30439",2006,2006,2006
"30441",2009.75,2010.75,2010.75
"30442",2006.75,2009.25,2010.75
"30445",2005.5,2005.5,2005.5
"30446",2007,2008.75,2008.75
"30448",2008.75,2008.75,2008.75
"30449",2005.75,2005.75,2006
"30450",2006,2006,2006
"30451",2005.5,2005.75,2006
"30452",2005.75,2006,2006.5
"30453",2006.25,2006.25,2009
"30454",2009.25,2009.75,2010.5
"30455",2007,2007,2007
"30456",2006.75,2006.75,2010
"30457",2008.75,2009.75,2010.75
"30458",2005.25,2005.25,2005.25
"30460",2005.25,2005.25,2005.25
"30461",2005.75,2005.75,2005.75
"30464",2006.75,2006.75,2006.75
"30467",2007.75,2010.75,2011
"30470",2008.75,2009.75,2011.75
"30471",2006,2006.25,2006.75
"30473",2006.5,2006.5,2006.5
"30474",2005.5,2006.5,2006.5
"30475",2006.5,2006.5,2006.5
"30477",2010.75,2010.75,2010.75
"30501",2008,2009.25,2011.5
"30504",2006.75,2008,2009.5
"30506",2006.75,2008,2008.5
"30507",2005.5,2006.75,2006.75
"30510",2007,2007,2007
"30511",2007,2007,2007
"30512",2007.25,2007.25,2007.25
"30513",2005.75,2005.75,2006.25
"30516",2009.75,2009.75,2009.75
"30517",2006.75,2006.75,2007.5
"30518",2008,2008,2008
"30519",2005.25,2005.25,2005.25
"30520",2005.75,2005.75,2006.25
"30521",2005.75,2005.75,2006.25
"30522",2005.75,2005.75,2005.75
"30523",2005.25,2005.5,2007.25
"30525",2009.5,2009.75,2013.75
"30527",2006.75,2008,2009
"30528",2005,2005.75,2005.75
"30529",2006,2006,2006
"30530",2005.75,2006.25,2006.25
"30531",2007,2007,2007
"30533",2006.75,2006.75,2009.25
"30534",2005.75,2005.75,2006.25
"30535",2005,2005.25,2005.25
"30536",2006.25,2006.25,2006.25
"30537",2009.5,2011.75,2012.5
"30538",2005.5,2005.75,2005.75
"30540",2006.25,2007.5,2008
"30541",2009,2009.25,2009.5
"30542",2006.75,2006.75,2006.75
"30543",2005.5,2005.5,2005.5
"30545",2005,2005,2005
"30546",2008.75,2008.75,2008.75
"30547",2006.25,2006.25,2006.25
"30548",2005,2005.25,2005.25
"30549",2006,2006,2006.25
"30552",2007.25,2007.25,2007.25
"30553",2005.25,2006.5,2009.75
"30554",2006.25,2007,2007
"30555",2006.25,2007.75,2009
"30557",2005.25,2005.25,2005.75
"30558",2006.25,2006.25,2006.25
"30559",2006.25,2007.75,2009.75
"30560",2009.75,2009.75,2009.75
"30562",2009.5,2009.75,2013.75
"30563",2005.25,2005.25,2005.25
"30564",2005.75,2006.75,2007
"30565",2005.25,2005.75,2005.75
"30566",2006.75,2006.75,2006.75
"30567",2010.75,2010.75,2012
"30568",2009.75,2012.5,2013.75
"30571",2005.25,2005.25,2005.25
"30572",2006.25,2009.5,2009.5
"30573",2007.25,2007.25,2007.25
"30575",2010.75,2010.75,2012
"30576",2009.75,2009.75,2012.5
"30577",2005.5,2005.5,2005.75
"30581",2007.25,2007.25,2007.25
"30582",2007.25,2007.25,2007.25
"30601",2005.25,2005.25,2005.25
"30602",2005.25,2005.25,2005.25
"30605",2006.25,2006.25,2006.25
"30606",2005.25,2005.25,2006.25
"30607",2005.25,2005.25,2006.75
"30609",2005.25,2005.25,2005.25
"30619",2008,2008,2008
"30620",2005.75,2005.75,2005.75
"30621",2006.25,2006.25,2007
"30622",2007,2007,2007
"30623",2006,2006,2006
"30624",2009.75,2009.75,2009.75
"30625",2006,2006.75,2006.75
"30627",2009.5,2009.75,2009.75
"30628",2006.25,2006.25,2006.25
"30629",2006.75,2008,2009.75
"30630",2006.25,2008,2008
"30631",2005.75,2006.5,2006.5
"30633",2005.75,2006.25,2006.75
"30634",2006.75,2009.75,2009.75
"30635",2006.75,2006.75,2006.75
"30641",2006,2006,2006
"30642",2005.25,2006.75,2006.75
"30643",2006.25,2009.25,2009.75
"30646",2005.75,2005.75,2005.75
"30648",2009.75,2009.75,2009.75
"30650",2006.75,2008.25,2010
"30655",2006.75,2006.75,2006.75
"30656",2005.75,2005.75,2005.75
"30660",2006.5,2006.5,2009.5
"30662",2005.75,2005.75,2005.75
"30663",2006.75,2007.25,2010
"30664",2010.25,2010.25,2012.75
"30665",2005.25,2005.25,2005.25
"30666",2007,2007,2009.5
"30667",2008,2008,2009.75
"30668",2006.5,2006.75,2006.75
"30669",2007.75,2009.75,2014.5
"30673",2006.75,2008.75,2008.75
"30677",2006.25,2007,2007.5
"30678",2005.25,2005.25,2005.25
"30680",2005,2005,2005
"30683",2006.25,2006.25,2006.25
"30701",2005.25,2005.25,2005.75
"30705",2007.75,2007.75,2008.5
"30707",2007,2007,2009.25
"30708",2008,2009,2009.5
"30710",2007.75,2007.75,2007.75
"30711",2008,2009,2009.5
"30720",2007.5,2009,2009.25
"30721",2005.75,2008.75,2009
"30725",2009.5,2009.5,2009.5
"30726",2005.25,2005.25,2005.25
"30728",2005.75,2005.75,2009
"30730",2010.25,2010.25,2012.25
"30731",2009.25,2009.25,2009.25
"30733",2008,2008,2008
"30734",2008.25,2009.25,2010
"30735",2005.5,2005.5,2005.5
"30736",2005.25,2007.5,2007.5
"30738",2007,2007,2009.25
"30739",2005,2005,2005
"30740",2007.5,2007.5,2007.5
"30741",2005.25,2005.25,2005.25
"30742",2005.25,2005.25,2005.25
"30746",2008.75,2009.5,2010
"30747",2005.25,2006.75,2009.25
"30750",2009.5,2009.5,2009.5
"30751",2008,2009,2009.5
"30752",2006.75,2009.25,2009.25
"30753",2005.25,2005.25,2005.25
"30755",2007.5,2007.5,2007.5
"30756",2007.75,2007.75,2007.75
"30757",2009.5,2009.5,2009.5
"30802",2006.75,2006.75,2006.75
"30803",2006.25,2006.75,2012.75
"30805",2006.75,2009,2009
"30807",2010.25,2010.25,2010.25
"30808",2005.75,2005.75,2005.75
"30809",2005,2005.75,2005.75
"30810",2006.25,2006.25,2006.25
"30812",2005.75,2005.75,2005.75
"30813",2005.75,2005.75,2005.75
"30814",2006.75,2006.75,2006.75
"30815",2005.75,2006.75,2006.75
"30816",2006.75,2006.75,2009.5
"30817",2007.75,2010.25,2012.75
"30818",2006.75,2006.75,2006.75
"30820",2010.25,2011.75,2015.75
"30821",2010.25,2010.25,2010.25
"30822",2006.75,2010.25,2010.25
"30823",2006.25,2006.75,2006.75
"30824",2005.25,2005.75,2006.75
"30828",2006.25,2007,2010.25
"30830",2006.25,2006.75,2009.75
"30833",2006.75,2006.75,2006.75
"30901",2005,2005.75,2006.75
"30903",2005.75,2005.75,2005.75
"30904",2005,2005,2005
"30905",2005.75,2005.75,2009
"30906",2005.75,2005.75,2006.25
"30907",2005,2005,2005
"30909",2005,2005,2005
"30912",2005,2005,2005
"31001",2005.75,2005.75,2006
"31002",2007,2009.25,2009.75
"31003",2010.5,2010.75,2010.75
"31005",2006.25,2006.25,2006.25
"31006",2006.75,2006.75,2007
"31007",2006,2006,2006
"31008",2005.75,2005.75,2006
"31009",2006.75,2009.25,2009.5
"31011",2005.25,2005.25,2006
"31012",2009.5,2009.5,2009.5
"31014",2006.75,2009,2009.5
"31015",2006,2006,2006.25
"31016",2006,2006.5,2008.5
"31017",2009,2009,2009
"31018",2005.5,2005.5,2005.5
"31019",2006.75,2006.75,2006.75
"31020",2005.75,2005.75,2005.75
"31021",2005.75,2006.5,2006.5
"31022",2009.5,2009.5,2010.5
"31023",2005.75,2005.75,2006
"31024",2006,2006,2009.5
"31025",2006,2006,2008
"31027",2006.25,2006.25,2006.25
"31028",2006.25,2006.25,2006.25
"31029",2006.5,2008.5,2009.5
"31030",2005.75,2006,2006.25
"31031",2005.5,2005.5,2006.75
"31032",2005.25,2008,2008
"31033",2005.25,2005.25,2005.25
"31035",2005.75,2005.75,2006
"31036",2005.75,2005.75,2005.75
"31037",2005.25,2005.25,2005.25
"31038",2006.5,2006.5,2008
"31039",2006.75,2006.75,2006.75
"31041",2005.5,2005.5,2006.75
"31042",2006.5,2009,2009
"31044",2005.75,2007,2009.75
"31045",2011.75,2012.25,2015.75
"31046",2009.5,2009.5,2009.5
"31047",2005.75,2006.25,2006.25
"31049",2007,2008.75,2009.75
"31050",2006,2006.5,2009.5
"31051",2006,2006,2006.5
"31052",2006,2006,2006
"31054",2005.5,2005.5,2005.75
"31055",2008.75,2010.25,2010.5
"31057",2009.5,2009.5,2009.5
"31058",2007,2007,2007
"31060",2006,2006,2008.75
"31061",2005.25,2005.5,2006
"31062",2006.75,2006.75,2006.75
"31063",2006,2006,2009.25
"31064",2006.75,2009.5,2012.5
"31065",2009.75,2010.5,2010.75
"31066",2006.5,2006.75,2009.25
"31067",2009,2009,2009
"31068",2005.5,2007,2009.25
"31069",2005.75,2005.75,2005.75
"31070",2006,2006.5,2008
"31071",2010.75,2010.75,2010.75
"31072",2005.5,2005.5,2006
"31075",2006.75,2006.75,2006.75
"31076",2006,2008.25,2008.5
"31077",2005.75,2005.75,2005.75
"31078",2006.75,2008.5,2009.75
"31079",2005.75,2008.75,2010.5
"31081",2007,2007,2008.25
"31082",2005.75,2006.5,2006.5
"31083",2005.25,2005.25,2005.25
"31084",2005.5,2005.5,2005.5
"31085",2010,2010,2010
"31087",2006.75,2006.75,2009.75
"31088",2006.25,2006.25,2006.25
"31089",2005.75,2006.5,2006.5
"31090",2005.75,2005.75,2006.5
"31091",2007,2009,2009.5
"31092",2006,2006,2006.5
"31093",2005.5,2005.75,2006.25
"31094",2009.25,2009.25,2009.25
"31096",2006,2006,2006
"31097",2006,2006,2006
"31098",2006.25,2006.25,2006.25
"31201",2005,2005,2005
"31204",2005,2005,2005
"31206",2005.5,2005.5,2005.5
"31207",2005,2005,2005
"31210",2005,2005.75,2005.75
"31211",2005,2005,2005
"31213",2005,2005,2005
"31216",2005.5,2005.5,2005.5
"31217",2005.75,2005.75,2006.75
"31220",2005.75,2005.75,2005.75
"31301",2006.25,2006.25,2006.25
"31302",2007.75,2007.75,2007.75
"31303",2006.75,2006.75,2008.75
"31304",2005.75,2005.75,2005.75
"31305",2008.25,2008.25,2010.25
"31307",2005.75,2005.75,2005.75
"31308",2005.75,2005.75,2005.75
"31309",2006,2006,2006.75
"31312",2005.5,2005.5,2005.5
"31313",2005.25,2006,2006
"31314",2005.25,2005.25,2005.25
"31315",2005.25,2006,2006
"31316",2006.25,2006.25,2007.5
"31318",2007.75,2007.75,2007.75
"31320",2006.75,2006.75,2006.75
"31321",2005.75,2006.75,2008.25
"31322",2006.5,2007.75,2007.75
"31323",2008,2008,2009
"31324",2006.75,2006.75,2006.75
"31326",2005.5,2005.5,2006
"31327",2005.75,2008.25,2010.25
"31328",2006.5,2008,2009.25
"31329",2005.75,2005.75,2006.75
"31331",2005.75,2006.25,2008.25
"31401",2006.5,2006.5,2006.5
"31404",2009.25,2009.25,2009.25
"31405",2005,2005,2005
"31406",2005,2005,2007.25
"31407",2006,2006.5,2006.5
"31408",2006.5,2006.5,2006.5
"31409",2005,2005,2005
"31410",2009.75,2010,2010.5
"31411",2010,2010.5,2012.75
"31415",2006.5,2006.5,2006.5
"31419",2005,2005,2005
"31501",2006.25,2006.25,2006.25
"31503",2008.25,2008.25,2008.75
"31510",2008.25,2008.25,2008.5
"31512",2008.5,2008.75,2009.75
"31513",2007,2007,2008.25
"31516",2006.75,2006.75,2008.5
"31518",2008.5,2008.5,2008.5
"31519",2009.75,2010.5,2010.75
"31520",2005.5,2006.75,2010.25
"31522",2005.5,2005.5,2010.25
"31523",2005.5,2005.5,2005.75
"31524",2005.5,2005.5,2005.5
"31525",2005.25,2005.5,2005.5
"31527",2009.75,2010.25,2010.25
"31532",2006.75,2006.75,2006.75
"31533",2005.5,2006.75,2007.5
"31535",2005.5,2006.75,2008.25
"31537",2006.25,2006.25,2008.25
"31539",2006.5,2006.75,2008.75
"31542",2005.75,2006.25,2008.25
"31543",2008.5,2008.5,2008.5
"31544",2006,2006,2006
"31545",2006.25,2007,2008.25
"31546",2005.75,2008.5,2008.5
"31547",2006.75,2006.75,2006.75
"31548",2006.25,2006.75,2006.75
"31549",2008.75,2008.75,2008.75
"31550",2006,2006,2008.75
"31551",2008.5,2008.5,2008.5
"31552",2006,2008.25,2008.75
"31553",2008,2008,2008.25
"31554",2008.25,2008.25,2008.75
"31555",2007,2007,2008.25
"31556",2005.75,2005.75,2005.75
"31557",2008.5,2008.5,2008.5
"31558",2007,2007,2007
"31560",2005.75,2008.25,2008.25
"31561",2008.25,2010.25,2010.25
"31562",2006.5,2008.75,2008.75
"31563",2009,2009,2012.75
"31565",2006,2006.75,2008
"31566",2008,2008,2008
"31567",2006.75,2006.75,2006.75
"31568",2006.75,2008.25,2008.25
"31569",2006.25,2006.25,2006.25
"31601",2005.25,2007,2007
"31602",2007,2007,2007
"31605",2006.25,2006.25,2006.25
"31606",2007.5,2008.5,2008.5
"31620",2008.5,2008.5,2008.5
"31622",2008.5,2008.5,2009.25
"31623",2008.75,2008.75,2008.75
"31624",2008.5,2010.5,2012
"31625",2007,2007,2007
"31626",2008.25,2008.75,2009
"31627",2007,2007,2007
"31629",2006,2006,2006
"31630",2008.75,2009,2009
"31631",2009,2009,2009
"31632",2006.25,2007,2007
"31634",2008.75,2009,2009
"31635",2008.25,2008.25,2008.25
"31636",2008.5,2008.5,2009.5
"31637",2006.75,2007.25,2008.25
"31638",2007,2007,2007
"31639",2008.25,2008.25,2008.25
"31641",2007,2007.5,2008.25
"31642",2008.25,2008.75,2008.75
"31643",2006,2006,2007
"31645",2008.25,2008.25,2008.75
"31647",2007.5,2008.25,2008.5
"31648",2009.5,2009.75,2013.75
"31649",2008.5,2008.75,2009
"31650",2008.25,2008.5,2008.5
"31698",2007,2007,2007
"31699",2006.25,2006.25,2006.25
"31701",2005,2005,2005.5
"31705",2005,2005,2005.5
"31707",2005.5,2005.5,2005.5
"31709",2005.25,2006,2006
"31711",2006,2008.75,2008.75
"31712",2006.5,2006.5,2010.75
"31714",2006.25,2006.25,2006.25
"31716",2005.75,2005.75,2009
"31719",2005.5,2005.5,2006.5
"31720",2008.75,2009,2009
"31721",2006,2006,2006
"31722",2005.75,2005.75,2005.75
"31730",2007.25,2009,2010
"31733",2005.5,2006.25,2007.25
"31735",2006.25,2006.5,2006.5
"31738",2007,2007,2007
"31743",2006.25,2006.5,2006.5
"31744",2007.5,2007.5,2007.5
"31747",2005.75,2005.75,2005.75
"31749",2006.75,2006.75,2008.25
"31750",2007.25,2008.75,2008.75
"31756",2005.75,2005.75,2005.75
"31757",2007.25,2007.25,2007.25
"31763",2005.5,2005.75,2005.75
"31764",2006.25,2006.5,2010
"31765",2005.75,2005.75,2006.5
"31768",2005.75,2007.5,2007.5
"31771",2005.75,2007.25,2007.5
"31772",2006.25,2006.25,2006.25
"31773",2007.25,2008.75,2010
"31774",2005.75,2005.75,2005.75
"31775",2005.75,2006.75,2007.25
"31778",2007,2007,2007
"31779",2005.5,2005.5,2009
"31780",2006,2006.5,2006.5
"31781",2006.25,2006.25,2009.75
"31783",2006.25,2006.75,2008.75
"31784",2009,2010.5,2010.75
"31787",2006,2006,2006
"31788",2005.75,2006,2007.5
"31789",2006.25,2006.25,2007.5
"31790",2006.25,2006.25,2006.25
"31791",2006.25,2009,2009
"31792",2005.25,2007.25,2007.25
"31793",2006.25,2007.25,2007.25
"31794",2005.75,2006.75,2006.75
"31795",2006.25,2006.25,2007.25
"31796",2006.25,2006.25,2006.25
"31798",2006.75,2006.75,2008.5
"31801",2006.5,2007,2007
"31803",2006.75,2006.75,2007
"31804",2007.5,2008,2008
"31805",2006.5,2006.5,2006.5
"31806",2007,2008.25,2008.75
"31807",2008,2008,2008
"31808",2005.5,2005.5,2005.5
"31810",2006,2006,2006
"31811",2006,2006,2006
"31812",2006,2006.75,2006.75
"31814",2006.5,2007.25,2009.5
"31815",2006.5,2008.25,2009.75
"31816",2007.5,2007.5,2007.5
"31820",2006.5,2007.5,2008
"31821",2006.5,2009.25,2010.25
"31822",2006.5,2009.75,2009.75
"31823",2006,2006,2006
"31824",2006.5,2006.5,2006.5
"31825",2006.5,2006.5,2006.5
"31826",2008.25,2009.75,2009.75
"31827",2006,2006.5,2006.5
"31829",2006.5,2006.5,2006.5
"31830",2007.5,2007.5,2007.5
"31831",2006.5,2006.5,2007.5
"31832",2006.75,2006.75,2006.75
"31833",2005.5,2006,2006.75
"31836",2006,2006.5,2006.5
"31901",2005.25,2005.25,2005.25
"31903",2005,2005.25,2005.5
"31904",2005.25,2005.25,2005.25
"31905",2005.5,2005.5,2005.5
"31906",2005.25,2006.25,2006.25
"31907",2006.25,2006.25,2006.25
"31909",2006.25,2006.25,2006.25
"32003",2006.75,2006.75,2006.75
"32008",2006,2006,2006.75
"32009",2006.25,2006.25,2006.25
"32011",2006.25,2006.25,2006.25
"32024",2006.25,2006.25,2006.25
"32025",2006.75,2006.75,2007.25
"32026",2006.75,2006.75,2006.75
"32033",2007.5,2008.75,2008.75
"32034",2005.25,2005.25,2005.25
"32038",2005.5,2006,2006.25
"32040",2008.75,2008.75,2008.75
"32043",2008.5,2008.5,2009
"32044",2006.25,2006.25,2006.25
"32046",2005.5,2005.5,2006.25
"32052",2008.25,2009.5,2009.5
"32053",2008.25,2009.25,2009.75
"32054",2008.5,2008.5,2008.5
"32055",2006.75,2006.75,2007.25
"32058",2006.25,2006.75,2006.75
"32059",2010.75,2010.75,2010.75
"32060",2005,2005.25,2005.25
"32061",2009.25,2009.25,2009.25
"32062",2005.5,2006.75,2009
"32063",2008.5,2008.75,2008.75
"32064",2005,2005,2005
"32065",2005.5,2005.5,2005.5
"32066",2007.75,2007.75,2010.75
"32068",2006.25,2006.25,2008
"32071",2006,2006.75,2009
"32072",2006.75,2006.75,2006.75
"32073",2005.5,2006.75,2006.75
"32079",2009,2009.5,2010
"32080",2008.75,2008.75,2008.75
"32081",2007.75,2008.25,2008.25
"32082",2008.25,2008.25,2008.25
"32083",2006.75,2006.75,2006.75
"32084",2005.25,2005.25,2008.75
"32086",2008.75,2009.25,2009.5
"32087",2011.5,2015.25,9999
"32091",2006.25,2006.25,2006.25
"32092",2006,2008.75,2009
"32094",2007.25,2008,2008
"32095",2005.25,2005.25,2006.5
"32096",2009.5,2009.5,2009.5
"32097",2006.25,2006.75,2007
"32102",2008.75,2010,2011.75
"32110",2008,2008,2008.5
"32112",2006.25,2006.25,2006.25
"32113",2005.5,2005.5,2005.75
"32114",2005.75,2005.75,2005.75
"32117",2005.75,2005.75,2005.75
"32118",2005.75,2013,9999
"32119",2005.25,2005.5,2005.75
"32124",2005.25,2005.5,2005.75
"32127",2005.5,2005.5,2005.5
"32128",2005.25,2005.25,2005.25
"32129",2005.25,2005.25,2005.5
"32130",2005.5,2008,2009
"32131",2007.5,2008.75,2009
"32132",2008.5,2008.5,2008.5
"32133",2005.25,2005.25,2005.25
"32134",2005.75,2007.75,2008.75
"32136",2007.5,2007.5,2007.5
"32137",2006.5,2006.5,2006.5
"32139",2006.25,2006.25,2006.25
"32140",2005.5,2005.5,2005.5
"32141",2008.5,2008.5,2008.5
"32145",2009,2009.25,2011.25
"32147",2010.25,2010.25,2010.25
"32148",2005.75,2005.75,2005.75
"32157",2006.25,2006.25,2006.25
"32159",2006.25,2008.5,2008.5
"32162",2008.5,2008.5,2008.5
"32164",2006.5,2006.5,2008
"32168",2005.5,2005.5,2008.5
"32169",2008.5,2008.5,9999
"32174",2006.5,2007.5,2007.5
"32176",2007.5,2007.5,2007.5
"32177",2005.5,2005.75,2007.75
"32179",2006.25,2008.25,2008.5
"32180",2008.75,2009.5,2011
"32181",2005.25,2005.25,2006.25
"32187",2005.25,2005.25,2005.25
"32189",2005.5,2010.25,2010.25
"32190",2008,2008.5,2009.5
"32193",2006.25,2008.75,2008.75
"32195",2005.25,2005.25,2005.25
"32202",2000,2005,2005
"32204",2000,2005,2005
"32205",2005,2005,2005
"32206",2005,2005,2005
"32207",2000,2005,2005
"32208",2007,2007,2007
"32209",2005,2005,2007
"32210",2005,2006.5,2006.5
"32211",2005,2005,2005
"32212",2005,2005,2005
"32216",2005,2005,2006
"32217",2000,2005,2005
"32218",2006.25,2007,2007
"32219",2009.75,2009.75,2009.75
"32220",2006.5,2006.5,2006.5
"32221",2001.25,2006.5,2006.5
"32222",2005.5,2005.5,2005.5
"32223",2006.75,2006.75,2006.75
"32224",2006,2006,2006
"32225",2007,2008,2008
"32226",2007.75,2008,2008
"32227",2008,2008,2008
"32228",2008,9999,9999
"32233",2008,2008,2008
"32234",2005.5,2006.25,2006.25
"32244",2005.5,2005.5,2006.5
"32246",2006,2006,2006
"32250",2006,2008.75,2009
"32254",2005,2006.25,2006.5
"32256",2006.5,2006.5,2006.5
"32257",2006.5,2006.5,2006.75
"32258",2006.5,2006.5,2006.5
"32259",2006.5,2006.75,2006.75
"32266",2006,2006,2008
"32277",2007,2007,2007
"32301",2005.75,2005.75,2005.75
"32303",2005.75,2005.75,2007
"32304",2005.75,2005.75,2005.75
"32305",2006.25,2006.25,2006.25
"32308",2005.75,2005.75,2009
"32309",2008,2008,2008
"32310",2006.75,2007.25,2007.25
"32311",2009,2009,2009
"32312",2007,2008,2008
"32317",2009,2009,2009
"32320",2006.75,2006.75,2008.75
"32321",2008.75,2009,2009
"32322",2009.5,2009.5,2012.25
"32323",2009.5,2009.5,2009.5
"32324",2008.75,2008.75,2009
"32327",2006.25,2006.25,2006.25
"32328",2006.75,2008.75,2009
"32330",2009,2009.25,2009.5
"32331",2007.5,2007.5,2007.5
"32332",2007,2007,2007
"32333",2008,2009,2009.5
"32334",2007.25,2009,2009.5
"32336",2008.75,2009,2009.5
"32340",2009.25,2009.25,2009.25
"32343",2007.25,2007.25,2007.25
"32344",2008.75,2008.75,2008.75
"32346",2009,2009.5,2009.5
"32347",2006.25,2006.25,2007.5
"32348",2006.5,2006.75,2006.75
"32350",2008.25,2009.25,2009.75
"32351",2006.75,2007,2007
"32352",2006.25,2007,2007
"32355",2007.5,2007.5,2007.5
"32356",2006.75,2007.75,2007.75
"32358",2009,2009.5,2009.5
"32359",2006.25,2006.25,2006.25
"32361",2008.75,2008.75,2008.75
"32399",2005.75,2005.75,2005.75
"32401",2005,2005,2005
"32403",2005.25,2005.25,2005.25
"32404",2005.25,2005.25,2006.5
"32405",2005,2005,2005
"32407",2007,2007,2007
"32408",2006.5,2006.5,2006.5
"32409",2005,2005,2005
"32410",2005.25,2008.75,2008.75
"32413",2007.5,2007.5,2007.5
"32420",2007.5,2008.25,2009
"32421",2006.5,2006.5,2006.5
"32423",2005.25,2007.5,2008.75
"32424",2008.5,2009,2009
"32425",2007.5,2007.5,2007.5
"32426",2005,2005,2005.25
"32427",2006.5,2007.5,2007.5
"32428",2006.75,2007.5,2008
"32430",2006.5,2006.5,2006.5
"32431",2005,2006,2006.75
"32432",2007.5,2007.5,2007.5
"32433",2006.25,2007,2008.25
"32435",2006.25,2006.25,2006.25
"32437",2007.5,2007.5,2009.5
"32438",2005.25,2005.25,2005.25
"32439",2006.25,2006.25,2006.25
"32440",2005,2005,2005
"32442",2007.5,2008.75,2009
"32443",2005.25,2005.25,2005.75
"32444",2005,2005,2005
"32445",2005.25,2005.25,2006.25
"32446",2006,2007.5,2007.5
"32447",2005,2005,2005
"32448",2007.5,2007.5,2007.5
"32449",2009,2009.5,2010.75
"32455",2006.25,2006.25,2006.25
"32456",2008.75,2008.75,2009
"32459",2006.25,2006.25,2006.25
"32460",2007.5,2007.5,2008.75
"32461",2007,2007,2007
"32462",2006.25,2007.25,2008
"32463",2005.25,2005.25,2005.25
"32464",2008.25,2010.5,2010.5
"32465",2008.75,2008.75,2009
"32466",2005,2005,2005
"32501",2005.25,2005.25,2005.25
"32502",2005.25,2005.25,2005.25
"32503",2005.25,2005.25,2005.25
"32504",2005.75,2005.75,2005.75
"32505",2006.75,2006.75,2006.75
"32506",2006.75,2006.75,2006.75
"32507",2006.75,2006.75,2006.75
"32508",2006.75,2006.75,2006.75
"32509",2006.75,2006.75,2006.75
"32511",2006.75,2006.75,2006.75
"32514",2005.75,2005.75,2005.75
"32526",2007.75,2007.75,2007.75
"32530",2007,2007.5,2008
"32531",2006.25,2006.25,2007
"32533",2007.75,2007.75,2007.75
"32534",2007.75,2007.75,2007.75
"32535",2006.75,2007,2007.75
"32536",2005.25,2006.75,2007.75
"32539",2006.75,2006.75,2006.75
"32541",2008,2011.5,2011.5
"32542",2006,2006,2006
"32544",2007.5,2007.5,2007.5
"32547",2007.5,2007.5,2007.5
"32548",2007.5,2007.5,2007.5
"32550",2006.25,2006.25,2006.25
"32561",2005.25,2005.25,2007
"32563",2007.5,2007.5,2007.5
"32564",2007,2007,2007
"32565",2005.25,2005.25,2006.75
"32566",2006.25,2006.25,2006.75
"32567",2007.5,2007.5,2007.5
"32568",2007,2007,2007
"32569",2006.25,2007.5,2007.5
"32570",2006.25,2006.25,2007
"32571",2006.25,2006.25,2006.25
"32577",2007,2007,2008.5
"32578",2006,2006,2006
"32579",2007.5,2007.5,2007.5
"32580",2006,2006,2006
"32583",2005.75,2006.75,2007
"32601",2006.25,2006.25,2006.25
"32603",2006.25,2006.25,2006.25
"32605",2005.25,2006.25,2006.25
"32606",2006,2006.25,2006.25
"32607",2006.25,2006.25,2006.25
"32608",2006.25,2006.25,2006.25
"32609",2005.5,2006,2006
"32612",2006.25,2006.25,2006.25
"32615",2006.25,2006.75,2006.75
"32616",2006.75,2006.75,2006.75
"32617",2000,2007.5,2007.5
"32618",2005.75,2005.75,2006.25
"32619",2006,2006,2006
"32621",2005.5,2005.75,2005.75
"32622",2005.5,2005.5,2005.5
"32625",2008,2008.25,2008.25
"32626",2007.25,2007.25,2007.25
"32628",2006.25,2007.25,2007.75
"32631",2006.25,2008,2008.25
"32639",2008,2008.25,2008.25
"32640",2005.75,2006,2007.75
"32641",2006,2006.25,2007.75
"32643",2006,2006,2006
"32648",2015.5,2015.5,2015.5
"32653",2005.25,2005.25,2005.25
"32656",2006.25,2007.75,2008.25
"32658",2005.5,2005.5,2005.5
"32664",2007.75,2007.75,2007.75
"32666",2005.5,2006,2006.25
"32667",2007.75,2007.75,2007.75
"32668",2005.25,2005.75,2008.25
"32669",2006.25,2006.25,2006.25
"32680",2006.25,2007.75,2007.75
"32681",2007.75,2007.75,2007.75
"32683",2006,2007.75,2008.25
"32686",2007,2007.75,2007.75
"32692",2008,2014.25,2014.25
"32693",2006.75,2007.25,2010
"32694",2006,2006,2006
"32696",2005.75,2005.75,2007.75
"32697",2005.5,2005.5,2005.5
"32701",2007.75,2007.75,2007.75
"32702",2008.25,2008.25,2008.25
"32703",2005.5,2006.75,2007
"32707",2007.75,2007.75,2007.75
"32708",2007.75,2007.75,2007.75
"32709",2007.5,2008.75,2010.25
"32712",2005.5,2005.5,2007
"32713",2005.5,2005.5,2005.75
"32714",2005.5,2005.5,2005.5
"32720",2005.75,2007.25,2008.75
"32724",2005.5,2005.5,2005.5
"32725",2005.5,2005.5,2005.75
"32726",2000.5,2006,2006
"32730",2007.75,2007.75,2007.75
"32732",2006,2009.25,2009.25
"32735",2006.25,2006.25,2006.25
"32736",2008.5,2008.5,2008.5
"32738",2005.5,2005.5,2005.5
"32744",2005.75,2005.75,2005.75
"32746",2005.5,2005.5,2007.75
"32750",2007.75,2007.75,2007.75
"32751",2007.75,2007.75,2007.75
"32754",2005.25,2006.5,2007.75
"32757",2006,2007,2007
"32759",2008.5,2008.5,2008.5
"32763",2005.75,2005.75,2005.75
"32764",2008.5,2009.25,2009.25
"32765",2006,2006,2006
"32766",2005.25,2006,2006
"32767",2008.75,2008.75,2008.75
"32771",2005.5,2005.5,2005.5
"32773",2006,2007.75,2007.75
"32776",2008.5,2008.5,2008.5
"32778",2006.25,2007,2007
"32779",2005.5,2005.5,2005.5
"32780",2006.5,2006.5,2006.5
"32784",2008.25,2008.5,2008.5
"32789",2005.25,2005.25,2005.5
"32792",2007.75,2007.75,2007.75
"32796",2007.75,2007.75,2007.75
"32798",2007,2007,2007
"32801",2005.25,2005.25,2005.25
"32803",2005.25,2005.25,2005.25
"32804",2005.25,2005.25,2005.25
"32805",2005,2005.25,2005.25
"32806",2005.25,2005.25,2005.25
"32807",2005.25,2005.25,2005.25
"32808",2005,2005,2005
"32809",2006.5,2006.5,2006.5
"32810",2005.5,2005.5,2005.5
"32811",2005,2005,2005
"32812",2005.25,2005.25,2005.25
"32814",2005.25,2005.25,2005.25
"32817",2005.25,2005.25,2005.25
"32818",2005,2005,2005
"32819",2007,2007,2007
"32820",2005.25,2005.25,2006
"32821",2007,2007,2007
"32822",2005.25,2005.25,2005.25
"32824",2006.5,2006.5,2006.5
"32825",2005.25,2005.25,2005.25
"32826",2005.25,2005.25,2006
"32827",2006.5,2006.5,2006.5
"32828",2005.25,2005.25,2005.25
"32829",2005.25,2005.25,2005.25
"32830",2007,2007,2007
"32831",2005.25,2005.25,2005.25
"32832",2000,2007,2007
"32833",2005.25,2005.25,2008.25
"32835",2005,2005,2005
"32836",2007,2007,2007
"32837",2007,2007,2007
"32839",2005,2005.25,2005.25
"32901",2006,2006,2006
"32903",2006,2006,2006
"32904",2005.5,2005.5,2005.5
"32905",2006,2006,2006
"32907",2005.5,2005.5,2005.5
"32908",2006.25,2006.25,2006.25
"32909",2006.25,2007,2007
"32920",2006.25,2006.25,2006.25
"32922",2006.25,2006.25,2006.25
"32925",2006,2006,2006
"32926",2006.5,2006.5,2008.5
"32927",2006.5,2006.5,2006.5
"32931",2006.25,2006.25,2006.25
"32934",2005.5,2006.5,2006.5
"32935",2006.5,2006.5,2006.5
"32937",2006,2006,2006
"32940",2006.5,2006.5,2006.5
"32948",2006.25,2007.75,2010
"32949",2007,2007,2007
"32950",2006,2007,2007
"32951",2006.25,2007,2007
"32952",2006.25,2006.25,2006.25
"32953",2006.25,2006.25,2006.25
"32955",2006.25,2006.25,2006.25
"32958",2008.5,2010,2010
"32960",2007.5,2007.5,2007.5
"32962",2007.5,2007.5,2007.5
"32963",2008.5,2008.5,2008.5
"32966",2007,2009,2009.75
"32967",2008.5,2008.5,2008.5
"32968",2007.5,2007.5,2007.5
"32970",2008.5,2008.5,2008.5
"32976",2007,2007,2007
"33004",2005.5,2005.5,2005.5
"33009",2005.5,2005.5,2005.5
"33010",2005,2005,2005
"33012",2005,2005,2005
"33013",2005,2005,2005
"33014",2005,2005,2005
"33015",2005,2005.5,2005.5
"33016",2005,2005,2005
"33018",2008.5,2008.5,2008.5
"33019",2005.5,2005.5,2005.5
"33020",2005.5,2005.5,2005.5
"33021",2005.5,2005.5,2005.5
"33023",2005.5,2005.5,2005.5
"33024",2005.5,2005.5,2005.5
"33025",2005.5,2005.5,2005.5
"33026",2005.5,2005.5,2005.5
"33027",2007.25,2008.75,2008.75
"33028",2008.75,2008.75,2008.75
"33029",2008.75,2008.75,2008.75
"33030",2006,2006,2006
"33031",2006,2006,2006
"33032",2006,2006,2006
"33033",2006,2006,2006
"33034",2009.5,2009.75,2011.25
"33035",2006,2006,2007.75
"33036",2008.25,2008.25,2008.25
"33037",2007.75,2008.25,2009
"33039",2006,2006,2006
"33054",2005,2005,2005
"33055",2005.5,2005.5,2005.5
"33056",2005.5,2005.5,2005.5
"33060",2006.75,2006.75,2006.75
"33062",2006.75,2006.75,2006.75
"33063",2005.5,2005.5,2005.5
"33064",2006.75,2006.75,2006.75
"33065",2005.5,2005.5,2005.5
"33066",2005.5,2005.5,2005.5
"33067",2005.5,2005.5,2005.5
"33068",2005,2005,2005
"33069",2005.5,2005.5,2006.75
"33070",2008.25,2008.25,2008.25
"33071",2005.5,2005.5,2005.5
"33073",2005.5,2005.5,2005.5
"33076",2005.5,2005.5,2005.5
"33101",2005.5,2005.5,2005.5
"33109",2007.25,2007.25,2007.25
"33122",2005,2005.5,2005.5
"33125",2005.5,2005.5,2005.5
"33126",2005.5,2005.5,2005.5
"33127",2005,2005,2005
"33128",2005.5,2005.5,2005.5
"33129",2005.5,2005.5,2005.5
"33130",2005.5,2005.5,2005.5
"33131",2007.25,2007.25,2007.25
"33132",2007.25,2007.25,2007.25
"33133",2005.5,2005.5,2005.5
"33134",2005.5,2005.5,2005.5
"33135",2005.5,2005.5,2005.5
"33136",2005.5,2005.5,2005.5
"33137",2008.5,2008.5,2008.5
"33138",2008.5,2008.5,2008.5
"33139",2007.25,2008.5,2008.5
"33140",2008.5,2008.5,2008.5
"33141",2008.5,2008.5,2008.5
"33142",2005,2005,2005
"33143",2005.5,2005.5,2005.5
"33144",2005.5,2005.5,2005.5
"33145",2005.5,2005.5,2005.5
"33146",2005.5,2005.5,2005.5
"33147",2005,2005,2005
"33149",2007.25,2007.25,2007.25
"33150",2005,2005,2005
"33154",2008.5,2008.5,2008.5
"33155",2005.5,2005.5,2005.5
"33156",2005.5,2005.5,2005.5
"33157",2006.5,2006.5,2006.5
"33158",2006.5,2006.5,2006.5
"33160",2005.5,2006.25,2007.5
"33161",2006.5,2008.5,2008.5
"33162",2005.5,2005.5,2007.25
"33165",2005.5,2005.5,2005.5
"33166",2005,2005,2005
"33167",2005,2005,2005
"33168",2005,2005,2005
"33169",2005.5,2005.5,2005.5
"33170",2006,2006,2006
"33172",2005.5,2005.5,2005.5
"33173",2005.5,2005.5,2005.5
"33174",2005.5,2005.5,2005.5
"33175",2005.5,2005.5,2005.5
"33176",2005.5,2006,2006
"33177",2006,2006,2006
"33178",2008.5,2008.5,2008.5
"33179",2005.5,2005.5,2005.5
"33180",2005.5,2005.5,2005.5
"33181",2008.5,2008.5,2008.5
"33182",2005.5,2005.5,2005.5
"33183",2005.5,2005.5,2005.5
"33184",2005.5,2005.5,2005.5
"33185",2005.5,2005.5,2005.5
"33186",2006,2006,2006
"33187",2006,2006,2008
"33189",2006.5,2006.5,2006.5
"33190",2006.5,2006.5,2006.5
"33193",2005.5,2005.5,2005.5
"33194",2005.5,2007.75,2008.5
"33196",2006,2006,2006
"33301",2005.25,2005.25,2005.25
"33304",2005.25,2005.25,2005.25
"33305",2005.25,2005.25,2005.25
"33306",2005.25,2005.25,2005.25
"33308",2005.25,2005.25,2005.25
"33309",2005,2005,2005
"33311",2005,2005,2005.25
"33312",2005,2005,2005.5
"33313",2005,2005,2005
"33314",2005.5,2005.5,2005.5
"33315",2005.25,2005.25,2005.25
"33316",2005.25,2005.25,2005.25
"33317",2005,2005,2005
"33319",2005,2005,2005
"33321",2005,2005,2005
"33322",2005,2005,2005
"33323",2005,2005,2006.25
"33324",2005,2005,2005
"33325",2005,2006,2006.25
"33326",2006.25,2006.25,2006.25
"33327",2006.25,2006.25,2006.25
"33328",2005.5,2005.5,2005.5
"33330",2005.5,2005.5,2006.5
"33331",2008.75,2008.75,2008.75
"33332",2008.75,2008.75,2008.75
"33334",2005.25,2005.25,2005.25
"33351",2005,2005,2005
"33401",2006.25,2006.25,2006.25
"33403",2008.5,2008.5,2008.5
"33404",2006.25,2006.25,2006.25
"33405",2006.25,2006.25,2006.25
"33406",2006.25,2006.25,2006.25
"33407",2006.25,2006.25,2006.25
"33408",2008.5,2008.5,2008.5
"33409",2006.25,2006.25,2006.25
"33410",2008.5,2008.5,2008.5
"33411",2005.75,2005.75,2005.75
"33412",2006.75,2008.5,2008.5
"33413",2005.75,2005.75,2005.75
"33414",2007,2007,2007
"33415",2005.75,2005.75,2006.25
"33417",2005.75,2005.75,2005.75
"33418",2008.5,2008.5,2008.5
"33426",2005,2005,2005
"33428",2005.5,2005.5,2005.5
"33430",2006.25,2007,2007.5
"33431",2007,2007,2007
"33432",2006.75,2006.75,2006.75
"33433",2005.5,2005.5,2006.75
"33434",2010.5,2010.75,2011
"33435",2005,2005,2005
"33436",2005,2005,2005
"33437",2007,2007,2007
"33438",2006.25,2006.25,2006.25
"33440",2008.75,2010.25,2010.5
"33441",2006.75,2006.75,2006.75
"33442",2006.75,2006.75,2006.75
"33444",2007,2007,2007
"33445",2007,2007,2007
"33446",2010.75,2011,2011
"33449",2007,2007,2007
"33455",2006.75,2006.75,2006.75
"33458",2006.75,2008.5,2008.5
"33460",2005,2005,2005
"33461",2005,2005,2005
"33462",2005,2005,2005
"33463",2007,2007,2007
"33467",2007,2007,2007
"33469",2006.75,2006.75,2006.75
"33470",2007,2007,2007
"33471",2005,2005.75,2009.5
"33472",2007,2007,2007
"33473",2007,2008.5,2010.5
"33476",2005.75,2005.75,2005.75
"33477",2008.5,2008.5,2008.5
"33478",2006.75,2006.75,2008.5
"33480",2006.25,2006.25,2006.25
"33483",2007,2007,2007
"33484",2007,2007,2009.25
"33486",2006.75,2006.75,2006.75
"33487",2007,2007,2007
"33493",2007.5,2009.75,2009.75
"33496",2009.25,2010.5,2011
"33498",2010.5,2010.75,2011
"33503",2006.25,2006.75,2007
"33510",2006,2006,2006
"33511",2005.5,2005.5,2005.5
"33513",2007.25,2007.25,2007.5
"33514",2008.5,2008.5,2008.5
"33521",2007,2007,2007
"33523",2007.75,2007.75,2007.75
"33525",2005.5,2006.5,2006.5
"33527",2005.75,2005.75,2005.75
"33534",2005.5,2005.5,2005.5
"33538",2005.5,2006.25,2007
"33540",2009,2010.75,2010.75
"33541",2005.5,2008.5,2010.75
"33542",2005.5,2005.5,2005.5
"33543",2006.5,2006.5,2006.5
"33544",2006.5,2006.5,2006.5
"33545",2006.5,2006.5,2006.5
"33547",2006.25,2006.25,2006.75
"33548",2005.5,2005.5,2005.5
"33549",2005.5,2005.5,2005.5
"33556",2006.5,2008.25,2008.25
"33558",2005.5,2005.5,2005.5
"33559",2006,2006.5,2006.5
"33563",2005.75,2005.75,2005.75
"33565",2005.75,2010.75,2010.75
"33566",2005.5,2005.75,2005.75
"33567",2006.25,2006.25,2006.25
"33569",2005.5,2005.5,2005.5
"33570",2005.75,2006.5,2006.5
"33572",2005.75,2005.75,2005.75
"33573",2005.75,2005.75,2005.75
"33576",2006.5,2006.5,2006.5
"33578",2005.5,2005.5,2005.5
"33579",2005.75,2005.75,2006.25
"33584",2006,2006,2006
"33585",2008.5,2008.5,2008.75
"33592",2006.5,2006.5,2006.5
"33594",2005.75,2006.25,2006.25
"33596",2006.25,2006.25,2006.25
"33597",2007.25,2007.25,2007.25
"33598",2006.25,2006.75,2007.75
"33602",2005.25,2005.75,2006.5
"33603",2006.5,2006.5,2006.5
"33604",2006.5,2006.5,2006.5
"33605",2006,2006,2006
"33606",2005.25,2005.25,2005.25
"33607",2006.5,2006.5,2006.5
"33609",2005.25,2005.25,2005.25
"33610",2006,2006,2006
"33611",2005.25,2005.25,2005.25
"33612",2006.5,2006.5,2006.5
"33613",2006,2006.5,2006.5
"33614",2006.5,2006.5,2006.5
"33615",2006.5,2006.5,2006.5
"33616",2005.25,2005.25,2005.25
"33617",2006,2006,2006
"33618",2006.5,2006.5,2006.5
"33619",2005.5,2005.5,2006
"33620",2006,2006,2006
"33621",2005.25,2005.25,2005.25
"33624",2006.5,2006.5,2006.5
"33625",2006.5,2006.5,2006.5
"33626",2006,2006,2006
"33629",2005.25,2005.25,2005.25
"33634",2006.5,2006.5,2006.5
"33635",2006,2006,2006
"33637",2006,2006,2006
"33647",2006.5,2006.5,2006.5
"33701",2006.5,2006.5,2006.5
"33702",2006,2006,2006
"33703",2006.5,2006.5,2006.5
"33704",2006.5,2006.5,2006.5
"33705",2006.5,2006.5,2006.5
"33706",2006.5,2006.5,2006.5
"33707",2006.5,2006.5,2006.5
"33708",9999,9999,9999
"33709",2006.5,2006.5,2006.5
"33710",2006.5,2006.5,2006.5
"33711",2006.5,2006.5,2006.5
"33712",2006.5,2006.5,2006.5
"33713",2006.5,2006.5,2006.5
"33714",2006.5,2006.5,2006.5
"33715",2006.5,2008.25,2009.5
"33716",2006,2006,2006
"33744",9999,9999,9999
"33755",2007,2007,2007
"33756",2006,2006,2006
"33759",2006,2006,2006
"33760",2006,2006,2006
"33761",2006,2006,2006
"33762",2006,2006,2006
"33763",2006,2006,2006.75
"33764",2006,2006,2006
"33765",2006,2006,2006
"33767",2006,2007,2007
"33770",2006,2006,2006
"33771",2006,2006,2006
"33772",2006,2006,2006
"33773",2006,2006,2006
"33774",2006,2006,2006
"33776",2006,2006,2006
"33777",2006,2006,2006
"33778",2006,2006,2006
"33781",2006,2006,2006
"33782",2006,2006,2006
"33785",2006,2006,2006
"33786",2006,2006,2006
"33801",2006.75,2006.75,2006.75
"33803",2005.5,2005.5,2006.75
"33805",2005.5,2006.25,2006.25
"33809",2006.25,2008.5,2008.5
"33810",2005.5,2005.5,2005.5
"33811",2005.5,2005.5,2005.5
"33812",2006.75,2006.75,2006.75
"33813",2005.5,2005.5,2006
"33815",2005.5,2005.5,2005.5
"33823",2006.25,2006.25,2006.25
"33825",2007.75,2008.75,2008.75
"33827",2006,2006,2006
"33830",2005,2006,2006.75
"33834",2006.5,2006.5,2006.5
"33837",2006,2006.75,2008.75
"33838",2006,2006.25,2006.25
"33839",2000,2006,2006
"33841",2006,2007.25,2008
"33843",2008,2008.75,2008.75
"33844",2008.75,2008.75,2008.75
"33847",2005,2005,2005
"33848",2005,2005,2005
"33849",2005.5,2006.25,2008.5
"33850",2008.75,2008.75,2008.75
"33851",2006,2006,2006.25
"33852",2009.5,2010.75,2010.75
"33853",2006,2006.25,2006.25
"33854",2008,2008.75,2009.75
"33855",2008,2008.75,2009.75
"33856",2008,2008.75,2009.75
"33857",2008.25,2010,2010.75
"33859",2006,2006,2006.25
"33860",2006.25,2006.25,2006.25
"33865",2008.25,2009.5,2009.5
"33867",2009.75,2009.75,2009.75
"33868",2006.25,2007,2007.75
"33870",2007.75,2007.75,2007.75
"33872",2006,2006,2006
"33873",2007,2007.75,2008.25
"33875",2005.75,2007.75,2009
"33876",2005.75,2005.75,2007.75
"33877",2006,2006.25,2006.25
"33880",2006,2006.75,2006.75
"33881",2006,2006.75,2008.75
"33884",2000,2006,2006
"33890",2008.25,2008.25,2009
"33896",2005,2005,2005
"33897",2006,2006,2006
"33898",2007,2008,2009.75
"33901",2005.5,2006.5,2008.25
"33903",2008.25,2008.25,2008.25
"33904",2006.5,2006.5,2006.5
"33905",2008.25,2008.25,2008.25
"33907",2005.5,2005.5,2005.5
"33908",2006.5,2006.5,2006.5
"33909",2008.25,2008.25,2008.25
"33912",2005.5,2005.5,2005.5
"33913",2005.5,2006.75,2008.5
"33914",2006.5,2006.5,2006.5
"33916",2008.25,2008.25,2008.25
"33917",2008.25,2008.25,2008.25
"33919",2006.5,2006.5,2006.5
"33920",2000,2005.25,2005.25
"33921",2006,2009.25,2009.25
"33922",2009.25,2009.25,2010
"33924",2009.25,2009.25,2009.25
"33928",2008.5,2009.75,2010.5
"33930",2006,2006,2006.5
"33931",2010,2010.5,2010.5
"33935",2005.75,2008.5,2009.5
"33936",2005.5,2008.25,2009.25
"33944",2005.75,2009.5,2009.5
"33945",2009.25,2009.25,2010
"33946",2006,2006,2006
"33947",2006,2006,2006
"33948",2006.25,2006.25,2006.25
"33950",2006.25,2007.25,2007.25
"33952",2006.25,2006.25,2006.25
"33953",2006.25,2006.25,2006.25
"33954",2006.25,2006.25,2006.25
"33955",2007.25,2008.25,2010
"33956",2000.25,2000.5,2009.25
"33957",9999,9999,9999
"33960",2009.5,2009.5,2009.5
"33965",2010.5,2010.5,2010.5
"33966",2005.5,2005.5,2005.5
"33967",2005.5,2009.25,2010.5
"33971",2000,2005.25,2005.25
"33972",2000,2005.25,2005.25
"33973",2005.5,2005.5,2006
"33974",2008.5,2009.25,2009.25
"33976",2008.25,2009.25,2009.25
"33980",2006.25,2006.25,2006.25
"33981",2006,2006,2006.25
"33982",2008.25,2009.25,2009.5
"33983",2006.25,2006.25,2006.25
"33990",2006.5,2008.25,2008.25
"33991",2006.5,2008,2008.25
"33993",2008.25,2008.25,2008.25
"34101",2005.25,2005.25,2005.5
"34102",2005.25,2005.25,2005.25
"34103",2008.5,2008.5,2008.5
"34104",2005.5,2005.5,2005.5
"34105",2008.5,2008.5,2008.5
"34108",2008.5,2008.5,2008.5
"34109",2008.5,2008.5,2008.5
"34110",2008.5,2008.5,2008.5
"34112",2005.5,2005.5,2005.5
"34113",2005.5,2005.5,2005.5
"34114",2005.5,2006.25,2007
"34116",2006.25,2008,2008.5
"34117",2006.25,2007,2008.5
"34119",2008.5,2009.5,2010.5
"34120",2005,2006,2008
"34134",2010.5,2010.5,2010.5
"34135",2010.5,2010.5,2010.5
"34137",2005,2005,2005
"34138",9999,9999,9999
"34139",9999,9999,9999
"34140",2010,2011.25,2011.25
"34141",2009.5,2009.75,2010
"34142",2006.5,2007,2008
"34145",2010,2011.25,2011.25
"34201",2006.5,2007.75,2007.75
"34202",2007.75,2007.75,2007.75
"34203",2006.5,2006.5,2006.5
"34205",2006.5,2006.5,2006.5
"34207",2006.5,2006.5,2006.5
"34208",2006.5,2006.5,2006.5
"34209",2007,2008,2008
"34210",2006.5,2006.5,2007.75
"34211",2007.75,2007.75,2007.75
"34212",2007.75,2007.75,2007.75
"34215",2008,2008.5,2009
"34216",2008,2008.5,2009.75
"34217",2008,2008.5,2009
"34219",2007.75,2007.75,2007.75
"34221",2006.5,2006.5,2006.5
"34222",2006.5,2006.5,2006.5
"34223",2006.25,2010,2010
"34224",2006,2006,2006
"34228",2007.25,2007.25,2007.75
"34229",2010,2010,2010
"34231",2007.25,2007.25,2007.25
"34232",2007.25,2008.25,2008.5
"34233",2007.25,2008.5,2008.5
"34234",2007.25,2007.25,2007.25
"34235",2007.25,2007.25,2007.75
"34236",2007.25,2007.25,2007.25
"34237",2007.25,2007.25,2007.25
"34238",2008.5,2008.5,2008.5
"34239",2007.25,2007.25,2007.25
"34240",2007.75,2008.5,2008.5
"34241",2008.5,2008.5,2008.5
"34242",2007.25,2007.25,2007.25
"34243",2006.5,2006.5,2006.5
"34251",2007.75,2009,2009.75
"34266",2007.75,2009,2009.5
"34268",2010.25,2010.25,2010.25
"34269",2009,2010.25,2010.25
"34275",2009,2010.25,2010.75
"34285",2010,2010,2010
"34286",2006.25,2006.25,2008.25
"34287",2006.25,2006.25,2006.25
"34288",2006.25,2006.25,2006.25
"34289",2007.25,2009,2010.25
"34291",2006.25,2010.75,2010.75
"34292",2007.75,2010,2010.75
"34293",2006.25,2006.5,2010
"34420",2005.25,2006.25,2007.75
"34428",2005.25,2005.25,2006.25
"34429",2005.25,2005.25,2005.25
"34431",2006.25,2008.25,2008.5
"34432",2006.25,2006.25,2006.25
"34433",2006.25,2006.25,2006.25
"34434",2006.25,2006.25,2006.25
"34436",2006.25,2006.25,2006.25
"34442",2005.25,2006,2006
"34445",2006.25,2006.25,2006.25
"34446",2006.25,2006.25,2006.25
"34448",2006.25,2006.25,2006.25
"34449",2006.25,2008.25,2009.25
"34450",2005.25,2005.25,2005.25
"34452",2006.25,2006.25,2006.25
"34453",2005.25,2005.25,2005.25
"34461",2006,2006.25,2006.25
"34465",2005.25,2006,2006
"34470",2000,2005.5,2005.5
"34471",2000,2005.5,2005.5
"34472",2005.5,2007,2008.25
"34473",2007,2009.25,2009.25
"34474",2000,2005.25,2005.25
"34475",2005.5,2005.75,2007.5
"34476",2005.25,2005.5,2009.25
"34479",2000,2007.5,2007.5
"34480",2000,2005.5,2005.5
"34481",2005.25,2005.25,2005.75
"34482",2005.25,2005.25,2005.25
"34484",2006.25,2007,2007
"34488",2005.75,2005.75,2007.5
"34491",2005.25,2005.5,2007.5
"34498",2006.25,2006.25,2009.25
"34601",2008,2009,2009.75
"34602",2007.75,2007.75,2007.75
"34604",2005.75,2005.75,2005.75
"34606",2008,2008,2008
"34607",2008,2008,2008
"34608",2005.75,2008,2008
"34609",2005.75,2005.75,2005.75
"34610",2005.75,2007.5,2007.5
"34613",2007.5,2007.5,2007.5
"34614",2007.5,2007.5,2007.5
"34637",2000,2007.5,2007.5
"34638",2005.5,2007.5,2007.5
"34639",2006.5,2006.5,2007.5
"34652",2006.25,2006.75,2008.25
"34653",2008.25,2008.25,2008.25
"34654",2005.25,2005.25,2005.25
"34655",2008.25,2008.25,2008.25
"34661",2009.75,2010.75,2011
"34667",2005.25,2006.75,2008
"34668",2005.25,2005.25,2005.25
"34669",2005.25,2005.25,2005.25
"34677",2006,2006,2006
"34679",2008,2008,2008
"34681",2007,2007,2007
"34683",2007,2007,2007
"34684",2006,2006,2006
"34685",2006,2006,2006
"34688",2008.25,2008.25,2008.25
"34689",2006.25,2006.25,2006.25
"34690",2008.25,2008.25,2008.25
"34691",2006.25,2006.25,2006.25
"34695",2006,2006,2006
"34698",2007,2007,2007
"34705",2007,2007,2007.5
"34711",2006.75,2008.5,2008.5
"34714",2006.75,2006.75,2008.25
"34715",2007,2007.5,2007.5
"34731",2008.5,2008.5,2008.5
"34734",2005,2005,2005
"34736",2008.5,2008.5,2008.5
"34737",2007.5,2007.5,2007.5
"34739",2009.75,2009.75,2009.75
"34741",2005.75,2005.75,2005.75
"34743",2006.5,2006.5,2006.5
"34744",2005.75,2005.75,2005.75
"34746",2005,2005.75,2005.75
"34747",2006,2006,2006
"34748",2007.5,2007.75,2008.5
"34753",2005,2007.25,2008.5
"34756",2006,2006,2006
"34758",2005,2005,2006
"34759",2009.75,2009.75,2009.75
"34760",2006,2006,2006
"34761",2005,2005,2005
"34762",2008.5,2008.5,2008.5
"34769",2005.75,2005.75,2005.75
"34771",2007,2007.25,2008.75
"34772",2006.25,2006.75,2007.5
"34773",2007.75,2009.25,2009.75
"34785",2007,2007.5,2008.5
"34786",2005,2006,2006.75
"34787",2006,2006.75,2006.75
"34788",2006.25,2006.25,2006.25
"34797",2007.5,2007.5,2007.5
"34945",2006.75,2006.75,2008.5
"34946",2006.75,2006.75,2006.75
"34947",2006.75,2006.75,2006.75
"34949",2006,2006,2006
"34950",2006,2006,2006
"34951",2006.75,2006.75,2007.5
"34952",2010.5,2010.5,2010.5
"34953",2006.75,2006.75,2006.75
"34956",2010,2010,2010
"34957",2010.5,2010.5,2010.5
"34972",2009.75,2009.75,2010
"34974",2006.5,2009.5,2010
"34981",2006.75,2006.75,2006.75
"34982",2006,2008.75,2010.5
"34983",2010.5,2010.5,2010.5
"34984",2006.75,2009.25,2010.5
"34986",2006.75,2006.75,2006.75
"34987",2006.75,2006.75,2006.75
"34990",2005.75,2005.75,2006
"34994",2005.75,2005.75,2005.75
"34996",2006.5,2006.5,2006.5
"34997",2006.75,2008.75,2010.5
"35004",2005.25,2005.25,2005.25
"35005",2005.25,2005.25,2005.25
"35006",2007.5,2007.5,2007.5
"35007",2006.75,2007.5,2009
"35010",2007.25,2007.25,2009
"35013",2008.75,2008.75,2008.75
"35014",2008,2009.5,2010.75
"35016",2007.75,2009.5,2009.75
"35019",2006.25,2006.25,2006.25
"35020",2005.75,2005.75,2005.75
"35022",2008,2008,2008
"35023",2006.5,2006.5,2006.5
"35031",2005,2008.75,2008.75
"35032",2006.75,2006.75,2006.75
"35033",2007.75,2008.25,2008.25
"35034",2009,2010.75,2010.75
"35035",2007,2007,2007
"35036",2006,2006,2006
"35040",2006,2006,2006
"35042",2005.75,2006,2006
"35043",2006.75,2007.25,2008
"35044",2006.75,2006.75,2006.75
"35045",2007,2007.25,2010.5
"35046",2007,2009.75,2010
"35049",2008.75,2008.75,2008.75
"35051",2005.5,2005.5,2006
"35052",2006.75,2008.25,2011
"35053",2007.75,2007.75,2007.75
"35054",2006.25,2007.5,2009.5
"35055",2007.75,2008.5,2008.5
"35057",2008.5,2008.75,2009.5
"35058",2006.25,2006.25,2006.25
"35060",2006,2006,2006
"35061",2005.75,2005.75,2005.75
"35062",2008.25,2008.25,2008.25
"35063",2008.25,2008.25,2008.25
"35064",2005.75,2005.75,2005.75
"35068",2006,2006,2006
"35070",2010,2012.5,2012.5
"35071",2008.5,2008.75,2010.25
"35072",2007.75,2008,2010.75
"35073",2005.25,2006,2007
"35074",2006.75,2006.75,2006.75
"35077",2008.75,2008.75,2008.75
"35078",2006.75,2006.75,2006.75
"35079",2008.75,2009.25,2010
"35080",2008.75,2009,2009
"35082",2007.75,2007.75,2007.75
"35083",2005.75,2006.25,2006.25
"35085",2007,2007,2007
"35087",2006.25,2006.25,2006.25
"35089",2006,2006,2006
"35091",2007.75,2008.5,2009
"35094",2005.25,2005.25,2005.25
"35096",2006.75,2006.75,2006.75
"35097",2008.25,2008.25,2008.25
"35098",2010.25,2011,2011
"35111",2008,2008,2008
"35112",2006.25,2006.25,2006.25
"35114",2009,2009,2009
"35115",2007,2007.25,2009
"35116",2005.25,2005.25,2005.25
"35117",2008.25,2008.75,2010
"35118",2005.25,2005.25,2005.25
"35119",2005.25,2005.5,2005.5
"35120",2005.5,2005.5,2006.25
"35121",2008.75,2008.75,2008.75
"35124",2007,2007.5,2009
"35125",2005.5,2006.25,2006.75
"35126",2005.25,2005.25,2005.25
"35127",2006.5,2006.5,2006.5
"35128",2006.75,2006.75,2006.75
"35130",2005.25,2005.25,2005.25
"35131",2005.5,2005.5,2005.5
"35133",2008.25,2008.25,2008.25
"35135",2006.75,2006.75,2006.75
"35136",2006,2006,2007.25
"35139",2008.25,2008.25,2008.25
"35143",2005,2005,2005.5
"35146",2006.25,2007.5,2008.75
"35147",2008.5,2009.5,2009.5
"35148",2008.25,2008.25,2008.25
"35149",2010.75,2011.75,2011.75
"35150",2007.75,2007.75,2007.75
"35151",2006,2006,2007.75
"35160",2008,2009,2010.75
"35171",2010.5,2010.5,2010.5
"35172",2008.25,2008.25,2008.25
"35173",2005.25,2005.75,2006.25
"35175",2009.5,2009.5,2009.5
"35176",2007.5,2008.75,2009.5
"35178",2005.75,2006.75,2009.25
"35179",2006.25,2009.5,2009.5
"35180",2008.25,2008.75,2009
"35183",2006,2006,2006
"35184",2006.25,2006.75,2006.75
"35186",2005.5,2005.5,2005.5
"35187",2009,2010,2010.75
"35188",2006.25,2006.25,2006.25
"35203",2006,2006,2006
"35204",2006,2006,2006
"35205",2005.75,2005.75,2005.75
"35206",2005.5,2005.5,2005.5
"35207",2006,2006,2006
"35208",2005.75,2005.75,2005.75
"35209",2005.75,2005.75,2005.75
"35210",2005.5,2005.5,2005.5
"35211",2005.75,2005.75,2005.75
"35212",2005.5,2005.5,2005.5
"35213",2005.5,2005.5,2005.5
"35214",2006,2006,2006
"35215",2005.25,2005.25,2005.25
"35216",2005.5,2005.5,2005.75
"35217",2005.5,2005.5,2005.5
"35218",2005.75,2005.75,2005.75
"35221",2005.75,2005.75,2005.75
"35222",2005.5,2005.5,2005.5
"35223",2005.5,2005.5,2005.5
"35224",2005.75,2006,2006
"35226",2005.75,2005.75,2005.75
"35228",2005.75,2005.75,2005.75
"35229",2005.5,2005.75,2005.75
"35233",2005.75,2005.75,2006
"35234",2006,2006,2006
"35235",2005.25,2005.5,2005.5
"35242",2005.5,2005.5,2005.5
"35243",2005.5,2005.5,2005.5
"35244",2005.75,2007.5,2009
"35254",2006,2006,2006
"35401",2006.5,2006.5,2006.5
"35404",2005.5,2005.5,2006.5
"35405",2006.5,2006.5,2006.5
"35406",2005.25,2006,2006.5
"35441",2006.75,2008.75,2010.5
"35442",2007,2007,2008.5
"35443",2006.75,2009,2009.75
"35444",2005.5,2005.5,2006
"35446",2009.25,2009.25,2009.25
"35447",2007,2007,2007
"35452",2009.75,2010,2010
"35453",2005.5,2005.5,2005.5
"35456",2007,2007,2007
"35457",2010,2010,2010
"35458",2010,2010,2010.5
"35459",2006.75,2006.75,2006.75
"35460",2006.75,2007,2009.75
"35461",2005.75,2005.75,2006.5
"35462",2007.25,2007.25,2009
"35463",2005.5,2005.5,2006.5
"35464",2009.75,2009.75,2010.5
"35466",2007.5,2009.25,2010
"35469",2005.5,2005.5,2005.5
"35470",2006.75,2007,2008.25
"35473",2009.25,2010,2011.75
"35474",2005.5,2006.75,2006.75
"35475",2006,2010,2010.5
"35476",2006.5,2006.5,2006.5
"35477",2006.75,2006.75,2009.75
"35480",2005.5,2006.75,2009.25
"35481",2007,2007,2007.5
"35490",2006.25,2006.25,2006.25
"35501",2005.25,2007,2007
"35503",2005.25,2007,2007.75
"35504",2005.25,2006.25,2007.75
"35540",2010.25,2011.25,2012.5
"35541",2007.75,2007.75,2009.5
"35542",2008.25,2010.5,2011.5
"35543",2009.5,2009.5,2011.5
"35544",2007,2007,2010.75
"35545",2010.5,2010.5,2013.75
"35546",2009.25,2010,2011
"35548",2010,2010,2011.25
"35549",2007,2007,2009.75
"35550",2007,2007,2007
"35552",2010.75,2010.75,2010.75
"35553",2010.25,2010.25,2010.25
"35554",2008.25,2008.25,2008.25
"35555",2009.25,2010.5,2011.25
"35559",2008.25,2008.25,2008.25
"35563",2009.5,2010,2010.75
"35564",2009.5,2009.5,2011
"35565",2009.75,2010.25,2012.25
"35570",2007,2009.75,2010.75
"35571",2009.75,2009.75,2011
"35572",2010.25,2010.25,2012.5
"35574",2010,2010.5,2010.5
"35575",2005.5,2006.75,2011.5
"35576",2007.25,2010,2010
"35577",2005.5,2009.75,2011.5
"35578",2007,2009.75,2010.25
"35579",2008.25,2009,2009.25
"35580",2006.25,2007,2007
"35581",2009.5,2009.5,2010
"35582",2010.25,2010.25,2010.25
"35584",2008.25,2008.25,2008.25
"35585",2006.25,2009.5,2009.5
"35586",2007,2007.5,2009.5
"35587",2007,2008,2009
"35592",2009.5,2009.5,2010
"35593",2009.75,2010.25,2011.5
"35594",2008.25,2009.25,2010
"35601",2006.75,2006.75,2006.75
"35603",2006.75,2006.75,2006.75
"35610",2005.5,2005.5,2005.5
"35611",2006.75,2006.75,2006.75
"35613",2006.75,2006.75,2006.75
"35614",2005.5,2005.5,2009
"35615",2009.75,2009.75,2009.75
"35616",2008.5,2008.5,2009.75
"35618",2009.5,2009.5,2009.5
"35619",2008.75,2008.75,2009.5
"35620",2009,2009,2009
"35621",2006.25,2006.25,2006.25
"35622",2005.75,2005.75,2006
"35630",2007.25,2007.25,2007.25
"35633",2005.75,2007,2007.25
"35634",2005.75,2005.75,2005.75
"35640",2006,2006.25,2006.25
"35643",2007.75,2007.75,2007.75
"35645",2005.25,2005.25,2005.25
"35646",2010.75,2010.75,2010.75
"35647",2005.5,2006,2009.25
"35648",2005.5,2005.5,2005.5
"35649",2009.75,2009.75,2009.75
"35650",2010.25,2010.5,2010.5
"35651",2010,2010,2010
"35652",2005.5,2005.5,2005.5
"35653",2006,2006.25,2010.25
"35654",2009.75,2010,2010
"35660",2007.25,2007.25,2007.25
"35661",2008,2010.75,2010.75
"35670",2006.25,2006.25,2006.25
"35671",2006.75,2006.75,2006.75
"35672",2009.5,2009.5,2009.5
"35673",2007.75,2007.75,2007.75
"35674",2007,2007.25,2010.25
"35677",2008.5,2008.5,2008.5
"35739",2006.75,2006.75,2006.75
"35740",2008.75,2008.75,2008.75
"35741",2005,2005,2005
"35744",2006.75,2006.75,2008
"35745",2010.75,2011.25,2012.75
"35746",2009.5,2009.5,2009.75
"35747",2005,2007,2009
"35748",2005.5,2007.5,2007.5
"35749",2006.75,2006.75,2006.75
"35750",2005.75,2006.25,2008
"35751",2008.5,2008.5,2012.5
"35752",2008,2008,2008
"35754",2006.25,2008.75,2008.75
"35755",2009.75,2009.75,2009.75
"35756",2008.75,2009.75,2009.75
"35757",2006.25,2007,2007
"35758",2005.5,2007,2007
"35759",2005.75,2005.75,2006.75
"35760",2008.5,2008.75,2009.5
"35761",2007.75,2008.5,2008.5
"35763",2005,2005,2005.5
"35764",2007.5,2007.5,2007.5
"35765",2005,2005,2006.75
"35766",2008.5,2012.5,2012.5
"35768",2008.75,2009.75,2012.25
"35769",2009.75,2009.75,2009.75
"35771",2006.75,2006.75,2006.75
"35772",2009.5,2009.5,2009.75
"35773",2005.75,2005.75,2006.75
"35774",2007.5,2007.5,2007.5
"35775",2008.75,2008.75,2008.75
"35776",2007.5,2008.75,2009.5
"35801",2005,2005.5,2005.5
"35802",2005,2005.5,2005.5
"35803",2005.5,2007.5,2008.75
"35805",2005.5,2005.5,2005.5
"35806",2005.5,2005.5,2005.5
"35808",2008.75,2008.75,2008.75
"35810",2005.5,2005.5,2005.75
"35811",2005,2005,2005.5
"35816",2005.5,2005.5,2005.5
"35824",2009.75,2009.75,2009.75
"35896",2005.5,2005.5,2005.5
"35901",2005.25,2005.5,2005.5
"35903",2005.5,2005.5,2006
"35904",2005.5,2005.75,2006.5
"35905",2005.25,2005.5,2005.5
"35906",2005.5,2005.75,2005.75
"35907",2005.5,2005.5,2005.5
"35950",2009,2009,2009
"35951",2009.5,2009.5,2009.5
"35952",2006.25,2007.5,2007.5
"35953",2007,2007,2007
"35954",2005.75,2005.75,2006.5
"35956",2007,2007,2007
"35957",2006.25,2007,2007
"35958",2008.75,2008.75,2009.25
"35959",2006.25,2006.25,2006.5
"35960",2006.25,2009,2009
"35961",2006.5,2006.5,2006.5
"35962",2007,2009.5,2009.5
"35963",2006.5,2006.5,2006.5
"35966",2009.25,2009.25,2009.25
"35967",2006.5,2006.75,2009.25
"35968",2006.25,2006.75,2006.75
"35971",2006.5,2006.5,2006.5
"35972",2005.75,2007.5,2007.5
"35973",2009,2009.5,2010.25
"35974",2006.5,2006.5,2006.5
"35975",2006.5,2009,2009.5
"35976",2006.75,2009,2009
"35978",2005,2006.75,2006.75
"35979",2009.25,2009.25,2009.25
"35980",2006.25,2006.25,2006.25
"35981",2005.25,2005.75,2009.25
"35983",2005.5,2005.5,2006.25
"35984",2010.75,2010.75,2010.75
"35986",2006.75,2006.75,2006.75
"35987",2007,2007,2007.5
"35988",2006.75,2006.75,2006.75
"35989",2009.25,2009.5,2010.75
"35990",2007.5,2007.5,2007.5
"36003",2006.25,2006.25,2006.75
"36005",2007.75,2007.75,2010.25
"36006",2007,2007,2007
"36009",2007.5,2008.75,2009.75
"36010",2008.25,2010.5,2010.5
"36013",2005.25,2005.5,2005.5
"36016",2006.5,2007.75,2010.25
"36017",2008.5,2010.5,2010.5
"36020",2005,2005.5,2005.5
"36022",2005.5,2005.5,2007.25
"36024",2006.25,2006.25,2006.25
"36025",2005.5,2005.5,2005.5
"36026",2009,2010.25,2010.25
"36027",2006.25,2006.5,2007.25
"36028",2009.25,2009.75,2009.75
"36029",2005.25,2005.25,2007.5
"36030",2009.75,2011.75,2011.75
"36031",2005.25,2005.25,2005.25
"36032",2010.5,2010.5,2010.5
"36033",2006.25,2006.25,2009.5
"36034",2008.25,2009.75,2010.5
"36035",2005.75,2006.5,2007.5
"36036",2007.5,2007.5,2007.5
"36037",2007.5,2008,2010.5
"36038",2009.75,2010.5,2010.5
"36039",2005.25,2005.25,2005.25
"36040",2006.25,2007.5,2008
"36041",2007.5,2007.5,2007.5
"36042",2006,2006.25,2010.5
"36043",2008.75,2008.75,2009.5
"36046",2006.25,2007.5,2007.5
"36047",2008.75,2009.5,2009.5
"36048",2006.25,2007.75,2010.25
"36049",2007.5,2007.5,2007.5
"36051",2007.25,2007.25,2008.25
"36052",2005.5,2005.5,2007.25
"36053",2006.5,2007.25,2009.25
"36054",2005,2005.25,2005.5
"36064",2005.5,2005.5,2006
"36066",2005,2005,2005
"36067",2006.75,2007.25,2010.25
"36069",2006,2007.25,2007.5
"36071",2010.5,2010.5,2010.5
"36075",2008.5,2008.5,2008.5
"36078",2007.5,2007.5,2007.5
"36079",2005.75,2006.5,2006.5
"36080",2010.75,2010.75,2010.75
"36081",2007.75,2007.75,2008.75
"36082",2005.75,2005.75,2005.75
"36083",2005.75,2006.5,2008
"36088",2005.75,2005.75,2005.75
"36089",2007,2007.25,2007.75
"36091",2007.25,2007.25,2007.25
"36092",2006.25,2008.5,2010.75
"36093",2006,2006,2006
"36104",2005,2005,2005
"36105",2006,2006.75,2006.75
"36106",2005.25,2005.25,2005.25
"36107",2005.25,2005.25,2005.25
"36108",2005,2006,2008.75
"36109",2005.25,2005.25,2005.25
"36110",2005.25,2005.25,2005.25
"36111",2005.25,2005.25,2005.25
"36112",2005,2005,2005
"36113",2005,2005,2005
"36115",2005.25,2005.25,2005.25
"36116",2006.75,2006.75,2006.75
"36117",2005.25,2006,2006
"36201",2005.25,2005.25,2005.25
"36203",2007.25,2007.25,2007.25
"36205",2005.25,2005.25,2005.25
"36206",2005.25,2005.25,2005.25
"36207",2007.25,2007.25,2007.25
"36250",2005.25,2005.5,2007
"36251",2007.5,2010.25,2010.75
"36255",2009.5,2010.25,2010.5
"36256",2010.25,2010.25,2010.25
"36258",2007.25,2007.25,2007.75
"36260",2006.75,2006.75,2006.75
"36262",2008.25,2008.75,2009.5
"36263",2006.25,2006.25,2006.75
"36264",2007.25,2008.25,2008.25
"36265",2005.5,2007,2009.25
"36266",2006.25,2007.75,2007.75
"36267",2011.25,2011.75,2011.75
"36268",2006.75,2007.25,2007.25
"36269",2009.5,2009.5,2009.5
"36271",2005.5,2005.5,2005.5
"36272",2008.5,2009.25,2009.25
"36273",2006.25,2006.25,2006.25
"36274",2006.5,2006.5,2007.75
"36276",2010.25,2010.25,2011.5
"36277",2005.25,2005.25,2005.25
"36278",2007.75,2007.75,2008
"36279",2005.5,2007,2009
"36280",2008,2008,2008
"36301",2005,2006.25,2006.25
"36303",2005,2005,2006.25
"36305",2005,2005,2005
"36310",2006,2006,2006
"36311",2010.5,2010.5,2010.5
"36312",2006.25,2006.25,2006.25
"36313",2006.25,2006.5,2010.5
"36314",2006.25,2006.25,2006.5
"36316",2006.25,2006.75,2008
"36317",2006,2007.75,2010.5
"36318",2007,2008,2010.5
"36319",2006.25,2006.25,2006.25
"36320",2006.25,2006.25,2006.25
"36321",2006.25,2006.25,2006.25
"36322",2006.25,2006.5,2007
"36323",2006.5,2008,2009
"36330",2007,2007,2007
"36340",2007,2007,2007
"36343",2007.75,2010.5,2010.5
"36344",2006.25,2006.25,2006.25
"36345",2007.75,2007.75,2007.75
"36346",2005.75,2006.5,2009
"36350",2010.5,2010.5,2010.5
"36351",2006.5,2006.5,2006.5
"36352",2005.25,2005.25,2005.25
"36353",2010.5,2010.5,2010.5
"36360",2010.5,2010.5,2010.5
"36362",2005.25,2006.5,2007
"36370",2005,2005,2005
"36371",2005.25,2005.25,2005.25
"36373",2009.75,2011.5,2011.5
"36374",2010.5,2010.5,2010.5
"36375",2006.25,2006.25,2006.25
"36376",2006.25,2006.25,2006.25
"36401",2008,2009.75,2009.75
"36420",2007,2008,2009.75
"36421",2008.75,2009.75,2009.75
"36425",2010.5,2010.75,2012.25
"36426",2007.25,2007.5,2007.75
"36432",2007.75,2007.75,2008
"36435",2010,2010,2011.5
"36436",2010.75,2011.5,2011.5
"36439",2010.25,2010.5,2012.25
"36441",2007.25,2007.25,2007.5
"36442",2007,2007.5,2009.75
"36444",2009.75,2010.25,2010.25
"36445",2007.75,2008,2010.25
"36446",2007.5,2009.25,2010.25
"36451",2007.5,2009.75,2010.25
"36453",2007,2009,2009
"36454",2005.5,2007.75,2007.75
"36455",2006.25,2006.25,2006.25
"36456",2006.25,2008,2010.5
"36460",2009.75,2009.75,2009.75
"36467",2008,2008,2008.75
"36470",2010.25,2010.25,2010.25
"36471",2009.75,2009.75,2009.75
"36473",2007.75,2007.75,2007.75
"36474",2009.75,2010.5,2010.5
"36475",2005.5,2007.75,2009.75
"36476",2010.5,2010.5,2010.5
"36477",2007,2007,2008.75
"36480",2010.25,2010.5,2010.5
"36481",2010,2010.75,2011.5
"36482",2010.25,2010.75,2011.25
"36483",2008,2011.5,2013
"36502",2007.75,2008.5,2009.75
"36505",2006.5,2006.5,2006.5
"36507",2009,2009.75,2009.75
"36509",2007,2009.25,2010.25
"36511",2006,2006,2006
"36512",2006.5,2006.5,2006.5
"36513",2007.75,2007.75,2007.75
"36518",2007,2008.75,2009.25
"36521",2006.5,2007.75,2009.5
"36522",2009.25,2009.25,2009.25
"36523",2005.25,2005.25,2005.25
"36524",2007.5,2010.25,2010.25
"36525",2006.5,2006.5,2006.5
"36526",2006.75,2007.75,2007.75
"36527",2006.75,2006.75,2006.75
"36528",2002,9999,9999
"36529",2009.5,2009.5,2009.5
"36530",2007,2007.75,2008.5
"36532",2006,2006,2007.75
"36535",2006,2007.25,2007.75
"36538",2010.25,2010.25,2010.25
"36539",2009.5,2009.5,2009.5
"36540",2010.25,2010.25,2010.5
"36541",2006.75,2006.75,2009.25
"36542",2006,2006,2006
"36543",2010.5,2010.5,2010.5
"36544",2005.25,2005.5,2005.5
"36545",2009.75,2010.25,2010.25
"36548",2010.25,2010.25,2010.25
"36549",2007,2007.75,2007.75
"36550",2008.5,2010.25,2010.25
"36551",2006.75,2007.75,2007.75
"36553",2006.5,2009,2009.25
"36555",2006,2006,2006
"36556",2007.75,2007.75,2007.75
"36558",2007,2008.75,2010.25
"36559",2007.75,2007.75,2007.75
"36560",2007.75,2007.75,2007.75
"36561",2005.75,2006,2006
"36562",2009.75,2009.75,2009.75
"36564",2005.5,2006,2007.25
"36567",2006.75,2007.25,2007.75
"36568",2006.75,2006.75,2006.75
"36569",2010.25,2010.25,2010.25
"36571",2006.5,2006.5,2006.5
"36572",2006.5,2006.5,2006.5
"36574",2007.25,2007.25,2007.75
"36575",2005.75,2006.5,2006.5
"36576",2007.75,2007.75,2007.75
"36578",2006.75,2006.75,2006.75
"36579",2009,2009,2009
"36580",2005.5,2005.75,2006
"36581",2009.75,2010.25,2010.25
"36582",2005.25,2005.5,2005.5
"36583",2006.25,2006.75,2009.25
"36584",2009.25,2009.25,2009.5
"36585",2008.75,2009.75,2009.75
"36587",2005.75,2005.75,2005.75
"36590",2005.5,2005.5,2005.5
"36602",2006.25,2006.25,2006.25
"36603",2006.25,2006.25,2006.25
"36604",2006.25,2006.25,2006.25
"36605",2005.5,2005.5,2005.5
"36606",2004.25,2005.5,2005.5
"36607",2004.25,2005.5,2005.5
"36608",2006.5,2006.5,2006.5
"36609",2004.25,2005.5,2005.5
"36610",2005.5,2005.5,2006.25
"36611",2005.5,2005.5,2006.25
"36612",2004.25,2005.5,2005.5
"36613",2006.5,2006.5,2006.5
"36615",2005.5,2005.5,2005.5
"36616",2004.25,2005.5,2005.5
"36617",2004.25,2005.5,2005.5
"36618",2004.25,2005.5,2005.5
"36619",2005.5,2005.5,2005.5
"36688",2004.25,2005.5,2005.5
"36693",2005.5,2005.5,2005.5
"36695",2006.5,2006.5,2006.75
"36701",2009.75,2010.5,2011.5
"36703",2008.5,2010.25,2010.25
"36720",2011.5,2011.5,2011.5
"36722",2009.5,2009.5,2009.5
"36723",2010.75,2010.75,2011.5
"36726",2010.5,2010.5,2010.75
"36727",2008,2009.5,2011
"36728",2010.5,2010.5,2011.5
"36732",2008.25,2008.25,2009
"36736",2009,2009.25,2009.25
"36738",2009.5,2009.5,2009.5
"36740",2006.5,2006.5,2010.25
"36742",2009,2009,2009
"36744",2008.75,2010.25,2010.5
"36748",2009.25,2009.5,2009.5
"36749",2008.5,2008.5,2008.5
"36750",2010.5,2010.5,2010.5
"36751",2010.5,2010.75,2011.5
"36752",2006.25,2006.75,2008
"36753",2011.75,2015.5,2015.5
"36754",2009.5,2009.5,2009.5
"36756",2010.25,2011.25,2011.5
"36758",2008.5,2008.5,2009.75
"36759",2007,2007,2009.5
"36761",2011.5,2011.75,2013.5
"36763",2009.25,2009.5,2010.25
"36765",2008.75,2008.75,2010.5
"36766",2009.75,2010.75,2010.75
"36767",2009.5,2011.5,2011.5
"36768",2010.5,2011.75,2011.75
"36769",2009.5,2010,2010.25
"36773",2009.5,2010.5,2011.5
"36775",2011.5,2011.5,2011.5
"36776",2005.5,2005.5,2006.5
"36782",2009.5,2009.5,2009.5
"36783",2006.5,2009,2009.5
"36784",2008.75,2009,2010
"36785",2009.5,2010.5,2010.5
"36786",2009.5,2010.5,2010.5
"36790",2005.25,2005.25,2009.75
"36792",2007.25,2010.5,2010.5
"36793",2010.5,2010.75,2011.5
"36801",2005.25,2005.25,2005.25
"36804",2005.25,2005.25,2005.75
"36830",2005.25,2005.25,2005.75
"36832",2005.25,2005.75,2005.75
"36849",2005.75,2005.75,2005.75
"36850",2006.75,2007.5,2007.5
"36852",2006,2006,2006
"36853",2007.5,2009,2009
"36854",2005.5,2005.5,2005.5
"36855",2005.25,2005.25,2006.25
"36856",2005,2005.5,2006.5
"36858",2006.5,2007,2008
"36859",2006.5,2006.5,2006.5
"36860",2006.25,2007,2007
"36861",2007.25,2007.25,2007.25
"36862",2006.75,2006.75,2009.75
"36863",2006,2006.5,2009.75
"36865",2005.75,2005.75,2005.75
"36866",2008,2008,2009
"36867",2005.25,2005.25,2005.25
"36869",2005,2005.25,2005.25
"36870",2005.25,2005.5,2005.75
"36871",2006.25,2006.5,2006.5
"36874",2005.75,2005.75,2005.75
"36875",2006.25,2006.25,2006.25
"36877",2005.25,2005.25,2005.5
"36879",2005.75,2005.75,2006.75
"36901",2006.75,2006.75,2006.75
"36904",2008,2010.25,2010.75
"36907",2006,2007,2009.75
"36908",2010.75,2010.75,2010.75
"36910",2007,2008,2009.5
"36912",2007,2007,2011.25
"36913",2012.25,2013.75,2013.75
"36915",2010.75,2010.75,2010.75
"36916",2009.5,2009.5,2009.5
"36919",2008.75,2010.25,2010.75
"36921",2010.25,2010.75,2010.75
"36922",2009.25,2010.25,2010.25
"36925",2006,2006.75,2006.75
"37010",2006.75,2006.75,2006.75
"37012",2010,2010,2010
"37013",2005.75,2005.75,2005.75
"37014",2009.25,2009.25,2009.25
"37015",2008.75,2008.75,2008.75
"37016",2009,2009.5,2010
"37018",2009.75,2009.75,2009.75
"37019",2006.25,2006.25,2006.25
"37020",2009.75,2009.75,2009.75
"37022",2007.25,2008.5,2009.75
"37023",2008.25,2009.25,2010.75
"37025",2006.75,2006.75,2006.75
"37026",2008,2008,2008.5
"37027",2005.5,2005.5,2005.5
"37028",2009.5,2010.75,2010.75
"37029",2009.75,2009.75,2009.75
"37030",2005,2005,2005
"37031",2009.75,2010,2010
"37032",2006.5,2006.5,2006.75
"37033",2008.75,2009.25,2009.25
"37034",2008,2009,2009.25
"37035",2008.75,2008.75,2008.75
"37036",2008,2008,2008
"37037",2008,2008.5,2008.5
"37040",2005.75,2005.75,2005.75
"37042",2005.5,2005.5,2006.25
"37043",2005.75,2005.75,2005.75
"37046",2009,2009,2009
"37047",2005.75,2005.75,2005.75
"37048",2005.25,2005.25,2005.25
"37049",2007,2007,2007
"37050",2006.5,2006.5,2006.5
"37051",2007,2007.75,2008
"37052",2005,2005,2007.25
"37055",2005.25,2008,2009.5
"37057",2009,2009,2009
"37058",2007.75,2008.25,2009.25
"37059",2007.75,2007.75,2007.75
"37060",2008,2008,2008
"37061",2006.5,2006.5,2008.75
"37062",2006.25,2006.25,2006.25
"37064",2007.75,2007.75,2007.75
"37066",2005.25,2008.5,2009.75
"37067",2008,2008,2008
"37069",2005.5,2005.5,2007.75
"37072",2005.25,2005.25,2005.25
"37073",2007,2007,2007
"37074",2007.25,2007.25,2009
"37075",2005,2005,2005
"37076",2005,2005,2005
"37078",2006,2006.5,2006.5
"37079",2009.25,2009.25,2009.25
"37080",2009.75,2009.75,2009.75
"37082",2006.25,2006.25,2006.25
"37083",2009,2009.25,2009.5
"37085",2009,2009,2009.5
"37086",2005.75,2005.75,2005.75
"37087",2007.25,2009,2010
"37090",2007,2007,2007
"37091",2006.25,2008,2008.75
"37095",2007.75,2008,2008
"37096",2009,2009.25,2009.75
"37097",2009.25,2009.25,2009.75
"37098",2006.75,2006.75,2006.75
"37101",2005.25,2006,2006
"37110",2008,2008,2009.5
"37115",2005,2005,2005.25
"37118",2009.5,2009.5,2009.5
"37122",2005,2007,2007
"37127",2008,2008.5,2008.5
"37128",2008.5,2008.5,2008.5
"37129",2006,2006,2007
"37130",2006,2006,2009.5
"37132",2006,2006,2006
"37134",2008.75,2008.75,2008.75
"37135",2008,2009.25,2009.25
"37137",2009.5,2010,2011.75
"37138",2005,2005,2005
"37140",2006,2006,2006
"37141",2006.75,2007.25,2009.25
"37142",2005.5,2006.75,2007.25
"37143",2006.25,2006.25,2006.25
"37144",2006.25,2006.25,2006.25
"37145",2005,2006.75,2009
"37146",2008.75,2008.75,2008.75
"37148",2007,2007,2007
"37149",2008,2008,2009
"37150",2009.5,2010.5,2010.75
"37151",2005,2005,2005
"37153",2008,2008,2008
"37160",2007.5,2007.5,2007.5
"37165",2007.25,2007.75,2008.75
"37166",2008,2008,2009
"37167",2007,2009.25,2009.25
"37171",2005,2005,2005
"37172",2006.5,2006.5,2006.5
"37174",2009.25,2009.5,2009.5
"37175",2006.5,2008.25,2008.75
"37178",2006.5,2006.5,2006.5
"37179",2009,2009.5,2009.5
"37180",2006.25,2007.5,2008
"37181",2009.5,2010,2010
"37183",2009.75,2009.75,2010
"37184",2009,2009,2009.75
"37185",2006.5,2008.75,2008.75
"37186",2007,2007,2007
"37187",2008,2009.5,2009.75
"37188",2007,2007,2007
"37189",2005.25,2005.25,2005.25
"37190",2006,2006,2008
"37191",2005.5,2005.5,2006.5
"37201",2005,2005,2005
"37203",2005,2005,2005
"37204",2005.5,2005.5,2005.5
"37205",2005.5,2005.5,2005.5
"37206",2005,2005,2005
"37207",2005,2005,2005
"37208",2005,2005,2005
"37209",2006.25,2006.25,2006.25
"37210",2005,2005,2005
"37211",2005.5,2005.5,2005.5
"37212",2005,2005,2005
"37213",2005,2005,2005
"37214",2005,2005,2005
"37215",2005.5,2005.5,2005.5
"37216",2005,2005,2005
"37217",2005.5,2005.75,2005.75
"37218",2006.25,2006.25,2006.25
"37219",2005,2005,2005
"37220",2005.5,2005.5,2005.5
"37221",2005.5,2005.5,2005.5
"37228",2005,2005,2005
"37240",2005,2005,2005
"37243",2005,2005,2005
"37246",2005,2005,2005
"37301",2007,2007,2011.5
"37302",2007.75,2007.75,2007.75
"37303",2006,2006.5,2006.5
"37305",2007,2007,2007
"37306",2007,2007,2008.5
"37307",2009.5,2009.5,2009.5
"37308",2008.25,2008.25,2008.25
"37309",2008.25,2009.25,2009.5
"37310",2005.5,2005.5,2009.25
"37311",2005.5,2005.5,2005.5
"37312",2005.5,2005.5,2005.5
"37313",2007,2007,2007
"37315",2006.75,2006.75,2006.75
"37317",2009.25,2009.25,2009.5
"37318",2005,2005,2005.25
"37321",2008.25,2009.5,2009.5
"37322",2006,2006,2006.5
"37323",2005.5,2005.5,2005.5
"37324",2006.5,2008.75,2008.75
"37325",2009.5,2010.25,2010.25
"37326",2012,2014.75,2014.75
"37327",2010,2010,2012
"37328",2006.25,2007.5,2009.5
"37329",2009.75,2010.25,2010.25
"37330",2006.5,2006.5,2006.5
"37331",2009.5,2010.25,2010.25
"37332",2009.5,2009.5,2009.5
"37333",2014.75,2016.25,2016.25
"37334",2009.25,2009.25,2009.25
"37335",2005,2006.75,2007
"37336",2005.5,2008.25,2009.5
"37337",2009.75,2009.75,2009.75
"37338",2008.25,2008.75,2009.5
"37339",2011.5,2011.5,2011.5
"37340",2005,2005,2005
"37341",2006.75,2008.75,2009.5
"37342",2008.75,2008.75,2008.75
"37343",2005,2005,2005
"37345",2010.75,2010.75,2011.25
"37347",2005,2006.75,2008
"37348",2006.75,2009.5,2010
"37350",2009.5,2009.5,2009.5
"37351",2005,2005,2005
"37352",2005.5,2009.75,2009.75
"37353",2006.75,2006.75,2006.75
"37354",2005,2005,2006.5
"37355",2007.25,2009.75,2009.75
"37356",2007,2007,2008.75
"37357",2008,2008,2009.75
"37359",2007,2009.75,2009.75
"37360",2010,2010,2010
"37361",2009.5,2009.5,2009.5
"37362",2009.5,2009.5,2009.5
"37363",2006.75,2006.75,2006.75
"37365",2011.5,2011.5,2011.5
"37366",2008.75,2008.75,2008.75
"37367",2009.5,2009.5,2012
"37369",2009.25,2009.25,2010.25
"37370",2005.25,2005.25,2005.25
"37373",2008.25,2008.25,2008.25
"37374",2007,2007,2008.75
"37375",2005,2005,2005
"37376",2008.75,2008.75,2012.75
"37377",2006,2006,2006
"37379",2006,2006,2006
"37380",2006.75,2008.25,2008.75
"37381",2005,2006,2006.75
"37385",2006.5,2006.5,2016
"37387",2007,2007,2007
"37388",2005.5,2005.5,2006.5
"37391",2012,2014.75,2014.75
"37394",2005,2007,2008
"37396",2005,2005,2005
"37397",2008,2009,2009
"37398",2005.25,2005.25,2005.5
"37402",2007.5,2009.5,2009.5
"37403",2005,2005,2005.25
"37404",2005.25,2005.25,2005.25
"37405",2006,2006,2006
"37406",2005,2005,2005
"37407",2005.25,2005.25,2005.25
"37408",2005.25,2005.25,2009.25
"37409",2009.5,2009.5,2009.5
"37410",2006.75,2009.5,2009.5
"37411",2005.25,2005.25,2005.25
"37412",2005.25,2005.25,2005.25
"37415",2005,2005,2005
"37416",2005,2005,2005
"37419",2009.25,2009.5,2009.5
"37421",2005.25,2005.25,2005.25
"37601",2005.25,2006,2006
"37604",2006.25,2009.75,2009.75
"37614",2009.75,2009.75,2009.75
"37615",2006.25,2006.25,2006.25
"37616",2006.25,2006.25,2006.25
"37617",2005.75,2005.75,2005.75
"37618",2006.75,2006.75,2006.75
"37620",2008,2008,2008
"37640",2008.5,2008.5,2008.5
"37641",2006.25,2009.5,2009.5
"37642",2005.25,2005.25,2005.75
"37643",2007.75,2007.75,2007.75
"37645",2008.25,2008.25,2008.25
"37650",2005.75,2006,2006
"37656",2005,2005,2005
"37657",2006,2006,2006.5
"37658",2007.75,2008.5,2009.5
"37659",2009.5,2009.75,2009.75
"37660",2005,2005.75,2008.25
"37663",2006.25,2006.25,2006.25
"37664",2005,2005.75,2005.75
"37665",2008.25,2008.25,2008.25
"37680",2010,2011.5,2011.5
"37681",2008,2009.5,2009.75
"37682",2005,2005,2005
"37683",2008.5,2008.75,2010
"37686",2006,2006,2006.25
"37687",2009,2009.25,2010
"37688",2006.75,2008,2008.5
"37690",2009.75,2009.75,2009.75
"37691",2008.75,2008.75,2008.75
"37692",2005,2005,2006.5
"37694",2006,2006,2006
"37701",2005.75,2005.75,2005.75
"37705",2008.75,2010,2010
"37708",2008.75,2009.5,2010
"37709",2008.25,2009.75,2012.75
"37710",2007.25,2008.5,2009.75
"37711",2006.25,2008,2009
"37713",2005,2005.75,2010
"37714",2005,2005.5,2005.75
"37715",2008.75,2009.5,2010.25
"37716",2005.25,2009.75,2009.75
"37719",2007.25,2007.25,2009.5
"37721",2008.25,2008.25,2008.25
"37722",2006.75,2009.25,2010
"37723",2006.5,2007.75,2009.25
"37724",2006.5,2006.5,2006.75
"37725",2006.25,2006.25,2006.25
"37726",2005.5,2005.5,2007.25
"37727",2010.25,2014.75,9999
"37729",2009.5,2010,2010.25
"37730",2009.5,2010,2010.25
"37731",2009.5,2010.5,2014.5
"37732",2005,2005,2005
"37733",2007.5,2009,2010.25
"37737",2005.5,2005.5,2005.5
"37738",2009.25,2009.75,2012.75
"37742",2007,2007,2007
"37743",2006.75,2006.75,2006.75
"37745",2006.25,2006.25,2006.25
"37748",2009.5,2009.5,2009.5
"37752",2006.75,2009.5,2010.25
"37753",2009.25,2010.25,2015.75
"37754",2005.25,2005.25,2005.25
"37755",2005,2005,2005.25
"37756",2005.25,2005.5,2009
"37757",2007,2009.25,2010
"37760",2006.25,2006.25,2006.25
"37762",2009.5,2010,2010.25
"37763",2009,2009,2009
"37764",2006.75,2008.25,2008.5
"37765",2005.5,2008.25,2010.5
"37766",2009.25,2009.5,2010
"37769",2005.5,2010,2010
"37770",2005.5,2007.25,2007.5
"37771",2005,2005,2005
"37772",2005,2005,2005
"37774",2006.75,2007.75,2009
"37777",2005.5,2005.5,2005.5
"37779",2008.25,2010,2012.75
"37801",2007,2007,2007
"37803",2007,2007,2008.75
"37804",2005.75,2005.75,2005.75
"37806",2008.25,2008.25,2008.25
"37807",2005,2005,2005
"37809",2005,2005.5,2008
"37810",2010,2010,2010
"37811",2005.75,2005.75,2005.75
"37813",2005.5,2005.75,2010
"37814",2005.5,2005.5,2005.5
"37818",2005,2006.25,2008.5
"37819",2009.5,2010,2010
"37820",2008.5,2008.5,2008.5
"37821",2005,2005,2005
"37825",2005,2005,2006.25
"37826",2006.5,2006.5,2006.5
"37828",2010,2010,2010
"37829",2007.75,2007.75,2007.75
"37830",2005,2005,2005
"37840",2007.25,2008.5,2009.75
"37841",2005.25,2005.25,2005.25
"37843",2008.5,2010,2010.5
"37845",2007.25,2007.25,2007.25
"37846",2006.75,2006.75,2006.75
"37847",2005.75,2007.75,2009
"37848",2002.25,2012.75,2012.75
"37849",2005.25,2005.25,2005.25
"37851",2005.75,2006.5,2006.5
"37852",2005,2005.5,2005.5
"37853",2005.75,2005.75,2005.75
"37854",2008,2009.75,2009.75
"37857",2005.75,2006.25,2008.5
"37860",2005.75,2005.75,2010
"37861",2005,2005,2006.25
"37862",2009.25,2009.25,2009.25
"37863",2009.25,2009.25,2009.25
"37865",2010.25,2010.25,2010.25
"37866",2005,2005,2007
"37869",2005.75,2006.75,2009.5
"37870",2006.5,2006.75,2009.5
"37871",2008.25,2008.25,2008.25
"37872",2005.5,2005.5,2005.5
"37873",2005.25,2005.25,2008.5
"37874",2006.75,2006.75,2009.5
"37876",2006.75,2006.75,2006.75
"37877",2005.5,2005.5,2005.5
"37878",2009.75,2009.75,2009.75
"37879",2006.25,2006.25,2006.5
"37880",2006.5,2006.5,2006.5
"37881",2005.75,2006.75,2008.25
"37882",2010.25,2011,2011
"37885",2009.5,2009.75,2012
"37886",2008.75,2008.75,2009.75
"37887",2007.25,2007.25,2007.25
"37888",2005,2005,2005
"37890",2005.5,2006.25,2006.25
"37891",2005.75,2005.75,2005.75
"37892",2005,2005.25,2009.5
"37902",2006.75,2006.75,2006.75
"37909",2006.5,2006.5,2006.5
"37912",2006.75,2008.25,2008.25
"37914",2008.25,2008.25,2008.25
"37915",2006.75,2006.75,2006.75
"37916",2006.75,2006.75,2006.75
"37917",2008.25,2008.25,2008.25
"37918",2008.25,2008.25,2008.25
"37919",2006.5,2006.75,2006.75
"37920",2006.75,2006.75,2006.75
"37921",2006.5,2006.5,2006.75
"37922",2005.5,2006.5,2006.5
"37923",2006.5,2006.5,2006.5
"37924",2008.25,2008.25,2008.25
"37931",2006.5,2006.5,2006.5
"37932",2005,2005,2006.5
"37934",2005.5,2006.5,2006.5
"37938",2008.25,2008.25,2008.25
"38001",2009.75,2010.25,2010.25
"38002",2005.5,2008,2008
"38004",2005.5,2005.5,2005.5
"38006",2008.25,2008.25,2008.25
"38007",2005.25,2005.25,2005.25
"38008",2009.75,2010.25,2010.5
"38011",2009,2009.75,2009.75
"38012",2008.25,2008.75,2008.75
"38015",2009.75,2009.75,2009.75
"38016",2008,2008,2008
"38017",2008.5,2009.75,2012
"38018",2006.5,2006.5,2006.5
"38019",2005.25,2005.25,2006
"38021",2007,2008.5,2010.25
"38023",2005.5,2008,2009.75
"38024",2005.25,2009.75,2009.75
"38028",2005.5,2005.5,2005.5
"38029",2008,2008,2008
"38030",2008,2010.75,2010.75
"38034",2009.75,2009.75,2009.75
"38036",2000,2000,2000
"38037",2009.75,2010.25,2010.5
"38039",2007.5,2007.5,2007.5
"38040",2010.25,2010.75,2010.75
"38041",2009,2009.75,2010.5
"38042",2007.5,2009.5,2010.25
"38044",2009.5,2009.75,2010
"38046",2007.5,2007.5,2007.5
"38047",2005.25,2005.25,2005.25
"38049",2009.75,2009.75,2009.75
"38050",2008.75,2009.25,2009.75
"38052",2005.75,2005.75,2005.75
"38053",2005.5,2005.5,2005.5
"38054",2000,2005.5,2005.5
"38057",2006.75,2007.5,2007.5
"38058",2009,2009.75,2009.75
"38059",2009.75,2009.75,2010.75
"38060",2008.75,2008.75,2008.75
"38061",2006.5,2008.75,2009.5
"38063",2009.75,2010.5,2010.75
"38066",2005.5,2006.75,2006.75
"38067",2005.75,2005.75,2006.75
"38068",2007.5,2007.5,2008.75
"38069",2007.5,2008.75,2008.75
"38070",2009.75,2009.75,2009.75
"38075",2008.75,2008.75,2010.25
"38076",2000,2006.5,2006.75
"38077",2010.75,2011.25,2011.25
"38079",2010.75,2011.25,2011.25
"38080",2005.25,2005.75,2006.5
"38103",2005.5,2005.5,2006.75
"38104",2005.5,2005.5,2005.5
"38105",2005.5,2005.5,2005.5
"38106",2005.5,2006.5,2006.5
"38107",2006.75,2006.75,2006.75
"38108",2006.75,2006.75,2006.75
"38109",2006.5,2006.5,2006.5
"38111",2005.5,2005.5,2005.5
"38112",2005.5,2005.5,2005.5
"38114",2005.5,2005.5,2005.5
"38115",2006.5,2006.5,2006.5
"38116",2005.5,2005.5,2005.5
"38117",2005.5,2005.5,2005.5
"38118",2005.5,2005.5,2005.5
"38119",2006.5,2006.5,2006.5
"38120",2006.5,2006.5,2006.5
"38122",2005.5,2006.75,2006.75
"38125",2006.5,2006.5,2006.5
"38126",2005.5,2005.5,2005.5
"38127",2006.75,2006.75,2006.75
"38128",2006.75,2006.75,2006.75
"38131",2005.5,2005.5,2005.5
"38132",2005.5,2005.5,2005.5
"38133",2008,2008,2008
"38134",2008,2008,2008
"38135",2008,2008,2008
"38138",2006.5,2006.5,2006.5
"38139",2006.5,2006.5,2006.5
"38141",2005.5,2006.5,2006.5
"38152",2005.5,2005.5,2005.5
"38201",2009.75,2010,2010
"38220",2007.75,2007.75,2009.5
"38221",2009.5,2009.5,2011.75
"38222",2008.75,2008.75,2008.75
"38224",2009.75,2009.75,2010.75
"38225",2009.75,2010.25,2010.75
"38226",2005.5,2005.5,2005.5
"38229",2009.75,2009.75,2009.75
"38230",2010,2010,2010
"38231",2008.5,2008.75,2009.75
"38232",2010.75,2011.25,2012.5
"38233",2009.75,2009.75,2009.75
"38235",2009.5,2009.5,2009.5
"38236",2008.75,2009.5,2009.5
"38237",2008.75,2008.75,2009.5
"38240",2008,2009.75,2010.75
"38241",2009.75,2009.75,2010.75
"38242",2008.75,2008.75,2009.5
"38251",2008.25,2008.75,2008.75
"38253",2008.75,2009.75,2009.75
"38254",2010.75,2011.25,2011.25
"38255",2010,2010,2010
"38256",2009.5,2009.5,2009.5
"38257",2008.75,2008.75,2009.5
"38258",2009.5,2009.75,2010
"38259",2009.75,2009.75,2010
"38260",2008.75,2010,2012.5
"38261",2008.75,2008.75,2009.75
"38301",2006,2007.75,2007.75
"38305",2005.25,2007.5,2007.75
"38310",2008.75,2008.75,2008.75
"38311",2010,2010,2010
"38313",2006,2006,2007.5
"38315",2006.5,2008.75,2009.75
"38316",2009.75,2009.75,2010
"38317",2008.5,2008.75,2009.5
"38318",2009.5,2010.25,2010.25
"38320",2008.75,2008.75,2008.75
"38321",2007.5,2007.5,2007.5
"38326",2006.25,2006.25,2007.75
"38327",2008.75,2009.75,2009.75
"38328",2006,2006,2008.75
"38329",2008.75,2009,2010
"38330",2009.75,2009.75,2009.75
"38332",2008.75,2009.75,2009.75
"38333",2008.75,2008.75,2008.75
"38334",2005.25,2006.5,2009.75
"38337",2008.5,2010.25,2010.25
"38339",2008.75,2009.5,2009.75
"38340",2009.75,2009.75,2009.75
"38341",2008.75,2008.75,2009.25
"38342",2008.5,2008.75,2009.75
"38343",2008.25,2008.5,2008.5
"38344",2009.5,2009.75,2010.25
"38345",2007.5,2009.25,2009.75
"38347",2009.75,2009.75,2009.75
"38348",2007.75,2008.5,2009.5
"38351",2008.75,2009.25,2009.75
"38352",2009.75,2009.75,2009.75
"38355",2009.75,2009.75,2009.75
"38356",2010,2010,2010.5
"38357",2008.75,2008.75,2008.75
"38358",2007.75,2007.75,2007.75
"38359",2008.75,2008.75,2008.75
"38361",2009.75,2010,2010
"38362",2006,2007.75,2009.75
"38363",2008.75,2008.75,2009.25
"38365",2006.25,2006.25,2006.25
"38366",2006,2006,2006
"38367",2007.75,2008.75,2009.5
"38368",2009.75,2009.75,2010
"38369",2009.75,2009.75,2009.75
"38370",2010,2010.25,2010.25
"38371",2008.75,2009.75,2009.75
"38372",2008.75,2009.75,2009.75
"38374",2008.75,2008.75,2008.75
"38375",2007,2008.75,2009.5
"38376",2008.75,2008.75,2008.75
"38379",2008.75,2008.75,2008.75
"38380",2008.75,2009,2009.25
"38381",2010,2010,2010
"38382",2007,2007,2007
"38387",2008.75,2009.25,2009.5
"38388",2008.75,2009.25,2009.25
"38390",2009.25,2009.25,2009.25
"38391",2010.25,2010.5,2010.5
"38392",2010,2010,2010.5
"38401",2009.25,2009.25,2009.25
"38425",2010,2010,2010
"38449",2006.25,2007.5,2009.25
"38450",2009.5,2010,2010
"38451",2009.25,2009.25,2009.25
"38452",2008.5,2008.75,2009.75
"38453",2006.75,2008,2009.25
"38454",2008.25,2008.25,2008.75
"38455",2006.25,2007.5,2009.25
"38456",2006,2008.75,2008.75
"38457",2005.25,2005.5,2005.5
"38459",2007.5,2009.25,2009.25
"38460",2009.75,2010,2010
"38461",2008.75,2008.75,2008.75
"38462",2008.75,2008.75,2009.25
"38463",2007.25,2008.75,2009.25
"38464",2008.75,2009.25,2009.25
"38468",2007,2007,2007
"38469",2005,2005.5,2005.5
"38471",2008.75,2009.5,2010
"38472",2006,2009.25,2009.25
"38473",2009.25,2010,2014
"38474",2006,2008,2008.75
"38475",2008.75,2008.75,2008.75
"38476",2006.75,2007.25,2008.25
"38477",2009.25,2009.75,2010
"38478",2009.25,2009.25,2009.25
"38481",2005,2005,2005.5
"38482",2009.5,2009.5,2009.5
"38483",2008.75,2008.75,2009.25
"38485",2008.75,2009.25,2010
"38486",2009.25,2009.25,2009.5
"38487",2008.25,2008.25,2008.75
"38488",2009.75,2010.75,2011.25
"38501",2006,2006.25,2009.5
"38504",2007.25,2007.5,2009
"38505",2006,2006,2006
"38506",2006,2006.25,2006.25
"38541",2009.5,2009.75,2010.5
"38542",2010,2010.25,2012.25
"38543",2007.5,2007.5,2009.75
"38544",2009.5,2009.5,2009.5
"38545",2009,2009,2009
"38547",2010,2010,2010
"38548",2009.25,2009.25,2009.25
"38549",2007.75,2007.75,2007.75
"38551",2009.5,2009.5,2009.5
"38552",2005,2009.25,2009.25
"38553",2007.5,2007.5,2007.5
"38554",2010,2010.25,2012.25
"38555",2005.75,2008.5,2009.5
"38556",2007.75,2010.25,2010.25
"38558",2005.75,2006.25,2006.5
"38559",2009.5,2010.75,2011.5
"38560",2005,2005,2009.25
"38562",2009,2009,2009
"38563",2010,2010,2010
"38564",2009,2009,2009
"38565",2007.5,2007.5,2007.5
"38567",2009.25,2009.25,2009.25
"38568",2009.75,2010,2010
"38569",2009,2009.25,2009.25
"38570",2007.75,2007.75,2009
"38571",2005.75,2007.25,2007.75
"38572",2006.25,2006.25,2008.75
"38573",2007.75,2007.75,2009.5
"38574",2006.25,2006.25,2007.75
"38575",2010.75,2014.25,2014.25
"38577",2007.75,2007.75,2007.75
"38578",2005,2005,2005
"38579",2010.75,2011.5,2011.5
"38580",2009.75,2009.75,2009.75
"38581",2009.5,2009.5,2009.5
"38582",2009.25,2009.25,2009.5
"38583",2008,2009,2009.75
"38585",2009.5,2012,2012
"38587",2009.5,2009.5,2009.5
"38588",2009,2009.5,2010
"38589",2009.75,2010,2010.25
"38601",2006.75,2006.75,2006.75
"38603",2010.5,2010.5,2010.5
"38606",2006.25,2006.25,2006.25
"38610",2005.5,2005.5,2006.5
"38611",2005.5,2005.5,2005.5
"38614",2008.25,2008.5,2010
"38617",2005.25,2005.25,2005.25
"38618",2006,2006,2006.25
"38619",2008.5,2009.75,2010.75
"38620",2006.25,2006.25,2006.25
"38621",2009.75,2009.75,2009.75
"38622",2006.25,2006.25,2006.25
"38623",2006.25,2006.25,2006.25
"38625",2005.5,2006.5,2006.5
"38626",2006.25,2007.5,2008.5
"38627",2006.75,2008.25,2010.5
"38629",2008.75,2010.5,2010.5
"38630",2010.75,2010.75,2010.75
"38631",2006,2006,2006
"38632",2005,2005,2006.25
"38633",2006.75,2008,2008
"38635",2006.5,2007.25,2007.25
"38637",2005,2005,2005
"38639",2005.25,2006.25,2006.25
"38641",2009.75,2009.75,2009.75
"38642",2010,2010,2010.5
"38643",2006.25,2008.5,2009.75
"38644",2006.75,2008.5,2008.5
"38645",2008.5,2008.5,2008.5
"38646",2006.25,2006.25,2008.25
"38647",2010.5,2010.5,2010.5
"38650",2006.25,2006.25,2006.25
"38651",2005,2005,2005
"38652",2006.25,2006.25,2006.25
"38654",2005.5,2005.5,2005.5
"38655",2006.25,2006.25,2006.25
"38658",2006.25,2006.25,2006.25
"38659",2008,2008,2008
"38661",2005.5,2005.5,2005.5
"38663",2006.5,2006.5,2006.5
"38664",2005.25,2005.25,2005.25
"38665",2005.5,2005.5,2007.5
"38666",2007.5,2008.75,2008.75
"38668",2006,2007.25,2008.75
"38670",2006.25,2006.25,2006.75
"38671",2005,2005,2005
"38672",2005,2005,2005
"38673",2005.5,2005.5,2005.5
"38674",2008.75,2009.5,2009.5
"38676",2005.5,2005.5,2005.5
"38677",2006.25,2006.25,2006.25
"38680",2009.75,2009.75,2009.75
"38683",2009.5,2009.75,2010.5
"38685",2007,2008,2009
"38701",2005.25,2005.25,2006
"38702",2007,2008.25,2008.25
"38703",2006,2007,2008.25
"38704",2007,2010,2010.75
"38720",2010,2010.75,2010.75
"38721",2010.75,2010.75,2010.75
"38722",2006,2006,2008.25
"38723",2005.25,2006,2006
"38725",2005.75,2005.75,2005.75
"38726",2005.75,2005.75,2006.75
"38730",2005.25,2005.5,2005.5
"38731",2007,2010,2010.75
"38732",2005.25,2005.25,2005.5
"38736",2005.5,2005.5,2005.5
"38737",2008.25,2008.5,2008.5
"38738",2007.75,2008.25,2009.75
"38740",2006.25,2008.5,2010.75
"38744",2010,2010.25,2010.75
"38745",2010.75,2010.75,2010.75
"38746",2006.25,2006.25,2006.25
"38748",2006,2006,2007.75
"38749",2005.5,2005.5,2005.5
"38751",2005.5,2005.5,2005.5
"38753",2005,2005.25,2005.25
"38754",2006,2006,2006
"38756",2005.25,2005.5,2005.5
"38759",2005.25,2005.75,2007.75
"38760",2008.25,2008.25,2009.25
"38761",2005.5,2006,2006.25
"38762",2005.5,2006.25,2006.25
"38764",2009.5,2009.75,2009.75
"38765",2010.75,2010.75,2010.75
"38767",2008.5,2010.75,2010.75
"38768",2007.75,2008.25,2009.75
"38769",2006.75,2009.5,2009.5
"38771",2007.75,2008.5,2008.5
"38772",2005.75,2006,2007
"38773",2005.25,2005.5,2005.5
"38774",2006.25,2006.25,2006.25
"38778",2005.5,2005.5,2005.5
"38781",2005.5,2005.5,2006
"38801",2005.25,2005.25,2005.25
"38804",2006,2006.25,2006.25
"38821",2005.25,2005.25,2006.25
"38824",2006.5,2006.5,2006.5
"38826",2006,2006,2006
"38827",2006.25,2006.25,2006.75
"38828",2006,2006.25,2006.25
"38829",2005.75,2005.75,2006.25
"38833",2006.25,2006.25,2006.5
"38834",2006.25,2006.25,2006.25
"38838",2006.25,2006.25,2006.5
"38841",2007,2007,2007.5
"38843",2006,2006.25,2006.25
"38844",2007.5,2007.5,2009.25
"38846",2006,2006.25,2006.25
"38847",2006.25,2006.25,2006.75
"38848",2007.5,2007.5,2009.25
"38849",2006.25,2006.5,2006.5
"38850",2007.5,2008.75,2010.25
"38851",2005.75,2005.75,2005.75
"38852",2007.5,2007.75,2007.75
"38855",2006,2006.25,2006.25
"38856",2006.5,2006.5,2006.5
"38857",2006.25,2006.25,2008.75
"38858",2006.25,2008.75,2009.25
"38859",2006.5,2006.5,2006.5
"38860",2005.25,2006.25,2010.5
"38862",2008.75,2008.75,2008.75
"38863",2005.5,2005.5,2006.5
"38864",2006.5,2006.5,2006.5
"38865",2006.75,2006.75,2006.75
"38866",2006,2006,2006.25
"38868",2005.25,2005.25,2005.25
"38869",2006,2006,2006
"38870",2005.25,2005.5,2007.5
"38871",2007.5,2009.75,2012.5
"38873",2006.25,2006.25,2006.25
"38876",2006.25,2006.75,2009.75
"38878",2005.75,2005.75,2005.75
"38879",2005.25,2005.25,2005.25
"38901",2005,2005.5,2005.75
"38913",2005.75,2006.25,2006.5
"38914",2006.5,2006.75,2008.75
"38915",2006.5,2006.5,2006.5
"38916",2005.75,2005.75,2005.75
"38917",2007,2007,2008
"38920",2008.25,2009.75,2010
"38921",2009.75,2009.75,2009.75
"38922",2005.75,2006.25,2008.75
"38923",2008.25,2010.75,2011.75
"38924",2006.5,2007,2008.75
"38925",2006.25,2006.25,2006.25
"38927",2008.75,2009.75,2009.75
"38928",2008.25,2008.5,2008.5
"38929",2005.75,2005.75,2006.5
"38930",2007.25,2007.25,2007.75
"38940",2006.25,2007,2007.25
"38941",2008,2008.5,2010
"38943",2008.25,2010.5,2010.5
"38944",2008.5,2008.5,2008.5
"38945",2007.25,2007.25,2007.25
"38946",2005.25,2007,2008
"38947",2008.25,2008.25,2010.5
"38948",2009.75,2009.75,2009.75
"38949",2005.75,2005.75,2005.75
"38950",2007.25,2007.25,2008.5
"38951",2005.5,2006.5,2006.5
"38952",2008.5,2008.5,2008.5
"38953",2008.75,2008.75,2009.75
"38954",2006.25,2008,2008.75
"38957",2008.25,2008.25,2008.25
"38958",2005,2005.25,2005.25
"38961",2008.75,2008.75,2008.75
"38962",2009.75,2010,2010
"38963",2006,2006,2007.75
"38964",2006,2006,2006
"38965",2005.75,2006.25,2006.25
"38966",2008.25,2008.25,2008.25
"38967",2008,2008.25,2010.5
"39038",2006,2006.25,2006.25
"39039",2009,2009,2009
"39040",2010.25,2010.25,2010.25
"39041",2006.75,2007.25,2008.25
"39042",2005.25,2005.25,2005.25
"39044",2005.75,2007.25,2007.5
"39045",2010.25,2010.25,2010.25
"39046",2005.75,2005.75,2006
"39047",2005.5,2006,2006
"39051",2009.25,2010.25,2010.25
"39054",2010.75,2010.75,2012.5
"39056",2007.25,2007.25,2007.25
"39057",2005.5,2005.75,2006.25
"39059",2005.75,2005.75,2006.25
"39061",2010.75,2010.75,2010.75
"39062",2005.25,2005.25,2005.25
"39063",2006.25,2006.25,2006.25
"39066",2006.25,2006.25,2006.25
"39067",2008,2008,2008
"39069",2007.5,2007.5,2009
"39071",2008.25,2008.25,2009.5
"39073",2006.5,2006.5,2006.5
"39074",2006.25,2006.25,2006.25
"39078",2006.75,2006.75,2006.75
"39079",2008.5,2008.5,2008.5
"39082",2006.75,2006.75,2006.75
"39083",2006,2006.25,2006.25
"39086",2006.75,2007,2007
"39088",2010.5,2010.75,2011.5
"39090",2007.75,2008,2008
"39092",2006,2006,2006.25
"39094",2006.75,2009.25,2009.25
"39095",2006.25,2007.75,2009.75
"39096",2009,2009.25,2010.25
"39097",2007.75,2009.75,2010.75
"39108",2008,2008,2008
"39110",2005.25,2005.25,2005.25
"39111",2005.25,2005.5,2005.5
"39113",2010.75,2010.75,2010.75
"39114",2005.5,2005.5,2005.5
"39115",2006.25,2006.25,2006.25
"39116",2005.25,2005.25,2005.25
"39117",2006.25,2006.25,2006.75
"39119",2005.5,2005.5,2005.5
"39120",2007.75,2008,2009.25
"39140",2005.75,2006.75,2007.5
"39144",2006.5,2006.75,2009
"39145",2006.75,2006.75,2006.75
"39146",2008.5,2008.5,2008.5
"39149",2007.5,2007.5,2007.5
"39150",2008.75,2008.75,2008.75
"39152",2006,2006,2006.25
"39153",2006.25,2007.75,2009
"39154",2006.75,2006.75,2007
"39156",2007,2009.75,2009.75
"39157",2005.25,2005.25,2005.25
"39159",2010.75,2010.75,2010.75
"39160",2007.25,2007.5,2008.5
"39162",2007,2007,2010
"39166",2006.25,2006.25,2006.25
"39167",2007,2007.25,2007.75
"39168",2005.5,2005.5,2006.75
"39169",2006.25,2006.5,2006.5
"39170",2005.5,2006.5,2006.75
"39174",2005.25,2005.25,2005.5
"39175",2005.25,2005.5,2006.25
"39176",2008,2008.25,2010.5
"39177",2010.5,2010.5,2010.5
"39179",2008.5,2009,2009
"39180",2005.25,2005.5,2005.5
"39183",2007,2007,2007
"39189",2006,2006.25,2006.25
"39191",2006.25,2006.25,2006.25
"39192",2007.25,2008,2008.75
"39193",2005.25,2005.25,2005.25
"39194",2009,2009.75,2010.5
"39201",2005.5,2005.5,2005.5
"39202",2005.5,2005.5,2005.5
"39203",2005.5,2005.5,2005.5
"39204",2005.5,2005.5,2006.5
"39206",2005.5,2005.5,2005.5
"39208",2005.25,2005.5,2005.5
"39209",2007.25,2008.25,2008.25
"39211",2005.5,2005.5,2005.5
"39212",2006.5,2006.75,2006.75
"39213",2005.5,2005.5,2005.5
"39216",2005.5,2005.5,2005.5
"39217",2005.5,2005.5,2005.5
"39218",2006.5,2006.5,2006.5
"39232",2005.25,2005.5,2005.5
"39269",2005.5,2005.5,2005.5
"39272",2006.5,2006.75,2006.75
"39301",2007,2007,2007
"39305",2005.5,2005.75,2005.75
"39307",2007,2007,2007
"39309",2009,2009,2009
"39320",2005.5,2005.5,2005.5
"39322",2006,2006.5,2006.5
"39323",2007,2010,2010
"39325",2005.5,2005.5,2005.5
"39326",2009,2009,2009
"39327",2005.75,2005.75,2005.75
"39328",2007.5,2007.75,2009
"39330",2006.5,2006.5,2007
"39332",2008.75,2010,2010
"39335",2009,2009.75,2009.75
"39336",2006,2006.25,2009.75
"39337",2006.5,2008.25,2010
"39338",2005.25,2005.25,2006.75
"39339",2006.25,2006.75,2007.75
"39341",2007.75,2009.75,2010.5
"39342",2001.25,2005.75,2005.75
"39345",2009.75,2009.75,2009.75
"39346",2006.25,2007,2008.5
"39347",2006.5,2008.75,2008.75
"39348",2006.75,2006.75,2009.75
"39350",2005.5,2006.25,2006.75
"39352",2007.75,2009,2009.75
"39354",2010.25,2011.25,2011.5
"39355",2010.25,2010.75,2011.25
"39356",2008.75,2008.75,2008.75
"39358",2009.75,2010.5,2011.5
"39359",2005.5,2005.5,2005.5
"39360",2006.5,2007.5,2007.5
"39361",2010.5,2010.75,2011.5
"39362",2008.75,2009.25,2010
"39363",2006.5,2006.5,2006.5
"39364",2007,2007,2009.75
"39365",2005.5,2005.75,2006.25
"39366",2007.5,2008,2008
"39367",2006.5,2006.75,2010.25
"39401",2005.5,2005.75,2005.75
"39402",2005.75,2005.75,2007.25
"39406",2005.75,2005.75,2005.75
"39421",2005.5,2005.5,2006.5
"39422",2005.75,2005.75,2006.75
"39423",2006,2006,2006.5
"39425",2007,2007,2008.5
"39426",2006.75,2007,2007
"39427",2006.75,2006.75,2006.75
"39428",2006.75,2006.75,2007
"39429",2006.5,2006.75,2006.75
"39437",2006,2006.75,2007.75
"39439",2006.75,2007.5,2008
"39440",2006.75,2006.75,2006.75
"39443",2006.75,2006.75,2006.75
"39451",2008.75,2008.75,2008.75
"39452",2007.5,2009.5,2009.75
"39455",2006.75,2008,2008
"39456",2007.5,2008.75,2010
"39459",2005.5,2005.5,2005.5
"39461",2006.5,2008.5,2008.75
"39462",2005.75,2006.5,2010
"39464",2008,2010,2010
"39465",2006.5,2006.5,2006.5
"39466",2006.75,2007,2007
"39470",2009.5,2009.5,2009.75
"39474",2005.5,2005.75,2007.75
"39475",2006,2006,2007.25
"39476",2006.75,2010,2010
"39477",2006.75,2006.75,2006.75
"39478",2009.25,2009.25,2009.25
"39479",2005.75,2005.75,2007.75
"39480",2005.5,2005.5,2005.5
"39481",2005.75,2005.75,2006.75
"39482",2006.5,2007.25,2007.25
"39483",2006,2006,2006
"39501",2006,2006,2006
"39503",2005.5,2006,2006
"39507",2005.5,2005.5,2005.5
"39520",2008.75,2008.75,2008.75
"39525",2009.75,2009.75,2009.75
"39530",2007.75,2007.75,2007.75
"39531",2005.5,2005.5,2005.5
"39532",2005.5,2005.75,2005.75
"39534",2005.5,2005.5,2005.5
"39540",2007.75,2007.75,2007.75
"39553",2009.25,2009.25,2009.25
"39556",2006.5,2008.5,2009.75
"39560",2006,2006,2006
"39561",2008.75,2008.75,2008.75
"39562",2006.5,2006.5,2006.5
"39563",2005.25,2005.25,2005.25
"39564",2007.75,2007.75,2009.25
"39565",2009.25,2009.5,2010.75
"39567",2005.25,2005.25,2013
"39571",2008.75,2009.75,2009.75
"39572",2005.75,2005.75,2005.75
"39573",2005.75,2006.75,2008
"39574",2005.25,2005.25,2005.75
"39576",2008.75,2008.75,2008.75
"39577",2007,2009,2010
"39581",2005.25,2005.25,2005.25
"39601",2005.75,2005.75,2006.25
"39629",2006,2006,2006
"39630",2010,2010,2010
"39631",2006.25,2008,2008
"39633",2009.25,2009.5,2012.5
"39635",2006.25,2006.25,2006.25
"39638",2008,2008,2008
"39641",2005.75,2006,2006
"39643",2006,2006,2006
"39645",2007,2009.25,2009.25
"39647",2006.25,2006.25,2008.75
"39648",2006,2006,2006.25
"39652",2006.25,2006.25,2006.25
"39653",2008.75,2009,2010
"39654",2006.75,2007.75,2009.25
"39656",2006.75,2006.75,2007.75
"39657",2006.25,2007,2007
"39661",2008.75,2008.75,2008.75
"39662",2005.75,2007.25,2007.25
"39663",2007.75,2007.75,2007.75
"39664",2007,2007,2007
"39665",2006,2006,2006
"39666",2006,2006.25,2007
"39667",2005.5,2005.5,2006
"39668",2006.25,2008.75,2009
"39669",2009.5,2012.25,2014.5
"39701",2006.5,2006.5,2006.5
"39702",2006.5,2006.5,2006.5
"39705",2006.5,2009.75,2010.75
"39730",2009.25,2010.5,2010.5
"39735",2006.5,2006.5,2008.25
"39736",2008,2008,2008
"39737",2006.75,2006.75,2006.75
"39739",2006.25,2006.5,2006.5
"39740",2007.5,2009.25,2010.5
"39741",2006,2006.75,2008.75
"39743",2006.25,2006.25,2006.25
"39744",2006.75,2006.75,2006.75
"39745",2010,2010,2010
"39746",2006.25,2006.25,2006.25
"39747",2008,2009,2010
"39750",2006.5,2007,2007.25
"39751",2006,2006.25,2007.25
"39752",2006.5,2006.5,2006.5
"39755",2006,2006,2006
"39756",2010,2010,2010
"39759",2006.5,2008,2008
"39760",2008,2008,2008
"39762",2008,2008,2008
"39766",2005.75,2006.5,2011
"39767",2009,2010,2010
"39769",2006.5,2008,2008.25
"39771",2006.75,2006.75,2006.75
"39772",2005.5,2005.5,2008
"39773",2007.75,2007.75,2008
"39776",2005.75,2005.75,2005.75
"39813",2010,2010.75,2010.75
"39815",2005,2005,2005
"39817",2006.25,2006.5,2007.25
"39819",2005,2006.25,2006.25
"39823",2007,2007,2008.75
"39824",2007,2010.75,2010.75
"39825",2007.25,2007.25,2007.25
"39826",2005.75,2005.75,2006
"39827",2005.5,2005.5,2005.5
"39828",2005.25,2006.5,2006.5
"39834",2006.5,2007.25,2007.25
"39836",2006.75,2007,2007.25
"39837",2008.75,2008.75,2008.75
"39840",2006.5,2006.5,2006.75
"39841",2010.5,2010.75,2010.75
"39842",2006,2006.5,2006.75
"39845",2007.25,2007.25,2007.5
"39846",2007,2010.75,2010.75
"39851",2006,2006.5,2007.75
"39854",2006.25,2006.5,2007
"39859",2008.25,2008.25,2008.5
"39861",2007,2008.75,2008.75
"39862",2006.5,2007,2009.75
"39866",2006.5,2006.5,2006.5
"39867",2007.25,2009.5,2010.5
"39870",2009,2009,2009
"39877",2006.75,2006.75,2006.75
"39885",2005,2005,2005
"39886",2006.75,2006.75,2007
"39897",2006.5,2006.5,2006.5
"40003",2009.75,2009.75,2009.75
"40004",2006.75,2008.75,2008.75
"40006",2009.25,2009.75,2009.75
"40007",2007.25,2007.5,2009.75
"40008",2008,2008.75,2008.75
"40009",2008.5,2012,2013
"40010",2007,2007,2007
"40011",2007.5,2008.25,2009.75
"40012",2008,2008.75,2010.5
"40013",2006.25,2007.25,2007.25
"40014",2007,2007,2007
"40019",2006.5,2007.5,2009.75
"40020",2007.25,2008.75,2008.75
"40022",2008,2008.5,2010
"40023",2008,2008.5,2009
"40025",2006.75,2006.75,2006.75
"40026",2007,2007,2007
"40031",2006.5,2006.5,2006.5
"40033",2008.25,2009.75,2011.25
"40036",2007.5,2008.75,2009.75
"40037",2006.75,2007.75,2008.75
"40040",2006.75,2007.5,2008.5
"40041",2006.75,2006.75,2006.75
"40045",2007,2009,2009.25
"40046",2007.25,2007.5,2009.5
"40047",2007.25,2007.25,2007.25
"40048",2007.25,2008.75,2008.75
"40049",2006.75,2006.75,2006.75
"40050",2009.75,2009.75,2009.75
"40051",2009.75,2009.75,2011.5
"40052",2011.5,2011.5,2011.5
"40055",2006.5,2006.5,2006.5
"40056",2007,2007,2007
"40057",2007.5,2009.75,2009.75
"40058",2009.75,2009.75,2009.75
"40059",2007,2007,2007
"40060",2008.5,2009.25,2011.25
"40062",2008,2008.75,2009.75
"40063",2008,2008.75,2009.75
"40065",2005.5,2007.25,2007.25
"40067",2008,2008.5,2008.75
"40068",2006.5,2006.5,2007.25
"40069",2006.75,2007.5,2008
"40070",2007.5,2009.75,2009.75
"40071",2010.5,2010.5,2010.5
"40075",2007.5,2007.5,2007.5
"40076",2007.25,2007.25,2007.25
"40077",2007,2007,2007
"40078",2008.75,2008.75,2010.5
"40104",2008.5,2008.5,2014.75
"40107",2009.75,2009.75,2009.75
"40108",2009.75,2009.75,2009.75
"40109",2006,2006,2006
"40110",2006.25,2006.25,2007.5
"40111",2005.25,2014.75,2014.75
"40115",2009.25,2009.75,2009.75
"40117",2009.75,2009.75,2009.75
"40118",2006,2006,2006
"40119",2010,2010,2012.75
"40121",2008,2008.5,2009.25
"40140",2009.75,2009.75,2009.75
"40142",2009.75,2009.75,2009.75
"40143",2008,2009.25,2010.5
"40144",2009.75,2009.75,2009.75
"40145",2008.75,2008.75,2008.75
"40146",2009.75,2009.75,2009.75
"40150",2007.5,2007.5,2007.5
"40152",2006.75,2006.75,2007.5
"40155",2008,2008.25,2008.75
"40157",2007.75,2008.5,2014.75
"40160",2007.25,2007.25,2007.25
"40161",2008.5,2008.5,2014.75
"40162",2007.25,2008,2008.75
"40165",2006.25,2006.25,2007.25
"40170",2009.25,2009.25,2014.75
"40171",2009.25,2009.25,2014.75
"40175",2008.75,2008.75,2009.75
"40176",2008.5,2008.5,2010.5
"40177",2009.75,2010.75,2013.5
"40178",2008.75,2008.75,2008.75
"40202",2006.75,2006.75,2006.75
"40203",2006,2006,2006.75
"40204",2006,2006,2006
"40205",2006,2006,2006
"40206",2006.75,2006.75,2006.75
"40207",2006.75,2006.75,2006.75
"40208",2006,2006,2006
"40209",2006,2006,2006
"40210",2006,2006,2006
"40211",2006,2007.75,2007.75
"40212",2006.75,2006.75,2006.75
"40213",2006,2006,2006
"40214",2006,2006,2006
"40215",2006,2006,2006
"40216",2007.75,2007.75,2007.75
"40217",2006,2006,2006
"40218",2006,2006,2006
"40219",2006,2006,2006
"40220",2005,2005,2006.5
"40222",2006.75,2006.75,2007
"40223",2007,2007,2007
"40228",2005,2006,2006.5
"40229",2006,2006,2007
"40231",2006,2006,2006
"40241",2007,2007,2007
"40242",2007,2007,2007
"40243",2005,2006.5,2006.5
"40245",2007,2007,2007
"40258",2007.75,2007.75,2007.75
"40272",2007.75,2008.5,2009.75
"40280",2006,2006,2006
"40291",2005,2006.5,2006.5
"40299",2005,2006.5,2006.5
"40310",2008.5,2008.5,2008.5
"40311",2005.5,2005.5,2007.5
"40312",2006,2007.5,2008.25
"40313",2008.75,2009.25,2010.5
"40316",2006.75,2007.5,2008.75
"40322",2006.75,2007.5,2008.75
"40324",2007.5,2009.75,2009.75
"40328",2008.75,2011,2012.75
"40330",2006.75,2007.5,2008.5
"40334",2008.75,2009.25,2010.5
"40336",2007.5,2008.25,2008.5
"40337",2005.25,2006.5,2006.5
"40339",2007,2007,2007
"40342",2007.25,2008.75,2009.5
"40346",2006.5,2007.5,2008.25
"40347",2006,2007.25,2007.5
"40348",2005.5,2005.5,2005.5
"40350",2008.75,2009,2010.5
"40351",2008.75,2009.25,2010.5
"40353",2007,2007,2007.75
"40356",2006.75,2007,2007
"40358",2009,2009.25,2010.5
"40359",2009.75,2010,2010
"40360",2009,2009,2009.25
"40361",2007.5,2008,2008.75
"40363",2010,2010.5,2010.5
"40370",2007,2007.5,2007.5
"40371",2008.25,2008.75,2009
"40372",2006,2006,2006.75
"40374",2008.75,2008.75,2008.75
"40376",2008.25,2011.25,2012
"40379",2009.75,2009.75,2009.75
"40380",2007.5,2011.25,2012
"40383",2006,2006,2007
"40385",2007.5,2008.25,2008.25
"40387",2008.75,2010.25,2010.5
"40390",2004,2005.5,2005.5
"40391",2007,2007,2007
"40402",2006.5,2006.5,2006.5
"40403",2005.75,2007.5,2007.75
"40404",2007.5,2007.5,2007.75
"40409",2005.75,2005.75,2006
"40419",2005.75,2006,2007
"40422",2007.5,2008.5,2008.5
"40434",2006.5,2006.5,2006.5
"40437",2007.75,2008.75,2009.25
"40440",2007.75,2008.75,2009
"40442",2007.5,2007.5,2008
"40444",2007,2007,2007
"40445",2009.25,2009.25,2013
"40447",2007.5,2009.25,2012.5
"40448",2007.5,2007.75,2008.75
"40456",2005.75,2007.5,2008
"40460",2006.5,2008,2010
"40461",2005.75,2006.5,2007.5
"40464",2007.75,2009,2009
"40468",2006.75,2007.75,2008.75
"40472",2007.5,2008.5,2012.25
"40475",2005.5,2005.5,2006.5
"40481",2008,2009.25,2015.75
"40484",2007.5,2007.5,2008.5
"40486",2009,2012.5,2012.5
"40489",2007.5,2007.5,2007.5
"40502",2006.75,2006.75,2006.75
"40503",2006.75,2006.75,2006.75
"40504",2006.75,2006.75,2006.75
"40505",2006.75,2007.5,2007.5
"40506",2006.75,2006.75,2006.75
"40507",2006.75,2006.75,2006.75
"40508",2006.75,2006.75,2006.75
"40509",2006.75,2006.75,2007
"40510",2007,2007.25,2007.5
"40511",2007.5,2007.5,2007.5
"40513",2007,2007,2007
"40514",2006.75,2007,2007
"40515",2006.75,2006.75,2007
"40516",2007.5,2007.5,2007.5
"40517",2006.75,2006.75,2006.75
"40601",2007.25,2007.25,2008.75
"40604",2006,2006,2006
"40701",2007.75,2009.25,2009.25
"40729",2009.25,2009.25,2009.25
"40734",2005.25,2005.25,2005.75
"40737",2009.25,2009.25,2009.25
"40740",2006.25,2006.25,2006.25
"40741",2006.5,2007.5,2007.5
"40743",2007.5,2007.5,2007.5
"40744",2006.25,2006.25,2007.5
"40759",2007.5,2007.75,2008.5
"40763",2005.75,2006.5,2007.5
"40769",2009,2009.5,2010
"40771",2006.5,2006.75,2007.5
"40801",2008.75,2010.25,2011.5
"40806",2008.75,2010.25,2011.5
"40807",2008.5,2010.25,2013.5
"40808",2010,2010.5,2011.75
"40810",2010,2011,2011.5
"40813",2010.25,2010.25,2010.5
"40815",2010.5,2010.5,2013.5
"40816",2010.25,2010.5,2011.75
"40818",2010.25,2011.25,2013.75
"40819",2010.25,2011,2011
"40820",2010.5,2010.5,2010.5
"40823",2010.25,2011.75,2013.5
"40824",2010.5,2011.25,2013.75
"40826",2010.5,2010.5,2010.75
"40827",2007.5,2010,2010.5
"40828",2008.75,2011.5,2013.5
"40829",2010.5,2013.75,2013.75
"40830",2010.5,2013.75,2013.75
"40831",2010.25,2011,2013.75
"40840",2011,2013.5,2013.5
"40843",2010.75,2011.75,2013.5
"40844",2010.25,2010.5,2011.75
"40845",2010.25,2011,2011
"40847",2008.75,2011.75,2013.5
"40849",2008.75,2011.75,2013.5
"40854",2008.75,2010.25,2011.5
"40855",2010.5,2011.75,2013.5
"40856",2010.25,2010.25,2011
"40858",2010.5,2011,2011
"40862",2008.5,2010.25,2013.5
"40863",2010.25,2011,2011
"40865",2008.75,2010.5,2011.5
"40868",2007.5,2010,2010.5
"40870",2008.75,2011.75,2013.5
"40873",2011,2011,2013.75
"40874",2010.75,2011,2013.5
"40902",2010.25,2010.5,2013.5
"40903",2006.5,2007.5,2007.5
"40906",2005.75,2006.5,2007.5
"40913",2011,2011,2013.5
"40914",2009.75,2010.75,2013
"40915",2005.75,2005.75,2005.75
"40921",2006.5,2007.5,2007.5
"40923",2005.75,2005.75,2005.75
"40927",2011,2011.75,2013.5
"40935",2005.75,2009.25,2010.25
"40939",2010.25,2010.25,2010.5
"40940",2005.75,2006.5,2009
"40941",2005,2005.25,2006.25
"40943",2005.75,2005.75,2005.75
"40946",2005.75,2005.75,2005.75
"40949",2005.75,2005.75,2005.75
"40953",2005.75,2005.75,2005.75
"40958",2010.25,2010.25,2010.5
"40962",2007.5,2009,2010.5
"40964",2010.5,2013.75,2013.75
"40965",2006.5,2006.5,2006.75
"40972",2010.5,2011.75,2012.25
"40977",2006.75,2009.5,2010.25
"40979",2007.5,2010,2010.5
"40982",2009.25,2010.25,2015.75
"40983",2011.75,2012.5,2012.5
"40988",2011,2011,2013.5
"40995",2006.5,2007.5,2007.5
"40997",2009.5,2010.25,2013.5
"41001",2007,2007,2009.5
"41002",2005.75,2005.75,2006
"41003",2007.5,2007.5,2007.5
"41004",2005.5,2006,2007.5
"41005",2007.75,2007.75,2007.75
"41006",2007.5,2009.5,2009.5
"41007",2005,2005,2007
"41008",2007.5,2007.5,2007.5
"41010",2007.5,2007.5,2007.5
"41011",2005,2005,2005
"41014",2005,2005,2005
"41015",2005,2005,2005
"41016",2005,2005,2005
"41017",2005,2005,2005
"41018",2005,2005,2005
"41030",2005.75,2005.75,2005.75
"41031",2006,2006,2007
"41033",2007.5,2007.5,2007.5
"41034",2005.25,2005.25,2005.75
"41035",2007,2007,2007.5
"41039",2009,2010.5,2010.75
"41040",2007.5,2007.5,2007.5
"41041",2008.75,2008.75,2008.75
"41042",2005,2005,2007.75
"41043",2005,2005.5,2007
"41044",2005.5,2005.5,2005.75
"41045",2008.5,2008.5,2008.5
"41046",2008.5,2010.5,2012
"41048",2005.75,2005.75,2005.75
"41049",2008.75,2009,2009
"41051",2005,2005,2005
"41052",2008.5,2010.5,2012
"41055",2005.25,2005.75,2007.5
"41056",2006,2006.5,2008.75
"41059",2005,2005,2005
"41062",2005.25,2005.25,2005.5
"41063",2005.75,2005.75,2009.5
"41064",2005.5,2005.5,2005.5
"41071",2005,2005,2005
"41073",2005,2005,2005
"41074",2005,2005,2005
"41075",2005,2005,2005
"41076",2005,2005,2005
"41080",2005.75,2007.75,2007.75
"41083",2008.5,2008.5,2008.5
"41085",2005,2005,2005
"41086",2008.5,2008.5,2009
"41091",2006.5,2006.5,2006.5
"41092",2006.5,2006.5,2006.5
"41093",2009,2009.25,2009.5
"41094",2005.75,2005.75,2005.75
"41095",2006.5,2008,2008.5
"41097",2007.5,2007.5,2007.5
"41098",2010,2010,2010.5
"41099",2005,2005,2005
"41101",2005.75,2005.75,2005.75
"41102",2005.25,2005.25,2005.25
"41121",2005.25,2005.25,2005.25
"41124",2011.25,2012.5,2015.25
"41129",2005.25,2005.25,2005.25
"41132",2007.5,2007.5,2007.5
"41135",2008.5,2008.75,2009
"41139",2005.25,2005.25,2005.25
"41141",2008.75,2012.5,2014.5
"41142",2008.5,2009.25,2009.25
"41143",2007.5,2007.5,2008.5
"41144",2006.75,2006.75,2010.25
"41146",2007.5,2007.5,2007.5
"41149",2013,2013,2013
"41159",2013,2013,2013
"41164",2009.25,2009.25,2012.5
"41166",2008.75,2008.75,2014.5
"41168",2005.25,2007.5,2007.5
"41169",2006.5,2006.5,2006.5
"41171",2008.75,2012.5,2013
"41174",2006.5,2007,2007
"41175",2006.75,2006.75,2006.75
"41179",2009.25,2012.5,2014.5
"41180",2007.5,2007.5,2007.5
"41183",2006.5,2006.5,2006.5
"41189",2008.75,2008.75,2009.25
"41201",2011.25,2015.25,2015.25
"41203",2015.5,2015.5,2015.5
"41204",2008.5,2011.25,2012.5
"41214",2008.75,2011.25,2012.5
"41216",2008.5,2011.25,2011.25
"41219",2011.25,2011.25,2012.5
"41222",2008.5,2011.25,2011.25
"41224",2012.5,2015,2015.5
"41226",2013,2013,2013
"41230",2011.25,2013.25,2014.5
"41231",2015.5,2015.5,2015.5
"41232",2011.25,2011.25,2011.25
"41234",2008.25,2011.25,2011.25
"41238",2011.25,2012.5,2013.75
"41240",2009.75,2011.25,2011.25
"41250",2011.75,2013.25,2013.25
"41254",2009.75,2011.25,2012.5
"41255",2010.5,2011.25,2011.25
"41256",2010.5,2011.25,2011.25
"41257",2010.5,2011.25,2011.25
"41260",2010.5,2011.25,2011.25
"41262",2007.5,2012.5,2014.5
"41263",2010.5,2011.25,2011.25
"41264",2011.25,2014.5,2015.25
"41265",2008.25,2011.25,2011.25
"41267",2015.5,2015.5,2015.5
"41268",2008.5,2011.25,2011.25
"41271",2007.5,2011.25,2012.5
"41274",2010.5,2011.25,2011.25
"41301",2011.25,2011.75,2012
"41311",2012,2012.25,2012.5
"41314",2011.5,2012.25,2012.5
"41317",2013.75,2015.75,2015.75
"41332",2007.75,2011.75,2011.75
"41339",2011.25,2013.5,2013.75
"41348",2012.25,2013.75,2015.75
"41352",2011.25,2011.75,2011.75
"41360",2007.75,2011.75,2012
"41365",2012,2012.25,2012.25
"41366",2013.5,2013.75,2013.75
"41367",2015.75,2015.75,2015.75
"41385",2007.75,2012.25,2013.75
"41390",2008.5,2011.5,2013.5
"41397",2012,2012.25,2014.75
"41408",2007.75,2011.75,2011.75
"41421",2008.75,2010.5,2012.5
"41425",2010.5,2012.5,2012.5
"41464",2011.25,2011.25,2013.5
"41465",2011.25,2011.75,2011.75
"41472",2010.5,2012.5,2013
"41501",2009.25,2011.25,2011.25
"41503",2011.5,2011.5,2015.5
"41512",2009.25,2010.5,2012.5
"41513",2010.5,2011.25,2012.5
"41514",2011.5,2011.75,2013.25
"41517",2008.5,2008.5,2008.5
"41519",2011.25,2012.5,2013.25
"41522",2009.25,2009.5,2011.5
"41524",2011.25,2012.5,2013.5
"41526",2005.75,2011.25,2011.25
"41527",2011.5,2011.75,2013.25
"41528",2012.5,2013.25,9999
"41531",2011.75,2012.5,2013.25
"41534",2009.25,2011.25,2012.5
"41535",2011.25,2012.5,2013.25
"41537",2009.25,2009.25,2011.5
"41538",2009.25,2011.25,2012.5
"41539",2011.25,2012.5,2013.25
"41540",2011.25,2011.75,2012.5
"41543",2011.25,2012.5,2013.25
"41544",2013.25,2013.25,2014.5
"41547",2012.5,2013.25,9999
"41548",2011.25,2011.75,2013.25
"41553",2012.5,2013.25,2014.25
"41554",2011.25,2011.75,2013.25
"41555",2011.25,2012.5,2013.25
"41557",2011.25,2011.25,2011.75
"41558",2012.5,2013.25,9999
"41559",2011.25,2011.75,2012.5
"41560",2005.75,2011.25,2011.25
"41562",2009.5,2011.25,2011.25
"41563",2009.25,2011.25,2012.5
"41564",2011.5,2011.75,2013.25
"41566",2011.25,2013.5,2013.5
"41567",2011.25,2012.5,2013.25
"41568",2013.25,2013.5,2015
"41571",2009.25,2011.25,2012.5
"41572",2008.5,2009.25,2011.5
"41601",2010.75,2011.25,2011.25
"41602",2008.25,2011.25,2011.25
"41603",2010.75,2011.25,2011.25
"41604",2011.25,2011.5,2012.5
"41605",2010.75,2011.25,2011.25
"41606",2008.5,2009.25,2011.5
"41607",2010.5,2011.25,2011.25
"41612",2007.75,2008.5,2009.25
"41615",2010.75,2011.25,2011.25
"41616",2010.5,2011.25,2011.25
"41619",2011.25,2011.5,2012.5
"41621",2010.75,2011.25,2011.25
"41622",2010.5,2011.25,2011.25
"41630",2007.75,2010.25,2012
"41631",2011.25,2011.5,2012.5
"41632",2010.5,2011.25,2011.25
"41635",2011.25,2011.25,2011.5
"41636",2011.25,2011.5,2012.5
"41640",2010.25,2011.25,2012
"41642",2010.75,2011.25,2011.25
"41643",2007.5,2008.25,2012
"41645",2010.5,2011.25,2011.25
"41647",2011.25,2011.5,2012.5
"41649",2010.5,2011.25,2011.25
"41650",2008,2008.75,2010.25
"41653",2010.5,2011.25,2011.25
"41655",2011.25,2011.25,2012.5
"41659",2010.75,2011.25,2011.25
"41660",2011.25,2011.5,2012.5
"41663",2010.75,2011.25,2011.25
"41666",2008,2010.5,2012
"41667",2007.75,2008.5,2009.25
"41669",2007.75,2008.5,2009.25
"41701",2008.5,2008.75,2010.25
"41712",2008,2008.75,2010.25
"41713",2008,2008.5,2008.75
"41714",2009.75,2010,2010.5
"41719",2008.5,2009.25,2010.25
"41721",2009.75,2011.5,2013.5
"41722",2009,2010.25,2011.75
"41723",2008.5,2008.75,2009.25
"41725",2007.75,2008.5,2009
"41727",2008.5,2009.75,2011
"41729",2008.5,2009.25,2010.25
"41731",2006.25,2007.5,2008.5
"41735",2006.25,2008.25,2011.5
"41739",2007.75,2008.5,2009
"41740",2007.75,2008.75,2010.25
"41745",2008.25,2010,2013.5
"41746",2005,2007.5,2008.5
"41749",2008.5,2009.75,2010.5
"41751",2005,2007.5,2008.5
"41754",2008.5,2009.25,2010.25
"41759",2005,2007.5,2008.5
"41760",2005,2007.5,2008.5
"41762",2008.5,2010,2010.5
"41763",2006.25,2008.25,2011.5
"41764",2008.5,2008.75,2009.25
"41766",2008.5,2010,2010.5
"41772",2010.25,2012,2013.5
"41773",2007.25,2007.5,2008.5
"41774",2007.5,2008,2008.5
"41775",2010.25,2010.5,2011.75
"41776",2008,2008.5,2009.25
"41777",2010.25,2010.5,2011.75
"41804",2006.5,2007.5,2008.5
"41810",2006.5,2009.25,2010.25
"41812",2007.75,2008.5,2009.25
"41815",2006.5,2009.25,2010.25
"41817",2007.5,2007.5,2008.5
"41819",2006.25,2008.25,2011.5
"41821",2007.5,2008.5,2011.75
"41822",2007.5,2008.25,2008.75
"41824",2006.5,2007.5,2008.75
"41825",2007.75,2008.5,2010.25
"41826",2006.5,2007.5,2008.75
"41828",2007.5,2008.25,2008.75
"41831",2007.5,2008.5,2011
"41832",2006.5,2007.5,2008.75
"41833",2007.5,2010.25,2013.5
"41834",2007.5,2007.5,2008.5
"41835",2007.5,2008.5,2010.25
"41836",2007.5,2007.5,2008.5
"41837",2006.5,2009.25,2010.25
"41838",2006.5,2009.25,2010.25
"41839",2007.5,2008.25,2011.25
"41840",2006.5,2009.25,2010.25
"41843",2007.5,2007.5,2008.5
"41844",2007.5,2007.5,2008.5
"41845",2006.5,2007.5,2008.75
"41847",2006.5,2007.5,2008.75
"41848",2007.5,2008.5,2010.25
"41849",2006.5,2009.25,2010.25
"41855",2006.5,2008.75,2010.25
"41858",2007.5,2008.5,2010.25
"41859",2011.25,2011.5,2012.5
"41861",2007.5,2008.25,2012
"41862",2007.75,2008.5,2009.25
"42001",2006,2006,2007.25
"42003",2007.25,2007.25,2007.5
"42020",2005.5,2005.5,2005.5
"42021",2010.75,2010.75,2010.75
"42022",2004.25,2006,2006
"42023",2010,2010.75,2010.75
"42024",2006.75,2009,2009
"42025",2005.25,2005.25,2005.5
"42027",2007.25,2007.25,2007.25
"42028",2008.5,2008.5,2008.5
"42029",2005,2005.5,2006
"42031",2006,2007.5,2007.5
"42032",2010.75,2010.75,2010.75
"42035",2008.25,2009,2010
"42036",2005.5,2005.5,2008.25
"42037",2010,2010,2011
"42038",2007,2009.25,2010
"42039",2008.25,2008.75,2009.5
"42040",2007.5,2007.5,2007.5
"42041",2007.5,2009.5,2009.5
"42044",2005,2005,2005
"42045",2006,2006,2006
"42047",2008.5,2008.5,2008.5
"42048",2005.25,2005.25,2005.25
"42049",2008.25,2008.25,2008.75
"42050",2011.25,2011.5,2011.5
"42051",2008.25,2008.25,2008.25
"42053",2006,2006,2006
"42054",2005.5,2005.5,2007.5
"42055",2008.5,2008.75,2010
"42056",2006,2006.75,2008.5
"42058",2006,2006,2006
"42060",2008.25,2009.5,2010.5
"42061",2008.25,2008.25,2008.25
"42064",2009.5,2009.75,2011.25
"42066",2007.5,2007.5,2008.25
"42069",2007.25,2007.25,2007.25
"42071",2007.5,2008.25,2008.25
"42076",2008.75,2008.75,2008.75
"42078",2008.5,2008.5,2008.5
"42079",2007.5,2007.5,2008.25
"42081",2007.25,2008,2008.25
"42082",2007.5,2007.5,2007.5
"42083",2007,2008.5,2008.5
"42084",2008,2008,2008
"42085",2005.5,2007.5,2008.75
"42086",2006,2006,2006
"42087",2009,2009,2009
"42088",2005.5,2005.5,2005.5
"42101",2005.5,2005.5,2006.75
"42102",2006.75,2007.5,2008.5
"42103",2006,2006,2006
"42104",2005.25,2005.5,2006
"42120",2007,2007.5,2008.5
"42122",2006,2006,2006
"42123",2008.5,2008.5,2008.5
"42124",2008.25,2008.25,2008.25
"42127",2007.25,2008.75,2009.5
"42129",2007.5,2008,2008.25
"42130",2006,2006,2006
"42133",2011.5,2011.5,2011.5
"42134",2007,2008.5,2009.5
"42140",2009,2010.5,2011.5
"42141",2006,2008.5,2008.5
"42151",2009.5,2010.75,2013.25
"42153",2009.75,2011.5,2011.5
"42154",2006,2006.75,2006.75
"42156",2008.5,2008.5,2008.5
"42157",2008.75,2008.75,2008.75
"42159",2005.5,2005.5,2005.5
"42160",2005.75,2010,2010
"42163",2005.5,2005.5,2005.5
"42164",2007.5,2007.5,2008.5
"42166",2007.75,2008.25,2008.25
"42167",2008.75,2011.5,2013.25
"42170",2005.25,2005.25,2008.25
"42171",2005.5,2005.5,2005.5
"42202",2005,2005.25,2005.25
"42204",2006.75,2006.75,2007
"42206",2008.25,2008.25,2008.25
"42207",2011.25,2012.25,2012.25
"42210",2005.5,2007.25,2008.5
"42211",2007.5,2009.25,2009.5
"42214",2006.75,2007.5,2007.5
"42215",2006.75,2009,2009
"42217",2006.5,2006.5,2006.75
"42220",2008.25,2008.75,2009.25
"42223",2006.25,2006.25,2006.25
"42232",2007.5,2009,2009
"42234",2006.75,2008.25,2008.25
"42236",2007.5,2007.5,2007.5
"42240",2007,2008.75,2009.25
"42254",2007.5,2007.5,2007.5
"42256",2005.5,2007.5,2008.75
"42259",2009.25,2011,2012
"42261",2005.5,2005.5,2007.5
"42262",2006.25,2006.25,2006.25
"42265",2005.25,2007,2008.25
"42266",2007,2008,2008.75
"42273",2005.25,2005.25,2005.25
"42274",2005.25,2005.25,2005.5
"42275",2006.75,2006.75,2007.5
"42276",2005.25,2005.5,2007.5
"42280",2005,2005,2008.75
"42285",2007.5,2011.75,2012.25
"42286",2007.5,2008.25,2008.75
"42301",2007.75,2007.75,2007.75
"42303",2005.5,2005.5,2005.5
"42320",2009.75,2010.5,2010.5
"42321",2005.25,2005.25,2005.25
"42322",2007.5,2007.75,2008.25
"42323",2005.25,2005.25,2005.25
"42324",2006.25,2007.5,2007.5
"42325",2006.5,2006.75,2010
"42326",2005.25,2005.25,2005.25
"42327",2007.75,2008.25,2010
"42328",2005.25,2005.25,2008
"42330",2005.25,2005.25,2006.5
"42332",2005.25,2005.25,2005.25
"42333",2005.25,2005.25,2008.75
"42337",2005.25,2005.25,2005.25
"42338",2010,2010,2012.75
"42339",2007.5,2007.5,2011.25
"42343",2012.75,2012.75,2012.75
"42344",2006.5,2006.5,2006.75
"42345",2007.5,2008,2008.75
"42347",2009.75,2010,2010
"42348",2005.25,2007.25,2007.75
"42349",2009.75,2010.5,2010.5
"42350",2006.5,2008,2010
"42351",2006,2007.25,2007.75
"42352",2010,2010,2010
"42354",2010.5,2010.5,2010.5
"42355",2005.5,2005.5,2007.75
"42356",2007.5,2007.75,2008.25
"42361",2010.5,2010.5,2012.75
"42366",2005.25,2005.25,2005.25
"42367",2006,2006,2006.75
"42368",2005.25,2009.75,2012.75
"42369",2005.25,2005.25,2005.25
"42370",2010.5,2010.5,2012.75
"42371",2006.5,2006.75,2008.25
"42372",2006.5,2006.75,2010
"42374",2006,2006.5,2006.75
"42376",2005.25,2005.25,2007.25
"42378",2005.25,2005.25,2005.25
"42404",2009.75,2009.75,2010.25
"42406",2008.75,2009.25,2009.5
"42408",2005.25,2006.5,2009
"42409",2009.25,2009.5,2009.75
"42410",2006,2006.5,2006.5
"42411",2005.5,2005.5,2007
"42413",2006.5,2006.5,2006.5
"42420",2005.5,2005.75,2005.75
"42431",2005,2005.25,2006
"42436",2006,2006.5,2007.5
"42437",2007.75,2008.75,2009.25
"42440",2006.5,2006.5,2006.5
"42441",2006.5,2007.5,2007.5
"42442",2006.5,2006.5,2006.5
"42445",2006.5,2009,2009.5
"42450",2009.75,2009.75,2009.75
"42451",2005.5,2005.5,2005.75
"42452",2009.5,2009.5,2009.5
"42453",2005.25,2005.25,2005.25
"42455",2006.5,2007.75,2009.5
"42456",2006.5,2006.5,2006.5
"42458",2005.5,2005.5,2005.5
"42459",2009.5,2009.75,2011.25
"42461",2009.5,2011.25,2011.25
"42462",2009.25,2009.25,2009.25
"42463",2009.75,2009.75,2010.25
"42464",2006.5,2006.5,2006.5
"42501",2005.5,2005.75,2009.5
"42503",2005.75,2005.75,2007.5
"42516",2006,2006,2006
"42518",2006,2006,2006
"42519",2005,2005.5,2006
"42528",2007.25,2007.75,2008.25
"42533",2005.5,2005.5,2005.5
"42539",2008.75,2008.75,2009
"42541",2007.75,2008.75,2009
"42544",2006,2006.25,2006.75
"42553",2005.5,2005.5,2006
"42565",2006,2006,2006
"42566",2006,2006,2008.75
"42567",2005.75,2005.75,2006
"42602",2007.75,2010.5,2010.75
"42603",2007.5,2007.75,2010.25
"42629",2007.5,2007.5,2008.25
"42631",2011,2011,9999
"42633",2007.5,2008.25,2014.25
"42634",2005,2006.25,2008.25
"42635",2010,2011,2011
"42638",2010,2011,2011
"42642",2007,2007.25,2007.5
"42647",2011,2011,9999
"42649",2010,2011,2011
"42653",2008.25,2011,2011
"42701",2006.75,2007.25,2007.25
"42712",2007.25,2007.25,2007.25
"42713",2005.5,2007.25,2007.25
"42715",2007.5,2008.25,2008.5
"42716",2008.5,2008.5,2009.25
"42717",2010.75,2011.5,2013.75
"42718",2008.5,2009,2011
"42721",2010,2012.75,2012.75
"42722",2007.25,2007.5,2009
"42724",2007.25,2007.25,2008
"42726",2006.75,2008.75,2009.5
"42728",2007.75,2008.5,2009
"42729",2009.25,2011,2012.25
"42731",2008.25,2008.5,2008.5
"42732",2007.25,2007.25,2007.25
"42733",2009,2009,2009
"42740",2005.25,2005.25,2005.25
"42741",2011.5,2011.5,2011.5
"42743",2007.5,2009,2009.25
"42746",2006,2007.25,2007.25
"42748",2005.25,2005.25,2008.5
"42749",2006,2006,2008.75
"42753",2008.75,2009,2009
"42754",2007.5,2008.75,2008.75
"42757",2007.25,2007.25,2008.5
"42758",2007.5,2011,2011
"42762",2007.5,2007.5,2008.75
"42764",2008.5,2008.5,2009.25
"42765",2005.75,2007.25,2007.25
"42776",2005.25,2005.25,2007.5
"42782",2009.25,2009.25,2009.25
"42784",2005.25,2005.5,2007.5
"42788",2005.25,2007.25,2007.5
"43001",2006,2006,2006
"43002",2007,2007,2007
"43003",2005.5,2006,2006
"43004",2005.5,2005.5,2005.5
"43005",2005.25,2005.25,2005.25
"43006",2005.25,2005.25,2005.25
"43008",2005.25,2005.25,2005.25
"43009",2005.25,2005.25,2005.25
"43010",2006,2006,2006
"43011",2005.5,2005.5,2005.75
"43013",2006.25,2006.25,2006.25
"43014",2005.25,2005.25,2005.25
"43015",2005.25,2005.5,2005.5
"43016",2007,2007,2007
"43017",2007,2007,2007
"43019",2006,2006,2006
"43021",2005.25,2005.25,2005.25
"43022",2005.25,2005.25,2005.25
"43023",2006,2006,2006
"43025",2005.75,2005.75,2005.75
"43026",2007,2007,2007
"43028",2005.25,2005.25,2005.25
"43029",2005.75,2005.75,2005.75
"43030",2005.75,2005.75,2005.75
"43031",2006.25,2006.25,2006.25
"43032",2006,2006,2006
"43033",2005.75,2005.75,2005.75
"43035",2005,2005.25,2005.25
"43036",2009.75,2010.75,2010.75
"43037",2005.25,2005.25,2005.25
"43040",2005.25,2005.25,2005.25
"43044",2005.75,2005.75,2005.75
"43045",2005.25,2005.25,2005.25
"43046",2005.75,2005.75,2005.75
"43050",2006,2006,2006.25
"43054",2005.5,2005.5,2005.5
"43055",2006,2006,2006
"43056",2005.25,2005.25,2005.75
"43060",2005.25,2005.25,2005.25
"43061",2005.25,2005.5,2005.5
"43062",2005.5,2005.75,2006
"43064",2005.25,2005.25,2005.25
"43065",2005.5,2005.5,2005.5
"43066",2005.25,2005.25,2005.25
"43067",2009.75,2010.75,2011.5
"43068",2005.25,2005.25,2005.25
"43070",2006.75,2007,2007.5
"43071",2006,2006,2006
"43072",2007,2008.75,2010
"43074",2006,2006,2006
"43076",2005.25,2005.25,2005.25
"43077",2005.25,2005.25,2005.25
"43078",2005.25,2005.25,2005.25
"43080",2005.5,2006,2006
"43081",2005.5,2005.5,2005.5
"43082",2005.25,2005.25,2005.25
"43084",2005.75,2005.75,2005.75
"43085",2005.5,2005.5,2005.5
"43101",2006.25,2006.25,2006.25
"43102",2007,2007,2007
"43103",2007.5,2008.5,2008.5
"43105",2005.75,2005.75,2005.75
"43106",2006.5,2006.5,2006.5
"43107",2006.25,2006.75,2006.75
"43109",2005.25,2005.25,2005.25
"43110",2005.25,2007.5,2007.5
"43111",2005.75,2005.75,2005.75
"43112",2005.75,2005.75,2005.75
"43113",2007,2007,2008.5
"43115",2008.75,2008.75,2008.75
"43116",2000,2008.5,2008.5
"43117",2008,2008,2008
"43119",2005.25,2005.25,2005.25
"43123",2005.25,2005.25,2005.25
"43125",2005.25,2007.5,2007.5
"43126",2008,2008,2008
"43127",2005.75,2005.75,2005.75
"43128",2005.75,2005.75,2005.75
"43130",2005.75,2005.75,2005.75
"43135",2006.25,2006.25,2006.25
"43136",2007.5,2007.5,2007.5
"43137",2008.5,2008.5,2008.5
"43138",2005.75,2005.75,2006
"43140",2006,2006,2008
"43142",2005.75,2005.75,2005.75
"43143",2008,2008,2008
"43144",2005.75,2005.75,2005.75
"43145",2008.75,2008.75,2008.75
"43146",2008,2008,2008
"43147",2005.25,2005.25,2005.25
"43148",2005.25,2005.5,2005.75
"43149",2005.5,2005.75,2006.25
"43150",2006.25,2006.25,2006.75
"43151",2008,2008.25,2008.25
"43152",2006,2006.25,2006.25
"43153",2006.5,2008.25,2008.25
"43154",2007,2007,2007
"43155",2006.5,2006.75,2006.75
"43156",2007,2007,2007
"43157",2005.75,2005.75,2005.75
"43158",2005.75,2005.75,2005.75
"43160",2005.75,2006.25,2008.25
"43162",2005.5,2005.5,2005.5
"43164",2008.75,2009.5,2009.5
"43201",2005.25,2005.25,2005.5
"43202",2005.5,2005.5,2005.5
"43203",2005.25,2005.25,2005.25
"43204",2005.25,2005.25,2005.25
"43205",2005.25,2005.25,2005.25
"43206",2005.25,2005.25,2005.25
"43207",2005.25,2005.25,2005.25
"43209",2005.25,2005.25,2005.25
"43210",2005.5,2005.5,2005.5
"43211",2005.5,2005.5,2005.5
"43212",2005.25,2005.25,2005.25
"43213",2005.25,2005.25,2005.25
"43214",2005.5,2005.5,2005.5
"43215",2005.25,2005.25,2005.25
"43217",2000,2008.5,2008.5
"43219",2005.5,2005.5,2005.5
"43220",2005.5,2007,2007
"43221",2005.5,2006.5,2007
"43222",2005.25,2005.25,2005.25
"43223",2005.25,2005.25,2005.25
"43224",2005.5,2005.5,2005.5
"43227",2005.25,2005.25,2005.25
"43228",2005.25,2005.25,2005.25
"43229",2005.5,2005.5,2005.5
"43230",2005.5,2005.5,2005.5
"43231",2005.5,2005.5,2005.5
"43232",2005.25,2005.25,2005.25
"43235",2005.5,2005.5,2005.5
"43240",2005,2005.25,2005.25
"43302",2005,2005.5,2006.75
"43310",2009.25,2009.25,2009.25
"43311",2005.25,2005.75,2005.75
"43314",2006.75,2006.75,2006.75
"43315",2005.5,2005.5,2005.5
"43316",2007,2007,2008
"43317",2007.25,2007.25,2007.25
"43318",2005.25,2005.75,2007
"43319",2005.25,2005.25,2007
"43320",2006.75,2006.75,2006.75
"43321",2005.5,2007.25,2007.25
"43322",2009.75,2009.75,2009.75
"43323",2005.75,2006.75,2007.5
"43324",2005.25,2005.25,2005.75
"43326",2006.75,2009.25,2009.75
"43330",2009.75,2010,2010
"43331",2009.25,2009.25,2009.25
"43332",2006.75,2008.75,2009.75
"43333",2005.25,2005.25,2005.25
"43334",2005.5,2006,2006
"43336",2005.25,2005.25,2005.25
"43337",2007.25,2008.75,2009.75
"43338",2005.5,2006.75,2007.25
"43340",2006.75,2006.75,2006.75
"43341",2009.75,2009.75,2009.75
"43342",2006.5,2007,2009.75
"43343",2005.75,2005.75,2005.75
"43344",2009.75,2009.75,2009.75
"43345",2006.75,2006.75,2006.75
"43347",2005,2005.75,2005.75
"43348",2005.25,2005.25,2005.25
"43351",2005.75,2006.5,2008.75
"43356",2005.5,2005.5,2006.5
"43357",2005.25,2005.25,2005.25
"43358",2009.5,2009.75,2010.75
"43359",2009.75,2009.75,2010
"43360",2005.25,2005.75,2005.75
"43402",2005.5,2005.5,2005.5
"43403",2005.5,2005.5,2005.5
"43406",2005.5,2005.5,2005.5
"43407",2006.25,2006.25,2006.25
"43408",2005.75,2005.75,2005.75
"43410",2005.25,2006.75,2007
"43412",2005.75,2006.75,2008.25
"43413",2007.75,2007.75,2007.75
"43416",2005.25,2005.25,2005.25
"43420",2005.25,2005.25,2005.25
"43430",2005.75,2005.75,2005.75
"43431",2005.5,2005.5,2005.5
"43432",2005.25,2005.25,2005.25
"43433",2005.5,2005.5,2005.5
"43434",2006.75,2008.75,2010
"43435",2005.25,2005.5,2005.5
"43437",2007.75,2007.75,2007.75
"43438",2007,2015.25,2015.75
"43439",2005.25,2005.25,2005.25
"43440",2005.5,2005.5,2005.5
"43442",2005.25,2005.25,2005.25
"43443",2005.5,2005.5,2005.5
"43445",2005.75,2005.75,2005.75
"43446",2007,2007,2007
"43447",2005.75,2005.75,2005.75
"43449",2005.25,2005.25,2005.25
"43450",2005.5,2005.5,2005.5
"43451",2007.75,2007.75,2007.75
"43452",2005.25,2005.25,2005.25
"43456",2007,2007,2007
"43457",2005.5,2005.5,2005.5
"43458",2005.25,2005.25,2005.25
"43460",2005,2005,2005
"43462",2008.25,2008.25,2008.25
"43463",2005,2005,2005
"43464",2005.25,2005.25,2005.5
"43465",2005,2005,2005
"43466",2005.5,2005.5,2007.75
"43467",2005.5,2005.5,2005.5
"43468",2005.75,2005.75,2005.75
"43469",2005.5,2005.5,2005.75
"43501",2006,2008,2008.25
"43502",2006,2006,2006
"43504",2005.5,2005.5,2005.5
"43505",2007.25,2007.25,2007.25
"43506",2008.25,2008.25,2008.25
"43511",2008.25,2008.25,2008.25
"43512",2006.75,2006.75,2008
"43515",2006.25,2006.25,2006.25
"43516",2007,2007,2008
"43517",2007.25,2007.25,2007.25
"43518",2009.25,2010,2010
"43519",2005.75,2005.75,2005.75
"43521",2006,2006.75,2008
"43522",2005.25,2005.25,2005.25
"43523",2007.75,2008.25,2008.25
"43524",2007,2007.25,2008.25
"43525",2003,2005.25,2005.25
"43526",2010,2010.75,2010.75
"43527",2008.25,2008.25,2008.25
"43528",2005.5,2005.5,2005.5
"43529",2005.5,2005.5,2005.5
"43531",2005.25,2005.25,2005.25
"43532",2006.5,2006.5,2006.5
"43533",2006.25,2007.75,2008.25
"43534",2006.5,2006.5,2007
"43535",2007.75,2008.25,2008.25
"43536",2009.25,2010,2010.75
"43537",2005.25,2005.5,2007
"43540",2005.5,2005.5,2005.5
"43541",2008.25,2008.25,2008.25
"43542",2007,2007.25,2010.75
"43543",2007.25,2008.25,2009.25
"43545",2007.25,2008.25,2008.25
"43547",2006.25,2006.5,2006.5
"43548",2008.25,2009.25,2009.25
"43549",2008.25,2008.5,2009.25
"43551",2005,2005,2005
"43553",2007.75,2007.75,2007.75
"43554",2005.25,2006,2008.25
"43555",2005.75,2006.75,2008.25
"43556",2009.25,2010,2010.75
"43557",2005.75,2005.75,2005.75
"43558",2006.25,2006.25,2006.25
"43560",2005.5,2005.5,2005.5
"43565",2003,2005.25,2005.25
"43566",2005.25,2005.5,2007
"43567",2007.75,2007.75,2007.75
"43569",2005.25,2005.25,2008.25
"43570",2005.25,2006,2006
"43571",2005.5,2007,2009.5
"43604",2005,2005,2005
"43605",2005,2005,2005
"43606",2005,2005,2005
"43607",2005,2005,2005
"43608",2005,2005,2005
"43609",2005,2005,2005
"43610",2005,2005,2005
"43611",2005,2005,2005
"43612",2005,2005,2005
"43613",2005,2005,2005
"43614",2005,2005,2005
"43615",2005.5,2005.5,2005.5
"43616",2005.75,2007,2009.75
"43617",2005.5,2005.5,2005.5
"43619",2005,2005.75,2005.75
"43620",2005,2005,2005
"43623",2005,2005,2005.5
"43701",2005.75,2006,2008
"43711",2005.75,2005.75,2005.75
"43713",2007.25,2007.25,2007.25
"43716",2007.25,2008.5,2008.75
"43717",2005.75,2005.75,2005.75
"43718",2006,2007.25,2007.75
"43719",2006,2007.25,2007.25
"43720",2006.25,2006.75,2006.75
"43721",2005.25,2005.25,2005.25
"43722",2005.5,2005.5,2005.5
"43723",2005.5,2005.5,2005.5
"43724",2007.75,2007.75,2007.75
"43725",2005.5,2005.5,2005.5
"43727",2005.75,2006.75,2006.75
"43728",2012.5,2014.25,9999
"43730",2005.75,2008.25,2008.25
"43731",2009.25,2009.25,2009.25
"43732",2005.75,2006.25,2007.75
"43733",2005.5,2005.5,2005.5
"43734",2006.25,2006.75,2006.75
"43735",2005,2005.25,2006.5
"43736",2005.75,2005.75,2005.75
"43738",2005,2005.5,2006.25
"43739",2005.5,2005.5,2005.5
"43740",2005.25,2005.25,2005.25
"43746",2005.25,2005.25,2005.25
"43747",2007.25,2007.25,2007.25
"43748",2005.75,2005.75,2005.75
"43749",2005.5,2005.75,2007
"43750",2005.5,2005.5,2005.5
"43754",2005.75,2005.75,2014.25
"43755",2005.5,2005.5,2005.5
"43756",2006.25,2006.75,2008.5
"43758",2008.25,2009.25,2013
"43759",2006,2006,2006
"43760",2005.5,2005.5,2005.5
"43761",2009.25,2009.25,2009.25
"43762",2005.5,2005.5,2005.75
"43764",2005.75,2005.75,2005.75
"43766",2005.75,2005.75,2005.75
"43767",2005.75,2005.75,2005.75
"43768",2005.5,2005.5,2005.5
"43771",2005.75,2006.75,2006.75
"43772",2005.5,2005.75,2005.75
"43773",2005.75,2006.75,2008.5
"43777",2005.5,2005.5,2006.5
"43778",2005.5,2005.75,2005.75
"43779",2005.75,2005.75,2005.75
"43780",2005.5,2005.5,2005.5
"43782",2005.75,2005.75,2005.75
"43783",2005.5,2005.5,2005.75
"43786",2014.25,2014.25,9999
"43787",2006.25,2008.75,2012.5
"43788",2005,2005,2014.25
"43793",2005.75,2008.75,2011.25
"43802",2005.5,2005.75,2008.75
"43804",2008.75,2008.75,2009.5
"43805",2009.5,2009.5,2009.5
"43811",2006.75,2006.75,2006.75
"43812",2005.75,2005.75,2005.75
"43821",2006.75,2006.75,2006.75
"43822",2006.75,2008.25,2008.25
"43824",2008.25,2008.75,2009.5
"43830",2005.25,2008,2008
"43832",2005.25,2005.25,2007
"43836",2005.25,2005.25,2005.25
"43837",2007,2008.25,2008.75
"43840",2008.75,2008.75,2008.75
"43842",2006.75,2006.75,2006.75
"43843",2005.25,2005.25,2005.25
"43844",2005.5,2006,2009.5
"43845",2005.75,2005.75,2005.75
"43901",2007.75,2008.5,2009.25
"43902",2008.75,2008.75,2008.75
"43903",2008.5,2008.75,2012.75
"43905",2007.75,2007.75,2007.75
"43906",2007.75,2007.75,2007.75
"43907",2007.25,2007.75,2007.75
"43908",2007.5,2009,2015
"43910",2006,2006,2006
"43912",2007.75,2007.75,2007.75
"43913",2005.75,2005.75,2005.75
"43914",2009.75,2011.25,2011.25
"43915",2009.75,2011.25,2011.25
"43917",2006,2007.75,2008.5
"43920",2005.5,2005.5,2005.5
"43925",2007.5,2009,2015
"43926",2006,2007,2008.75
"43927",2007.75,2007.75,2007.75
"43928",2007.75,2007.75,2007.75
"43930",2006.5,2006.5,2006.5
"43931",2007.25,2007.25,2007.75
"43932",2006.75,2007.5,2009
"43933",2008.75,2008.75,2008.75
"43934",2005.5,2005.5,2008.5
"43935",2005,2005.5,2005.5
"43938",2005.75,2005.75,2005.75
"43939",2008.5,2008.75,2009.25
"43940",2007.75,2007.75,2007.75
"43942",2008.5,2008.75,2008.75
"43943",2005,2005,2005.75
"43944",2006.75,2007.5,2009.25
"43945",2006.5,2006.5,2006.5
"43946",2007.25,2007.25,2011.25
"43947",2006,2006,2008.75
"43948",2006,2006,2006
"43950",2007.75,2007.75,2007.75
"43951",2006,2006,2006
"43952",2005.75,2005.75,2006.5
"43953",2005.75,2005.75,2005.75
"43961",2005.75,2006.75,2008.5
"43962",2006.5,2006.5,2006.5
"43963",2005,2005,2005
"43964",2005.75,2006.75,2008.5
"43967",2007.75,2007.75,2007.75
"43968",2005.75,2005.75,2005.75
"43970",2007.5,2009,2015
"43971",2005,2005,2005
"43972",2007.75,2007.75,2007.75
"43973",2007,2007.25,2008.75
"43974",2008.5,2008.75,2009.25
"43976",2006,2006,2006
"43977",2006,2007.25,2007.25
"43983",2005.75,2005.75,2006
"43985",2007.25,2007.25,2007.25
"43986",2007.75,2007.75,2007.75
"43988",2007.75,2007.75,2007.75
"44001",2005.25,2005.25,2005.25
"44003",2005.5,2008,2009.25
"44004",2005.5,2005.5,2005.5
"44010",2005.25,2005.25,2005.25
"44011",2005.5,2005.5,2005.5
"44012",2005.5,2005.5,2005.5
"44017",2005.25,2005.25,2005.75
"44021",2005.25,2006.25,2007.5
"44022",2005.25,2005.25,2005.25
"44023",2005.25,2005.25,2005.25
"44024",2006,2006,2006.25
"44026",2006.25,2006.25,2006.25
"44028",2007,2007,2007
"44030",2006,2006,2006
"44032",2008.75,2009.25,2009.5
"44035",2005.5,2005.75,2006.25
"44039",2005.5,2005.5,2005.5
"44040",2005,2005,2005
"44041",2006,2007,2007
"44044",2006.25,2006.25,2006.25
"44045",2005,2005,2005.25
"44046",2005.25,2005.25,2005.25
"44047",2008,2008,2008
"44048",2006,2006.75,2008
"44049",2005.25,2005.25,2005.25
"44050",2006.25,2006.25,2006.25
"44052",2005.75,2005.75,2005.75
"44053",2005.75,2005.75,2005.75
"44054",2005.5,2005.5,2005.5
"44055",2005.5,2005.5,2005.75
"44056",2006,2006,2006
"44057",2007,2007,2007
"44060",2005,2005,2005.25
"44062",2005.25,2005.5,2005.5
"44064",2006,2006,2006
"44065",2006.25,2006.25,2006.25
"44067",2006,2006,2006
"44070",2005.25,2005.25,2005.25
"44072",2006.25,2006.25,2006.25
"44074",2005.25,2005.25,2005.25
"44076",2005.5,2005.5,2005.5
"44077",2005,2005,2005
"44080",2007.5,2007.5,2007.5
"44081",2005.25,2005.25,2005.25
"44082",2008,2008,2008
"44084",2008,2008,2008
"44085",2008,2008,2008
"44086",2006,2006,2006
"44087",2006,2006,2006
"44089",2007,2007,2007
"44090",2005.25,2005.25,2005.25
"44092",2005,2005,2005
"44093",2005.75,2005.75,2005.75
"44094",2005,2005.25,2005.25
"44095",2005.25,2005.25,2005.25
"44099",2005.25,2005.5,2005.5
"44101",2008,2008,2008
"44102",2005,2005,2005.25
"44103",2008,2008,2008
"44104",2005,2006.25,2008
"44105",2005,2005,2005
"44106",2008,2008,2008
"44107",2005.25,2005.25,2005.25
"44108",2008,2008,2008
"44109",2005,2005,2005
"44110",2008,2008,2008
"44111",2005.25,2005.25,2005.25
"44112",2008,2008,2008
"44113",2005,2005,2006.25
"44114",2008,2008,2008
"44115",2008,2008,2008
"44116",2005.25,2005.25,2005.25
"44117",2005,2005,2005
"44118",2006.25,2008,2008
"44119",2008,2008,2008
"44120",2005,2005,2005.5
"44121",2005,2005,2005
"44122",2005.25,2005.25,2005.25
"44123",2005,2005,2005
"44124",2005,2005,2005
"44125",2005,2005,2005
"44126",2005.25,2005.25,2005.25
"44127",2005,2005,2005
"44128",2005.25,2005.25,2005.25
"44129",2005,2005,2005
"44130",2005.25,2005.25,2005.25
"44131",2005,2005,2005
"44132",2005,2005,2005
"44133",2005.75,2005.75,2005.75
"44134",2005,2005,2005
"44135",2005.25,2005.25,2005.25
"44136",2007,2007,2007
"44137",2005,2005.25,2005.25
"44138",2005.25,2005.5,2006.25
"44139",2005.25,2005.25,2005.25
"44140",2005.25,2005.5,2005.5
"44141",2005.75,2005.75,2005.75
"44142",2005.25,2005.25,2005.25
"44143",2005,2005,2005
"44144",2005,2005,2005.25
"44145",2005.25,2005.5,2005.5
"44146",2005.25,2005.25,2005.25
"44147",2005.75,2005.75,2005.75
"44149",2007,2007,2007
"44201",2005.25,2005.25,2005.5
"44202",2005.25,2006,2007.25
"44203",2005.5,2005.5,2006
"44212",2007,2007,2007
"44214",2007,2007,2009
"44215",2005.5,2005.5,2007
"44216",2005.5,2005.5,2005.5
"44217",2006.25,2009.75,2010
"44221",2005,2005,2005
"44223",2005,2005,2005
"44224",2005,2005.75,2006
"44230",2006.75,2009,2009.5
"44231",2005.5,2007.5,2007.5
"44233",2005.75,2005.75,2005.75
"44234",2007.5,2007.5,2007.5
"44235",2007,2007,2007
"44236",2006,2006,2006
"44240",2005.75,2005.75,2005.75
"44241",2007.25,2007.25,2007.25
"44243",2005.75,2005.75,2005.75
"44250",2005.5,2005.5,2005.5
"44251",2009.75,2010,2011.75
"44253",2006.25,2006.25,2006.25
"44254",2007,2007,2007
"44255",2005.5,2007,2007.25
"44256",2005.5,2005.5,2005.5
"44260",2005.75,2005.75,2005.75
"44262",2005,2005,2005
"44264",2006,2006,2006
"44265",2005.75,2005.75,2005.75
"44266",2005.5,2005.5,2005.75
"44270",2006.75,2009,2009.75
"44272",2005.25,2005.25,2005.25
"44273",2008.75,2009.75,2010
"44274",2006,2006,2006
"44275",2006.25,2006.25,2006.25
"44276",2006.25,2008.75,2009.75
"44278",2005,2005,2005.75
"44280",2007,2007,2007
"44281",2006,2006,2006.5
"44285",2005.5,2005.5,2005.5
"44286",2005.75,2005.75,2005.75
"44287",2007,2007,2007
"44288",2005.5,2005.5,2005.5
"44301",2005,2005,2005.5
"44302",2005,2005,2005
"44303",2005,2005,2005
"44304",2005,2005,2005
"44305",2005,2005,2005
"44306",2005,2005.5,2005.5
"44307",2005,2005,2005
"44308",2005,2005,2005
"44310",2005,2005,2005
"44311",2005,2005,2005
"44312",2005.5,2005.5,2005.5
"44313",2005,2005,2005
"44314",2005.5,2005.5,2005.5
"44319",2005.5,2005.5,2005.5
"44320",2005,2005,2005
"44321",2006,2006,2006
"44333",2006,2006,2006
"44401",2005.75,2005.75,2005.75
"44402",2005.25,2005.25,2005.25
"44403",2006,2006,2006
"44404",2005,2005,2005
"44405",2005.5,2005.5,2005.5
"44406",2006.75,2006.75,2006.75
"44408",2007,2008.75,2008.75
"44410",2005.5,2005.5,2005.5
"44411",2005.25,2005.25,2005.75
"44412",2005.25,2005.25,2005.75
"44413",2007,2007,2007
"44417",2005.75,2005.75,2005.75
"44418",2005,2005,2005
"44420",2001,2006,2006
"44423",2005.75,2005.75,2006.25
"44425",2006,2006,2006
"44427",2005.75,2005.75,2006.25
"44428",2005,2005,2005
"44429",2005.75,2005.75,2005.75
"44430",2006.5,2006.5,2006.5
"44431",2008.75,2008.75,2008.75
"44432",2006.25,2006.25,2006.25
"44436",2005.5,2005.5,2005.5
"44437",2001,2006,2006
"44438",2005,2006,2006
"44439",2005.5,2005.5,2005.5
"44440",2001,2006,2006
"44441",2005.5,2005.5,2005.5
"44442",2005.5,2005.5,2006.25
"44443",2007,2007,2007
"44444",2006.5,2006.5,2006.5
"44445",2007,2007,2007
"44446",2001,2006,2006
"44449",2006,2006,2006
"44450",2005.5,2005.5,2005.5
"44451",2005.75,2005.75,2005.75
"44452",2007,2007,2007
"44454",2007,2007,2007
"44455",2005.5,2005.5,2005.5
"44460",2006,2006.25,2008.75
"44470",2005.25,2005.25,2005.75
"44471",2005.5,2005.5,2005.5
"44473",2006,2006,2006
"44481",2006,2006.5,2006.5
"44483",2006,2006,2006
"44484",2001,2006,2006
"44485",2006.5,2006.5,2006.5
"44490",2008.75,2008.75,2008.75
"44491",2005.25,2005.25,2005.25
"44493",2005.75,2005.75,2005.75
"44502",2005.5,2005.5,2005.5
"44503",2005.5,2005.5,2005.5
"44504",2006,2006,2006
"44505",2006,2006,2006
"44506",2005.5,2005.5,2005.5
"44507",2005.5,2005.5,2006.75
"44509",2006.75,2006.75,2006.75
"44510",2006,2006,2006
"44511",2006.75,2006.75,2006.75
"44512",2005.5,2006.75,2006.75
"44514",2005.5,2005.5,2005.5
"44515",2006.75,2006.75,2006.75
"44601",2006.75,2006.75,2006.75
"44606",2007.5,2007.5,2007.5
"44607",2006.25,2006.25,2006.25
"44608",2008,2008,2008
"44609",2006,2006,2006
"44610",2005.5,2005.5,2005.5
"44611",2007.25,2007.25,2007.25
"44612",2006.25,2006.25,2006.25
"44613",2008,2008,2008
"44614",2005.75,2005.75,2005.75
"44615",2006.25,2006.25,2006.75
"44618",2007.5,2007.5,2007.5
"44620",2005,2005.75,2005.75
"44621",2007,2007,2007
"44622",2006.25,2006.5,2006.5
"44624",2005.25,2005.5,2007.5
"44625",2005.75,2005.75,2005.75
"44626",2006.25,2006.25,2006.25
"44627",2007.5,2007.5,2007.5
"44628",2007.25,2007.25,2007.25
"44629",2007,2007,2007
"44632",2005.5,2005.5,2005.5
"44633",2009.5,2009.5,2009.5
"44634",2005.75,2005.75,2005.75
"44637",2009.5,2009.5,2009.5
"44638",2007.25,2007.25,2007.25
"44640",2006.75,2006.75,2006.75
"44641",2006.75,2006.75,2007
"44643",2005.75,2006.25,2006.25
"44644",2005,2005,2005
"44645",2007,2009,2010.25
"44646",2005.75,2005.75,2005.75
"44647",2005.75,2005.75,2005.75
"44651",2006.25,2006.25,2006.25
"44652",2005.5,2005.5,2005.5
"44653",2007,2007,2007
"44654",2007.5,2009.25,2009.5
"44656",2006.25,2006.5,2006.5
"44657",2005.75,2006.25,2007
"44659",2007.5,2007.5,2007.5
"44661",2007.25,2007.25,2007.25
"44662",2008,2008,2008
"44663",2006.5,2006.5,2007
"44666",2005.75,2005.75,2005.75
"44667",2007.25,2008.75,2010.25
"44669",2007,2007,2007
"44670",2007,2007,2007
"44671",2006.25,2006.25,2006.25
"44672",2006,2006,2006
"44675",2005.75,2005.75,2005.75
"44676",2008.75,2009.5,2009.75
"44677",2005.25,2005.25,2005.25
"44678",2006.5,2006.5,2006.5
"44680",2005.25,2005.25,2008
"44681",2005.25,2005.25,2005.5
"44682",2007,2007,2007
"44683",2007,2007,2007
"44685",2005.5,2005.5,2005.5
"44687",2005.5,2005.5,2005.5
"44688",2005,2005,2005
"44689",2008,2008,2008
"44690",2005.5,2005.5,2005.5
"44691",2005.25,2005.25,2005.75
"44693",2007,2007,2007
"44695",2005.75,2007,2007
"44697",2006.25,2006.25,2006.25
"44699",2007,2007.75,2008.75
"44702",2000,2005,2005
"44703",2000,2005,2005
"44704",2000,2005,2005
"44705",2000,2005,2005
"44706",2005,2005,2005
"44707",2005,2005,2005
"44708",2005,2005,2005
"44709",2000,2005,2005
"44710",2005,2005,2005
"44714",2000,2005,2005
"44718",2005,2005.5,2005.75
"44720",2005.5,2005.5,2005.5
"44721",2005.5,2005.5,2005.5
"44730",2005,2007,2007
"44802",2005.25,2005.25,2005.5
"44804",2005.5,2005.5,2005.5
"44805",2006,2006,2006
"44807",2008.75,2008.75,2008.75
"44809",2005,2005,2005
"44811",2006,2006,2006
"44813",2007.25,2007.25,2007.25
"44814",2007,2007,2007
"44815",2006.25,2006.25,2006.25
"44816",2007,2007,2007
"44817",2005.5,2007.75,2007.75
"44818",2007,2010,2010.75
"44820",2007,2007.25,2007.25
"44822",2005.5,2005.5,2005.5
"44824",2006.75,2006.75,2006.75
"44825",2010.75,2010.75,2010.75
"44826",2007,2009.75,2009.75
"44827",2005.25,2005.25,2005.5
"44828",2006,2006,2006
"44830",2005.25,2005.5,2005.5
"44833",2005.25,2006.25,2006.75
"44836",2008.25,2008.25,2008.25
"44837",2006.5,2006.5,2006.5
"44838",2005.75,2005.75,2005.75
"44839",2006.25,2006.25,2006.25
"44840",2006.25,2008.75,2009.75
"44841",2005.5,2006.25,2006.25
"44842",2005.75,2005.75,2007.25
"44843",2005.5,2005.75,2005.75
"44844",2008.75,2010.25,2010.75
"44846",2006.25,2006.25,2006.25
"44847",2005.25,2006,2006.25
"44849",2005.25,2005.25,2005.25
"44850",2009.5,2009.5,2009.5
"44851",2006.5,2008.75,2008.75
"44853",2005,2005,2005.25
"44854",2010.75,2010.75,2010.75
"44855",2009.5,2009.5,2009.5
"44856",2007.25,2007.25,2007.25
"44857",2005.25,2005.25,2006.25
"44859",2008.75,2008.75,2008.75
"44861",2006.25,2006.25,2006.25
"44864",2005.5,2005.5,2005.75
"44865",2008.75,2009.5,2009.5
"44866",2007,2007,2008.75
"44867",2008.25,2008.25,2008.25
"44870",2006,2006.25,2006.25
"44874",2008.75,2008.75,2008.75
"44875",2005.5,2005.5,2005.5
"44878",2008.25,2008.25,2008.25
"44880",2008.75,2008.75,2008.75
"44881",2010.75,2010.75,2010.75
"44882",2007,2007.5,2008.75
"44883",2006,2006.25,2006.25
"44887",2007.25,2010.75,2010.75
"44889",2007,2007,2007
"44890",2008.75,2009.5,2009.5
"44901",2005.25,2005.25,2005.25
"44902",2005.25,2005.25,2005.25
"44903",2005.25,2005.25,2005.25
"44904",2005.25,2005.25,2005.25
"44905",2005.25,2005.25,2005.25
"44906",2005.25,2005.25,2005.25
"44907",2005.25,2005.25,2005.25
"45001",2005.75,2005.75,2005.75
"45002",2005.75,2005.75,2005.75
"45003",2006.25,2006.25,2006.25
"45005",2005.5,2005.5,2005.5
"45011",2006,2006,2006
"45013",2006.75,2006.75,2006.75
"45014",2006,2006,2006
"45015",2006,2006,2006
"45030",2007.75,2007.75,2007.75
"45032",2006,2006,2006
"45033",2005.75,2005.75,2005.75
"45034",2006.25,2006.25,2006.25
"45036",2005.5,2006.25,2006.25
"45039",2006,2006,2006
"45040",2005.5,2005.5,2006.25
"45041",2005.75,2005.75,2005.75
"45042",2005.5,2006.75,2006.75
"45044",2005.5,2005.5,2005.5
"45050",2005.5,2005.5,2005.5
"45051",2005,2005,2005
"45052",2005.75,2005.75,2005.75
"45053",2007.75,2007.75,2007.75
"45054",2006.25,2006.25,2006.25
"45056",2006.75,2006.75,2006.75
"45062",2006,2006,2006
"45064",2006.75,2006.75,2006.75
"45065",2006.25,2006.25,2006.25
"45066",2005,2005,2005
"45067",2006,2006,2006.75
"45068",2005,2006,2006
"45069",2006,2006,2006.25
"45070",2006.75,2006.75,2006.75
"45101",2006,2006,2006
"45102",2005,2005,2005
"45103",2005.5,2005.5,2005.5
"45106",2005,2005.75,2007
"45107",2006.75,2006.75,2006.75
"45111",2005,2005,2005
"45112",2005,2005,2005
"45113",2007.25,2009.25,2010.75
"45115",2008.75,2009.75,2013.25
"45118",2006.75,2006.75,2006.75
"45120",2005.75,2005.75,2005.75
"45121",2005.75,2005.75,2006.25
"45122",2006,2006,2006
"45123",2008.75,2010.5,2011.75
"45130",2007,2007,2007
"45131",2005.75,2005.75,2005.75
"45132",2009.5,2010.5,2010.75
"45133",2005.75,2005.75,2006.5
"45135",2008.75,2010.5,2010.75
"45140",2006,2006,2006
"45142",2008.25,2008.5,2008.5
"45144",2006.5,2008.5,2008.75
"45145",2006.75,2006.75,2006.75
"45146",2006.25,2006.25,2007.5
"45147",2006.25,2006.25,2006.25
"45148",2006.75,2006.75,2007
"45150",2005.5,2005.5,2005.5
"45152",2006.25,2006.25,2006.25
"45153",2005,2005,2005
"45154",2006.75,2006.75,2007
"45155",2008,2008.75,2009.75
"45156",2005,2005,2005
"45157",2005,2005,2005
"45158",2005.5,2005.5,2005.5
"45159",2006.25,2008.5,2008.75
"45160",2005.5,2005.5,2005.5
"45162",2006,2006.75,2006.75
"45164",2005.75,2005.75,2005.75
"45166",2005.75,2005.75,2006.25
"45167",2006.25,2006.25,2006.25
"45168",2006.25,2006.5,2006.75
"45169",2006.25,2008.5,2008.75
"45171",2005,2005.25,2006.75
"45172",2005.25,2005.25,2005.25
"45174",2005,2005,2005
"45176",2006.75,2006.75,2006.75
"45177",2006,2006,2006.25
"45202",2005,2005,2005
"45203",2005,2005,2005
"45204",2005,2005,2005
"45205",2005,2005,2005
"45206",2005,2005,2005
"45207",2005,2005,2005
"45208",2005,2005,2005
"45209",2005,2005,2005
"45211",2005,2005,2005
"45212",2005,2005,2005
"45213",2005,2005,2005
"45214",2005,2005,2005
"45215",2006,2006,2006
"45216",2005,2005,2005
"45217",2005,2005,2005
"45218",2006,2006,2006
"45219",2005,2005,2005
"45220",2005,2005,2005
"45223",2005,2005,2005
"45224",2005,2005,2005
"45225",2005,2005,2005
"45226",2005,2005,2005
"45227",2005,2005,2005
"45229",2005,2005,2005
"45230",2005,2005,2005
"45231",2006,2006,2006
"45232",2005,2005,2005
"45233",2005.75,2005.75,2005.75
"45236",2005.75,2006.25,2006.25
"45237",2005,2005,2005
"45238",2005,2005,2005
"45239",2005,2005,2005
"45240",2006,2006,2006
"45241",2006.25,2006.25,2006.25
"45242",2006.25,2006.25,2006.25
"45243",2005,2005,2005
"45244",2005,2005,2005
"45245",2005,2005.5,2005.5
"45246",2006,2006,2006
"45247",2005.75,2006,2007.75
"45248",2005.75,2005.75,2005.75
"45249",2006.25,2006.25,2006.25
"45251",2006,2006,2006
"45252",2006,2006,2006
"45255",2005,2005,2005
"45301",2005,2005,2005
"45302",2005.25,2005.5,2005.5
"45303",2005.25,2005.25,2005.25
"45304",2005.25,2005.25,2005.25
"45305",2005.5,2005.5,2005.5
"45306",2005.25,2005.25,2005.5
"45307",2005.75,2005.75,2005.75
"45308",2005.25,2005.25,2005.25
"45309",2006.75,2006.75,2006.75
"45310",2005,2005,2005
"45311",2006.25,2006.25,2006.75
"45312",2005.75,2006.75,2009.75
"45314",2005.75,2005.75,2008.25
"45315",2005.25,2005.25,2005.25
"45316",2008.25,2008.25,2008.25
"45317",2008.25,2009.75,2010.5
"45318",2005.25,2005.5,2005.5
"45319",2005.75,2005.75,2005.75
"45320",2006.75,2006.75,2008.25
"45321",2006,2006,2006
"45322",2005.25,2005.25,2005.25
"45323",2010.25,2010.25,2010.25
"45324",2010.25,2010.25,2010.25
"45325",2006.5,2006.75,2008.5
"45326",2010.25,2010.5,2012.5
"45327",2006.5,2006.5,2006.5
"45328",2005.25,2005.25,2005.25
"45330",2006.75,2008.25,2008.75
"45331",2005.25,2005.25,2008.25
"45332",2009.25,2009.25,2009.25
"45333",2005.5,2005.75,2008.75
"45334",2005.25,2005.25,2005.25
"45335",2005.75,2005.75,2005.75
"45336",2005.5,2007.25,2009.25
"45337",2005.25,2005.25,2005.25
"45338",2006.75,2006.75,2006.75
"45339",2005.75,2005.75,2005.75
"45340",2005.25,2005.25,2005.25
"45341",2005.75,2008.25,2010.25
"45342",2005.5,2005.5,2006.5
"45344",2005.75,2005.75,2005.75
"45345",2006.5,2006.5,2006.75
"45346",2008.25,2008.25,2008.25
"45347",2006,2006,2006
"45348",2005,2005,2005
"45349",2005.75,2005.75,2005.75
"45350",2005,2005,2005
"45351",2005.25,2005.25,2005.25
"45352",2008.25,2008.25,2008.25
"45353",2005.75,2005.75,2005.75
"45354",2006.75,2006.75,2006.75
"45356",2005.5,2005.5,2005.5
"45358",2005.25,2005.25,2005.25
"45359",2005.75,2005.75,2005.75
"45360",2005.75,2005.75,2005.75
"45361",2005.25,2005.25,2005.25
"45362",2005,2005,2005
"45363",2005.25,2005.25,2005.25
"45365",2005.75,2005.75,2005.75
"45368",2008.25,2008.25,2008.25
"45369",2006,2006,2006
"45370",2005,2005.5,2006
"45371",2005.75,2005.75,2005.75
"45372",2005.75,2005.75,2005.75
"45373",2005.75,2005.75,2005.75
"45377",2005.25,2005.25,2005.75
"45378",2006.75,2006.75,2006.75
"45380",2005.25,2005.25,2005.25
"45381",2008.25,2008.75,2009.5
"45382",2006,2006,2006
"45383",2005.75,2005.75,2005.75
"45384",2005,2005,2005
"45385",2005,2005,2005.75
"45387",2010.25,2010.25,2010.25
"45388",2005.25,2005.25,2005.25
"45389",2010.25,2010.5,2012.5
"45390",2006.5,2007.75,2007.75
"45402",2005.5,2005.5,2005.5
"45403",2005.5,2005.5,2005.75
"45404",2005.75,2005.75,2005.75
"45405",2005.5,2005.5,2005.75
"45406",2005.25,2005.25,2005.25
"45409",2005.5,2005.5,2005.5
"45410",2005.5,2005.5,2005.5
"45414",2005.25,2005.75,2005.75
"45415",2005.25,2005.25,2005.25
"45416",2005.25,2005.25,2005.25
"45417",2006.5,2006.5,2006.5
"45418",2006.5,2006.5,2006.5
"45419",2005.5,2005.5,2005.5
"45420",2005.5,2005.5,2005.5
"45424",2005.75,2005.75,2005.75
"45426",2005.25,2005.25,2005.25
"45428",2006.5,2006.5,2006.5
"45429",2005.5,2005.5,2005.5
"45430",2005.5,2005.5,2005.5
"45431",2005.5,2005.5,2005.75
"45432",2005.5,2005.5,2005.5
"45433",2005.75,2005.75,2005.75
"45434",2005,2005,2005
"45439",2005.5,2005.5,2005.5
"45440",2005.5,2005.5,2005.5
"45449",2006.5,2006.5,2006.5
"45458",2005,2005,2005
"45459",2005.5,2005.5,2005.5
"45502",2005.75,2005.75,2008.25
"45503",2005,2005,2005
"45504",2005.75,2005.75,2005.75
"45505",2005,2005,2005
"45506",2005.75,2005.75,2005.75
"45601",2006.5,2006.5,2006.75
"45612",2006.25,2006.25,2006.5
"45613",2008.75,2008.75,2008.75
"45614",2006.75,2006.75,2006.75
"45616",2013.5,2014.5,9999
"45617",2005.75,2005.75,2005.75
"45618",2005.25,2005.25,2005.25
"45619",2005.25,2006.5,2006.5
"45620",2005.25,2005.25,2005.25
"45621",2006,2006,2006
"45622",2005.75,2005.75,2005.75
"45623",2007.25,2007.5,2007.5
"45624",2006.5,2006.5,2006.5
"45628",2005.75,2005.75,2005.75
"45629",2006.5,2006.5,2006.5
"45630",2007,2007,2009
"45631",2005.25,2006.75,2006.75
"45634",2006,2006,2006
"45636",2006.5,2006.5,2006.5
"45638",2006.5,2006.5,2006.5
"45640",2006.5,2006.5,2006.5
"45642",2006.5,2006.5,2006.5
"45644",2009,2009.25,2010.25
"45645",2007.25,2013.75,2013.75
"45646",2012.75,2013,2013
"45647",2006,2006,2006
"45648",2007,2008.75,2008.75
"45650",2010.5,2013.25,2014.5
"45651",2005.75,2006,2006
"45652",2007,2007,2007
"45653",2006.5,2008.75,2008.75
"45654",2005.75,2005.75,2005.75
"45656",2005.75,2005.75,2006.5
"45657",2009.5,2013,2013.5
"45658",2010.5,2011.5,2013.75
"45659",2008.5,2009,2013.5
"45660",2009.5,2009.5,2012.75
"45661",2006.5,2006.5,2008.75
"45662",2006.5,2006.5,2006.5
"45663",2007,2007,2012.5
"45669",2006.5,2006.5,2007.25
"45671",2012.5,2013,2013.25
"45672",2006,2006,2006
"45673",2006.75,2006.75,2006.75
"45674",2006.75,2006.75,2006.75
"45678",2007.25,2007.25,2007.25
"45679",2005.25,2006.5,2008.5
"45680",2005.75,2005.75,2005.75
"45681",2005.75,2005.75,2005.75
"45682",2006.5,2009,2009
"45684",2013.5,2014.5,2014.5
"45685",2005.75,2005.75,2006.75
"45686",2008.25,2008.25,2008.25
"45688",2009,2009.5,2014.5
"45690",2006.5,2006.75,2008.25
"45692",2006,2006,2006
"45693",2009.5,2010.5,2013.25
"45694",2009,2009,2009
"45695",2008.25,2008.25,2008.25
"45696",2007.25,2007.25,2007.25
"45697",2005.25,2005.25,2005.25
"45698",2008.25,2008.25,2008.25
"45701",2005.5,2006.5,2006.5
"45710",2008.25,2008.25,2008.25
"45711",2008.75,2013,2014.25
"45714",2005.75,2005.75,2005.75
"45715",2007.5,2007.75,2008.25
"45716",2006.5,2006.5,2006.5
"45719",2006.5,2006.5,2006.5
"45721",2007.5,2008.5,2010
"45723",2006.5,2007,2008.25
"45724",2007,2008.25,2008.5
"45727",2007.75,2007.75,2007.75
"45729",2005.75,2005.75,2005.75
"45732",2006,2006.5,2006.75
"45734",2013.5,2014.25,2017.75
"45735",2008.25,2008.25,2008.25
"45740",2006.5,2006.5,2006.5
"45741",2007.25,2008.25,2008.25
"45742",2006.25,2007,2007
"45743",2006.5,2008,2008.25
"45744",2007.75,2008.5,2010
"45745",2013.5,2014.25,9999
"45746",2007.75,2007.75,2008
"45750",2005.75,2005.75,2007.75
"45760",2005.25,2005.25,2005.25
"45761",2006.5,2006.5,2006.5
"45764",2005.75,2005.75,2005.75
"45766",2008.25,2008.25,2008.25
"45767",2007,2007.5,2011.75
"45768",2005.5,2007,2007
"45769",2006.5,2006.5,2008.25
"45770",2005.75,2005.75,2005.75
"45771",2006.5,2006.5,2006.5
"45772",2008,2008.25,2008.25
"45773",2008.25,2010,2013.5
"45775",2008,2008.25,2008.25
"45776",2006.5,2006.5,2008.25
"45778",2008.25,2008.5,2012.25
"45779",2006.5,2006.5,2006.5
"45780",2006.5,2006.5,2006.5
"45782",2006.5,2006.5,2006.5
"45784",2006.75,2008.25,2008.5
"45786",2005.75,2005.75,2008.25
"45787",2007.5,2008.5,2010
"45788",2010,2011.5,2013.5
"45789",2008.25,2011.5,2013.5
"45801",2005.25,2005.5,2005.5
"45804",2005.25,2005.25,2005.25
"45805",2005.5,2005.5,2005.5
"45806",2005.25,2005.5,2005.5
"45807",2005.5,2005.75,2008
"45808",2005.5,2005.5,2005.5
"45809",2009,2009.25,2009.5
"45810",2009,2009,2009.25
"45812",2009.25,2009.25,2009.25
"45813",2006.25,2006.25,2006.25
"45814",2005.5,2005.5,2005.5
"45816",2006.5,2006.5,2006.5
"45817",2009,2009,2009
"45819",2006,2006,2006
"45820",2005.5,2005.5,2005.5
"45821",2005.5,2006.25,2008.5
"45822",2005.75,2007,2008.75
"45826",2010.25,2010.25,2012.75
"45827",2005.75,2007.75,2008.25
"45828",2007,2007,2007
"45830",2005.5,2005.75,2006.75
"45831",2008.25,2009.25,2009.25
"45832",2005.5,2005.5,2006.5
"45833",2010,2010,2010
"45835",2005.25,2009.75,2009.75
"45836",2005.25,2005.25,2005.25
"45838",2006,2006,2008
"45840",2005.5,2005.5,2005.5
"45841",2006.5,2009,2009
"45843",2006.5,2009.25,2009.75
"45844",2008.5,2009,2009.5
"45845",2005.25,2005.25,2005.75
"45846",2006.5,2006.5,2007
"45849",2009.25,2009.25,2009.25
"45850",2009.25,2009.25,2009.25
"45851",2010.75,2010.75,2010.75
"45853",2005.75,2005.75,2005.75
"45854",2005.25,2005.25,2005.25
"45855",2010.75,2010.75,2010.75
"45856",2007,2007,2007
"45858",2005.5,2005.5,2005.5
"45859",2009.25,2009.25,2009.25
"45860",2008.75,2009.25,2010.25
"45861",2008.5,2009.25,2009.25
"45862",2006,2008,2009.25
"45863",2010,2010,2010
"45864",2008.25,2009.25,2009.25
"45865",2009,2009.25,2010.25
"45866",2007,2007,2007
"45867",2006,2006.5,2007
"45868",2006.5,2006.5,2006.5
"45869",2009.25,2010.25,2010.25
"45870",2009.25,2009.25,2009.25
"45871",2006,2006,2006
"45872",2005.5,2005.5,2007.75
"45873",2009.25,2009.5,2009.75
"45874",2009.25,2009.25,2009.25
"45875",2006.75,2006.75,2006.75
"45876",2010,2010,2010
"45877",2006.75,2006.75,2006.75
"45879",2005.5,2008,2010.5
"45880",2006.25,2008,2008
"45881",2006.5,2006.5,2006.5
"45882",2009.25,2009.25,2009.25
"45883",2007,2007,2007
"45884",2009.5,2010.75,2010.75
"45885",2005.25,2005.25,2005.25
"45886",2010.5,2010.75,2010.75
"45887",2005.5,2006,2006
"45888",2009.5,2010.75,2010.75
"45889",2005.5,2005.5,2005.5
"45890",2006.5,2007,2007
"45891",2007.75,2007.75,2009.25
"45894",2007,2008,2008.5
"45895",2006,2006,2006
"45896",2009.25,2009.25,2009.25
"45897",2005.25,2005.25,2005.25
"45898",2008.5,2009,2009.25
"45899",2008.5,2009,2009.25
"46001",2007.5,2007.5,2007.5
"46011",2010.25,2010.25,2010.25
"46012",2007.5,2007.5,2007.5
"46013",2007.25,2007.25,2007.25
"46016",2007.25,2007.25,2007.25
"46017",2007.25,2007.25,2007.25
"46030",2008,2010.5,2010.75
"46031",2008,2010.5,2010.75
"46032",2006.5,2006.5,2006.5
"46033",2006,2006.5,2006.5
"46034",2008,2008,2008
"46035",2006.25,2006.25,2007.25
"46036",2007.75,2009.25,2010.5
"46037",2006,2006,2006
"46038",2006,2006,2006
"46039",2007.5,2007.5,2007.5
"46040",2007,2007,2007
"46041",2005.75,2005.75,2006.25
"46044",2008,2009.25,2010.5
"46045",2007.5,2010.25,2010.5
"46047",2009,2010.5,2010.75
"46048",2007,2007,2007
"46049",2007.25,2007.25,2007.25
"46050",2005,2005,2005
"46051",2010.25,2010.25,2010.25
"46052",2007.25,2008.75,2010
"46055",2006,2006,2007
"46056",2007.25,2007.25,2007.25
"46057",2007.5,2007.5,2007.5
"46058",2007.25,2007.25,2007.25
"46060",2008,2008,2008
"46062",2008,2008,2008
"46063",2008,2009.25,2010.5
"46064",2007,2007,2008
"46065",2005.75,2005.75,2007.25
"46068",2007.25,2007.25,2007.25
"46069",2010.5,2010.75,2010.75
"46070",2007.5,2008,2010.25
"46071",2006.25,2006.75,2008
"46072",2007.25,2008,2010.5
"46074",2010.75,2010.75,2010.75
"46075",2008.75,2010.75,2012.25
"46076",2010.25,2010.5,2011.75
"46077",2006.75,2008,2010
"46103",2005.75,2005.75,2005.75
"46104",2010.25,2010.5,2010.5
"46105",2009.25,2009.75,2009.75
"46106",2005.5,2005.5,2005.5
"46107",2005.25,2005.5,2005.5
"46110",2005.25,2006.5,2007
"46111",2005.5,2005.5,2005.5
"46112",2005.75,2005.75,2006.25
"46113",2008,2009.75,2009.75
"46115",2010.5,2010.5,2010.5
"46117",2010.5,2010.5,2010.5
"46118",2005.75,2005.75,2005.75
"46120",2008.25,2009.25,2009.25
"46121",2005.75,2008,2008
"46122",2005.75,2006,2006
"46123",2005.75,2005.75,2005.75
"46124",2005.5,2009.5,2010.25
"46125",2009.25,2009.25,2009.25
"46126",2005.25,2007,2009
"46127",2006.25,2009.25,2010.5
"46128",2008,2008,2008
"46130",2005.25,2007.75,2010.25
"46131",2005.25,2005.25,2005.25
"46133",2005.25,2005.25,2005.25
"46135",2008.5,2008.5,2008.5
"46140",2005.25,2005.25,2007
"46142",2005.5,2005.5,2005.5
"46143",2005.25,2005.5,2005.5
"46144",2010.25,2010.5,2010.5
"46146",2010.25,2010.5,2010.5
"46147",2006.25,2007.25,2008.75
"46148",2008.5,2010.5,2010.5
"46149",2006,2006,2006
"46150",2006.5,2006.5,2006.5
"46151",2005.5,2005.5,2006.75
"46155",2010.5,2010.5,2012.5
"46156",2009.5,2009.75,2010.25
"46157",2009.25,2009.25,2009.25
"46158",2005.5,2005.5,2009.25
"46160",2005.5,2005.5,2007
"46161",2009.25,2010.5,2010.5
"46162",2005.25,2005.25,2005.25
"46163",2005.25,2005.25,2005.5
"46164",2005,2005,2005
"46165",2006,2006,2008.75
"46166",2005,2005,2007.5
"46167",2006,2006,2006
"46168",2009.75,2009.75,2009.75
"46171",2008.25,2008.25,2008.25
"46172",2009.75,2009.75,2009.75
"46173",2006.5,2009.5,2010.5
"46175",2005.5,2007.25,2010.75
"46176",2006.75,2009.25,2010.25
"46180",2005.75,2005.75,2008.5
"46181",2005.25,2005.5,2007
"46182",2006.5,2006.5,2006.5
"46183",2005.5,2005.5,2005.5
"46184",2005.25,2005.25,2005.25
"46186",2007,2007.75,2008.5
"46201",2005.5,2005.5,2005.5
"46202",2005.5,2005.5,2005.5
"46203",2005.5,2005.5,2005.5
"46204",2005.5,2005.5,2005.5
"46205",2005.5,2005.5,2005.5
"46208",2005.5,2005.5,2005.5
"46214",2005.5,2005.75,2005.75
"46216",2006,2006,2006
"46217",2005.5,2005.5,2005.5
"46218",2005.5,2005.5,2005.5
"46219",2005.5,2005.5,2005.5
"46220",2006,2006,2006.5
"46221",2005.5,2005.5,2005.5
"46222",2005.5,2005.5,2005.5
"46224",2005.5,2005.5,2005.5
"46225",2005.5,2005.5,2005.5
"46226",2005.5,2005.5,2005.5
"46227",2005.5,2005.5,2005.5
"46228",2005.5,2005.5,2005.5
"46229",2005.5,2005.5,2005.5
"46231",2005.75,2006,2009.75
"46234",2005.75,2005.75,2005.75
"46235",2005.5,2005.5,2005.5
"46236",2006,2006,2006
"46237",2005.25,2005.25,2005.25
"46239",2005.25,2005.5,2005.5
"46240",2006.5,2006.5,2006.5
"46241",2005.5,2005.5,2005.5
"46250",2006,2006,2006
"46254",2005.5,2005.5,2005.75
"46256",2006,2006,2006
"46259",2005.25,2005.25,2005.25
"46260",2006.5,2006.5,2006.5
"46268",2006.5,2006.5,2006.5
"46278",2006.75,2008,2010
"46280",2006.5,2006.5,2006.5
"46290",2006.5,2006.5,2006.5
"46301",2008.75,2008.75,2008.75
"46303",2005.75,2005.75,2005.75
"46304",2006.75,2006.75,2006.75
"46307",2005.75,2005.75,2007.5
"46310",2006.75,2008,2008.25
"46311",2005.75,2005.75,2005.75
"46312",2005.25,2005.25,2009.25
"46319",2005.25,2005.25,2005.25
"46320",2005.25,2005.25,2005.25
"46321",2005.25,2005.25,2005.25
"46322",2005.25,2005.25,2005.25
"46323",2005.25,2005.25,2005.25
"46324",2005.25,2005.25,2005.25
"46327",2005.25,2005.25,2005.25
"46340",2008,2008.5,2009.25
"46341",2005.25,2005.25,2005.25
"46342",2005.25,2005.25,2005.25
"46345",2005.5,2005.5,2005.5
"46346",2005.5,2005.75,2008
"46347",2007.25,2007.25,2009
"46348",2009.25,2009.25,2009.25
"46349",2007,2007,2007.25
"46350",2005.75,2007.5,2008.5
"46356",2006,2007,2008.75
"46360",2007.5,2007.5,2007.5
"46365",2008,2008,2008
"46366",2009.25,2009.5,2009.5
"46368",2005.25,2005.25,2005.25
"46371",2009.5,2009.5,2009.5
"46373",2005.75,2005.75,2005.75
"46374",2009.25,2009.25,2009.25
"46375",2005.75,2005.75,2005.75
"46376",2006.75,2007,2007.25
"46377",2008,2008,2008.25
"46379",2006.75,2007,2007.25
"46381",2008.25,2008.25,2008.25
"46382",2008,2008.5,2008.5
"46383",2006.75,2007.25,2007.25
"46385",2006.75,2007.25,2007.25
"46390",2007.75,2008.5,2008.75
"46391",2008.5,2008.5,2008.5
"46392",2006.75,2006.75,2007.25
"46393",2005.25,2005.25,2005.25
"46394",2009.25,2009.25,2009.25
"46402",2005.25,2005.25,2005.25
"46403",2005.25,2005.25,2005.25
"46404",2005.25,2005.25,2005.25
"46405",2005.25,2005.25,2005.25
"46406",2005.25,2005.25,2005.25
"46407",2005.25,2005.25,2005.25
"46408",2005.25,2005.25,2005.25
"46409",2005.25,2005.25,2005.25
"46410",2005.75,2005.75,2005.75
"46501",2005.75,2005.75,2005.75
"46502",2009.5,2009.75,2011.75
"46504",2006,2006,2006.75
"46506",2006,2006,2006.5
"46507",2005.5,2005.5,2005.5
"46508",2009,2009,2009
"46510",2009,2009,2009
"46511",2005.5,2005.5,2005.75
"46514",2005.25,2005.25,2005.5
"46516",2005.5,2005.5,2005.5
"46517",2005.25,2005.25,2005.25
"46524",2006,2006.75,2006.75
"46526",2006,2006,2006
"46528",2005.5,2005.5,2005.5
"46530",2005.25,2005.25,2006.5
"46531",2005.75,2005.75,2005.75
"46532",2006.25,2008,2008.5
"46534",2008.5,2009.5,2009.5
"46536",2008,2008,2008
"46537",2005.25,2005.25,2005.25
"46538",2005.75,2006.75,2006.75
"46539",2008.75,2009.5,2011.75
"46540",2005.25,2005.25,2005.25
"46542",2006.75,2006.75,2006.75
"46543",2008,2009.75,2010
"46544",2005.25,2005.25,2006.5
"46545",2005.25,2005.25,2005.5
"46550",2006,2006,2006
"46552",2008,2008,2008
"46553",2006,2006,2006
"46554",2008,2008,2008
"46555",2005.75,2005.75,2005.75
"46556",2006.5,2006.5,2006.5
"46561",2005,2005.25,2005.25
"46562",2005.5,2005.5,2005.5
"46563",2005.25,2005.25,2005.75
"46565",2005.25,2005.25,2007.25
"46567",2005.75,2005.75,2005.75
"46570",2008,2008.5,2009
"46571",2006,2006,2006
"46573",2007.25,2008,2008
"46574",2005.75,2005.75,2008
"46580",2007.5,2009,2009.75
"46582",2006,2006.75,2006.75
"46590",2005.5,2006.5,2008.75
"46595",2008,2008,2008
"46601",2006.5,2006.5,2006.5
"46613",2006.5,2006.5,2006.5
"46614",2006.5,2006.5,2008
"46615",2006.5,2006.5,2006.5
"46616",2006.5,2006.5,2006.5
"46617",2006.5,2006.5,2006.5
"46619",2006.5,2006.5,2008
"46628",2006.5,2006.5,2006.5
"46635",2006.5,2006.5,2006.5
"46637",2006.5,2006.5,2006.5
"46701",2006.25,2006.25,2006.25
"46702",2008.75,2008.75,2008.75
"46703",2006.5,2006.5,2008
"46704",2008.75,2008.75,2008.75
"46705",2006.5,2006.5,2006.5
"46706",2005.5,2006.5,2006.5
"46710",2006,2006.5,2006.5
"46711",2009,2010.5,2010.5
"46714",2008,2008,2008
"46721",2007.25,2008,2009
"46723",2006.75,2006.75,2006.75
"46725",2006.75,2006.75,2008
"46730",2006.5,2006.5,2006.5
"46731",2008,2008,2008
"46732",2005.75,2005.75,2005.75
"46733",2005.5,2007,2007
"46737",2006.5,2006.5,2008.75
"46738",2006.5,2006.5,2006.5
"46740",2010.5,2010.5,2010.5
"46741",2006.5,2006.5,2006.5
"46742",2006.5,2006.5,2008
"46743",2006.25,2006.5,2006.5
"46745",2007,2007,2007
"46746",2005.5,2005.75,2007.25
"46747",2006.5,2006.5,2006.5
"46748",2005.25,2005.25,2005.25
"46750",2005.5,2005.5,2006.5
"46755",2005.75,2005.75,2005.75
"46759",2009.25,2009.25,2009.25
"46760",2006.25,2006.25,2006.25
"46761",2006.75,2007.25,2007.25
"46763",2006.5,2006.5,2006.5
"46764",2005.5,2006.25,2006.5
"46765",2005.25,2006.5,2006.5
"46766",2006.5,2008,2008
"46767",2006,2006,2006.25
"46770",2005.5,2006.5,2006.5
"46771",2006.75,2008,2010.25
"46772",2005.5,2005.5,2007.75
"46773",2007,2007,2007
"46774",2007,2007,2007
"46776",2006.5,2006.75,2009.25
"46777",2006.75,2006.75,2006.75
"46779",2006.5,2007.25,2009
"46781",2008.5,2009.25,2009.25
"46783",2005.5,2005.5,2006.75
"46784",2005.75,2005.75,2005.75
"46785",2005.5,2005.5,2005.5
"46786",2005.75,2005.75,2005.75
"46787",2006.5,2006.75,2006.75
"46788",2005.5,2005.5,2006.5
"46791",2006.75,2006.75,2008
"46792",2006.75,2008.5,2008.5
"46793",2006.5,2006.5,2009
"46794",2006,2006,2006
"46795",2005.75,2005.75,2006
"46797",2006.5,2006.5,2006.5
"46798",2006.75,2006.75,2006.75
"46799",2005.5,2005.5,2005.5
"46802",2005.25,2005.25,2005.25
"46803",2005.25,2005.25,2005.25
"46804",2005.25,2005.25,2008.5
"46805",2005.25,2005.25,2005.25
"46806",2005.25,2005.25,2005.25
"46807",2005.25,2005.25,2005.25
"46808",2005.25,2005.25,2005.25
"46809",2005.25,2005.25,2005.25
"46814",2008.75,2008.75,2008.75
"46815",2005.25,2005.25,2006.5
"46816",2006.75,2007,2007
"46818",2005.25,2006.75,2006.75
"46819",2006.75,2006.75,2006.75
"46825",2005.25,2005.25,2005.25
"46835",2005.25,2006.5,2006.5
"46845",2005.25,2005.25,2005.25
"46901",2005.25,2005.5,2005.5
"46902",2007,2007.25,2007.25
"46910",2009,2009.75,2012.25
"46911",2006.5,2006.5,2006.5
"46913",2009.25,2009.25,2009.25
"46914",2008.75,2010.5,2010.5
"46915",2005.5,2005.5,2005.5
"46917",2009.25,2009.25,2010.5
"46919",2006.5,2007,2007
"46920",2006,2009.25,2009.25
"46922",2006.75,2006.75,2006.75
"46923",2006,2007,2009
"46926",2009,2009.75,2012.25
"46928",2007.25,2008,2008
"46929",2009.25,2009.25,2009.25
"46930",2007.5,2007.75,2010
"46931",2012.25,2012.5,2015.75
"46932",2005.5,2006.75,2008.75
"46933",2008,2008,2008
"46936",2007,2007,2007
"46938",2007.75,2008,2008
"46939",2009,2009.75,2012.25
"46940",2007.25,2007.25,2007.25
"46941",2005,2005,2005
"46943",2009.5,2009.75,2012.25
"46946",2006.5,2006.5,2006.5
"46947",2009,2009.25,2009.75
"46950",2009,2009.75,2009.75
"46951",2012.25,2015.75,2015.75
"46952",2006.75,2007.25,2007.25
"46953",2005.5,2007.25,2008
"46957",2007.5,2008,2008.5
"46958",2008.25,2008.25,2008.25
"46959",2010.25,2010.5,2010.5
"46960",2006.75,2006.75,2006.75
"46961",2008.25,2008.25,2008.25
"46962",2009,2009.5,2009.5
"46967",2010.25,2010.5,2010.5
"46968",2006.75,2006.75,2006.75
"46970",2006.5,2008.25,2008.25
"46974",2009.5,2009.75,2012.25
"46975",2008,2008.75,2015
"46978",2009.75,2009.75,2009.75
"46979",2007.25,2007.25,2007.5
"46982",2009,2009,2009
"46984",2007.25,2007.25,2007.25
"46985",2009.5,2009.5,2009.5
"46986",2005.5,2005.5,2005.5
"46987",2005.5,2005.5,2005.5
"46988",2009,2009,2012.25
"46989",2006.25,2008,2008
"46990",2009.5,2009.5,2009.5
"46991",2006.75,2006.75,2006.75
"46992",2006.25,2006.25,2006.25
"46994",2010.5,2010.5,2012.75
"46996",2009.5,2009.5,2009.5
"46998",2005.5,2005.5,2005.5
"47001",2005.25,2005.25,2007.5
"47003",2007,2007.75,2008
"47006",2009.25,2009.25,2009.75
"47010",2005,2005,2005
"47011",2009,2009,2010.5
"47012",2005.25,2005.5,2007
"47016",2005,2005,2005.5
"47017",2009.5,2009.5,2012.5
"47018",2008.5,2009.25,2009.5
"47020",2009,2009,2009
"47022",2007.5,2007.75,2009
"47023",2009.5,2009.5,2009.5
"47024",2005.25,2006,2007
"47025",2007.75,2007.75,2009
"47030",2007,2007,2007
"47031",2007.5,2007.5,2007.5
"47032",2007.5,2007.5,2007.75
"47034",2009.25,2009.25,2009.25
"47035",2005.5,2005.5,2005.5
"47036",2005.25,2006.25,2009.75
"47037",2009.25,2009.25,2009.25
"47038",2006.5,2006.5,2008.25
"47040",2007.5,2009,2009
"47041",2007.5,2007.5,2009.25
"47042",2009.5,2009.5,2009.5
"47043",2007.5,2008.5,2009
"47060",2005.5,2005.5,2005.5
"47102",2007.25,2008.5,2008.75
"47104",2009.75,2009.75,2009.75
"47106",2007,2007,2007
"47108",2009.75,2010.75,2012.75
"47110",2006,2006,2006
"47111",2006.5,2006.75,2007
"47112",2006,2006,2006
"47114",2007.75,2007.75,2007.75
"47115",2009.25,2009.25,2009.25
"47116",2005.25,2005.25,2005.25
"47117",2007.75,2007.75,2009
"47118",2007,2009.25,2009.25
"47119",2007,2008.25,2008.5
"47120",2009.75,2010.75,2010.75
"47122",2007.75,2007.75,2008.25
"47123",2009.25,2009.75,2009.75
"47124",2007.75,2007.75,2007.75
"47125",2010.75,2010.75,2010.75
"47126",2007,2007.25,2007.25
"47129",2006.75,2006.75,2006.75
"47130",2006.75,2006.75,2006.75
"47135",2006,2006,2006
"47136",2007.75,2007.75,2007.75
"47137",2009.25,2009.25,2009.75
"47138",2007.5,2008.5,2008.75
"47140",2009.25,2009.25,2009.25
"47141",2007,2007.25,2007.25
"47142",2008.5,2008.5,2008.5
"47143",2006.5,2006.5,2006.5
"47145",2009.25,2009.25,2009.25
"47147",2008,2008.75,2009.75
"47150",2006.75,2007.75,2007.75
"47160",2006,2006,2006
"47161",2007.75,2007.75,2007.75
"47162",2008,2008.75,2009.75
"47163",2006.5,2006.5,2007.25
"47164",2007.75,2007.75,2007.75
"47165",2007,2008.5,2009.25
"47166",2007.75,2007.75,2007.75
"47167",2009.75,2009.75,2009.75
"47170",2007.25,2008.25,2008.5
"47172",2006.5,2006.75,2006.75
"47175",2005.25,2005.25,2005.25
"47177",2007.25,2007.25,2007.25
"47201",2005.5,2006.25,2009.5
"47203",2005,2005,2005.75
"47220",2005.25,2005.5,2006.25
"47223",2006.5,2006.5,2006.5
"47224",2009.5,2009.75,2012.5
"47226",2010.25,2010.25,2010.25
"47227",2005.75,2006,2006.75
"47229",2007,2007,2007
"47230",2008.75,2008.75,2008.75
"47231",2005.75,2005.75,2005.75
"47232",2005,2005.75,2005.75
"47234",2006.75,2009.75,2010.25
"47235",2005.5,2006.25,2006.25
"47240",2006.5,2006.75,2009.5
"47243",2008.5,2009,2009.75
"47244",2005.75,2005.75,2005.75
"47246",2006.75,2006.75,2009.5
"47247",2005,2005.25,2006.25
"47250",2009,2009.5,2009.5
"47260",2008.25,2008.25,2008.25
"47263",2009.75,2009.75,2009.75
"47264",2007,2007,2007
"47265",2006.5,2006.5,2006.5
"47270",2006.5,2008.5,2008.75
"47272",2006.5,2006.75,2006.75
"47273",2006.5,2006.5,2006.5
"47274",2005.25,2005.25,2005.5
"47280",2005,2005,2005
"47281",2005.25,2005.25,2007
"47282",2006.5,2006.5,2006.5
"47283",2005.75,2005.75,2006.75
"47302",2006,2006,2006
"47303",2006,2008.5,2008.5
"47304",2006,2006,2006
"47305",2006,2006,2006
"47306",2006,2006,2006
"47320",2008.5,2008.5,2008.5
"47324",2008,2009.25,2009.25
"47325",2006.75,2009.25,2009.25
"47326",2009,2009.25,2010.5
"47327",2006.25,2009.25,2010.5
"47330",2006.75,2009.25,2009.25
"47331",2005.5,2007,2009.75
"47334",2007.25,2007.25,2007.25
"47335",2006.25,2009.25,2010.5
"47336",2008,2009.25,2010.5
"47337",2010.5,2010.5,2012.5
"47338",2008.5,2008.5,2008.5
"47339",2009.25,2009.25,2009.25
"47340",2008.5,2008.5,2008.75
"47341",2009.25,2009.25,2009.25
"47342",2007.75,2008.5,2008.5
"47344",2005.5,2005.5,2005.5
"47345",2009.25,2009.25,2012
"47346",2006.25,2009.25,2009.25
"47348",2006.25,2006.25,2006.25
"47351",2005.5,2005.5,2005.5
"47352",2010.5,2010.5,2010.5
"47353",2007.75,2008,2009.25
"47354",2005.75,2006,2007.25
"47355",2009.25,2009.25,2009.25
"47356",2005.75,2005.75,2006
"47357",2006.25,2009.25,2009.25
"47358",2009.25,2009.25,2009.25
"47359",2008.5,2008.5,2008.5
"47360",2005.75,2006,2007.25
"47361",2005.75,2005.75,2005.75
"47362",2005.5,2005.5,2005.5
"47367",2005.75,2005.75,2005.75
"47368",2008.5,2008.5,2008.5
"47369",2008.25,2008.5,2009.25
"47371",2008.25,2008.25,2008.75
"47373",2008.5,2009.5,2010.5
"47374",2005,2005,2006.25
"47380",2009.5,2009.5,2009.5
"47381",2006.5,2006.5,2006.5
"47382",2007.75,2007.75,2007.75
"47383",2008.5,2008.5,2008.5
"47384",2006.25,2007.25,2008
"47385",2005.5,2005.5,2010.5
"47386",2005.75,2005.75,2005.75
"47387",2005.75,2006.25,2009.25
"47388",2005.75,2005.75,2005.75
"47390",2007.75,2007.75,2007.75
"47393",2009.25,2009.25,2009.25
"47394",2008.25,2009.25,2009.5
"47396",2007.5,2007.5,2007.5
"47401",2008.75,2009.75,2010.75
"47403",2008,2008,2008
"47404",2006.75,2006.75,2006.75
"47405",2006.75,2006.75,2006.75
"47406",2006.75,2006.75,2006.75
"47408",2005,2005,2005
"47420",2005.5,2005.5,2005.5
"47421",2005.5,2007.25,2007.75
"47424",2008,2008.5,2009.25
"47427",2009.75,2010.25,2010.25
"47429",2006.75,2006.75,2006.75
"47431",2009.75,2009.75,2010.25
"47432",2005,2005.25,2005.25
"47433",2005,2005,2005.25
"47434",2008,2008,2008
"47436",2005.5,2005.5,2005.5
"47437",2010,2010,2010
"47438",2009.75,2010.25,2010.25
"47441",2010.25,2010.25,2010.25
"47443",2007,2009.25,2009.75
"47446",2007.75,2008,2009.75
"47448",2005,2005.5,2006.25
"47449",2005.25,2005.25,2008.5
"47451",2005.5,2005.5,2005.5
"47452",2008,2008,2009.75
"47453",2005.25,2005.25,2005.25
"47454",2009.25,2009.75,2010
"47455",2005.25,2005.25,2005.25
"47456",2009.25,2009.25,2009.25
"47457",2005.25,2005.25,2008.5
"47458",2009.75,2010.75,2011
"47459",2009.25,2009.25,2009.25
"47460",2007.25,2008.5,2009.25
"47462",2005.5,2005.5,2005.5
"47464",2006.75,2006.75,2006.75
"47465",2008.5,2008.5,2008.5
"47467",2008.25,2008.25,2009.25
"47468",2005,2005,2005
"47469",2010,2010,2010
"47470",2007.25,2007.25,2007.25
"47471",2008.5,2008.5,2009.75
"47501",2005.5,2007.5,2008
"47512",2005.25,2005.25,2005.25
"47513",2005.25,2005.25,2007.75
"47514",2009,2009.25,2009.25
"47515",2009,2009.25,2009.25
"47516",2005.25,2005.25,2005.25
"47519",2007.75,2007.75,2010
"47520",2007.75,2007.75,2007.75
"47521",2005.25,2005.25,2005.25
"47522",2005.25,2005.25,2005.25
"47523",2005.5,2007.5,2007.75
"47524",2005.75,2008.5,2008.5
"47525",2005.25,2005.25,2006
"47527",2005.25,2005.25,2007.75
"47528",2005.25,2005.25,2005.25
"47529",2005.75,2007,2007
"47531",2009.25,2009.25,2009.25
"47532",2005.5,2009,2009.25
"47535",2005.25,2005.25,2005.25
"47536",2009.25,2009.25,2009.75
"47537",2005.5,2005.5,2005.5
"47541",2007.5,2007.75,2009.25
"47542",2007.5,2007.75,2009.25
"47546",2007.5,2009,2009.25
"47550",2005.5,2007.75,2009.25
"47551",2005.25,2009,2009.75
"47552",2005.5,2005.5,2005.5
"47553",2007.75,2007.75,2009.25
"47557",2005.5,2005.5,2005.5
"47558",2007,2007.75,2009.25
"47561",2005.25,2005.75,2009.5
"47562",2007,2007,2007
"47564",2009,2009.25,2010
"47567",2005.5,2007.5,2007.75
"47568",2005.25,2005.25,2005.5
"47574",2009.25,2009.25,2014.75
"47575",2005.25,2005.25,2005.25
"47576",2009,2009.25,2009.25
"47577",2009,2009.25,2009.25
"47578",2005.75,2008.5,2009.75
"47579",2007.5,2009.25,2009.25
"47580",2005.25,2005.25,2005.25
"47581",2007.75,2008,2010
"47584",2007.75,2007.75,2007.75
"47585",2007.75,2007.75,2007.75
"47586",2005.25,2005.25,2007.75
"47588",2009.25,2009.25,2009.25
"47590",2007.5,2007.5,2009.25
"47591",2005.25,2005.75,2008
"47596",2005.25,2005.25,2005.25
"47597",2005.25,2005.25,2005.25
"47598",2007.5,2007.5,2007.5
"47601",2007.75,2007.75,2007.75
"47610",2005.75,2005.75,2006.5
"47611",2005.5,2005.5,2007.5
"47612",2005.5,2005.5,2005.5
"47613",2006,2006.5,2007.5
"47615",2009.25,2009.25,2009.25
"47616",2007.5,2009,2009
"47619",2007.75,2007.75,2007.75
"47620",2009.25,2009.75,2010.75
"47630",2005.75,2007.25,2007.75
"47631",2007.5,2007.5,2007.5
"47633",2005.5,2007.75,2008.75
"47634",2007.75,2007.75,2007.75
"47635",2007.75,2007.75,2009.25
"47637",2007.75,2007.75,2007.75
"47638",2001.5,2010.75,2010.75
"47639",2006.5,2007.5,2007.75
"47640",2005.5,2005.5,2007.5
"47648",2007.5,2007.5,2007.75
"47649",2007.75,2007.75,2008.5
"47654",2007.5,2007.5,2007.75
"47660",2007.5,2007.75,2007.75
"47665",2005.5,2005.5,2005.5
"47666",2005.5,2007.75,2007.75
"47670",2005.5,2007.5,2007.75
"47683",2007.5,2007.5,2007.75
"47708",2005.75,2005.75,2005.75
"47710",2005.75,2005.75,2005.75
"47711",2005.75,2005.75,2005.75
"47712",2005.75,2005.75,2006.5
"47713",2005.75,2005.75,2005.75
"47714",2005.75,2005.75,2005.75
"47715",2005.75,2005.75,2005.75
"47720",2005.75,2005.75,2005.75
"47725",2005.75,2005.75,2005.75
"47802",2005.5,2006.25,2008.25
"47803",2005.5,2005.75,2005.75
"47804",2005.75,2005.75,2005.75
"47805",2005.75,2005.75,2005.75
"47807",2005.75,2005.75,2005.75
"47809",2005.75,2005.75,2005.75
"47832",2005.75,2008.25,2011.75
"47833",2005.25,2005.25,2005.25
"47834",2007,2008.25,2008.5
"47836",2008.25,2009.75,2009.75
"47837",2008.25,2009.75,2009.75
"47838",2009.75,2010.25,2010.75
"47840",2005.75,2006.25,2006.25
"47841",2007.25,2009.75,2009.75
"47842",2006.75,2007.75,2008.5
"47846",2006.25,2006.25,2006.25
"47847",2007.25,2008.25,2009.5
"47848",2010.25,2010.25,2010.25
"47849",2010.75,2010.75,2011
"47850",2008.25,2008.25,2008.25
"47853",2008.5,2009.75,2011
"47854",2005.5,2006.75,2008.25
"47855",2008.25,2008.25,2008.25
"47857",2008.5,2009.75,2011
"47858",2008.25,2008.25,2009.75
"47859",2008.25,2011.75,2012.5
"47860",2006,2008.25,2009.75
"47861",2010.75,2010.75,2010.75
"47862",2005.5,2006,2008.25
"47863",2006,2006.75,2007.75
"47865",2008.25,2009.75,2010.25
"47866",2008.25,2008.25,2008.25
"47868",2005.25,2005.25,2005.25
"47869",2010.25,2010.75,2011
"47871",2005.5,2005.5,2005.5
"47872",2007.25,2008.5,2011.75
"47874",2005.75,2007.75,2009.75
"47876",2006,2006.75,2007.75
"47879",2008.25,2008.25,2010.25
"47880",2005.75,2005.75,2005.75
"47881",2008.5,2009.75,2011
"47882",2010.75,2010.75,2010.75
"47884",2006.75,2007,2007.75
"47885",2006.75,2007.75,2009
"47901",2005.75,2005.75,2005.75
"47904",2005.75,2005.75,2005.75
"47905",2006,2006.75,2007.25
"47906",2005.25,2005.5,2005.5
"47907",2005.75,2005.75,2005.75
"47909",2005.25,2005.75,2005.75
"47916",2009,2011.75,2012.5
"47917",2011,2011,2011.5
"47918",2009.25,2009.25,2009.75
"47920",2005.5,2005.5,2005.5
"47921",2008.5,2010.75,2011.5
"47922",2008,2008.5,2009.5
"47923",2005.5,2005.5,2006
"47924",2006,2006,2006
"47925",2009.5,2009.75,2009.75
"47926",2009.75,2009.75,2009.75
"47928",2005.75,2008.25,2008.25
"47929",2007,2008.5,2008.5
"47930",2006,2006.75,2007.25
"47932",2008.25,2008.25,2008.5
"47933",2006.25,2007.25,2007.25
"47940",2006.25,2006.25,2006.25
"47941",2007.25,2007.25,2007.25
"47942",2009.5,2009.5,2012.5
"47943",2007,2007,2008
"47944",2008.5,2009.75,2011.5
"47946",2008,2008.5,2008.5
"47948",2008.5,2008.5,2009.5
"47949",2009,2009.25,2010.75
"47950",2009.5,2009.75,2009.75
"47951",2008.5,2009.5,2010.75
"47952",2009,2011.75,2011.75
"47954",2008.75,2008.75,2008.75
"47955",2005,2005,2005
"47957",2008.75,2009.5,2009.5
"47958",2009,2009.25,2009.25
"47959",2008,2008.5,2008.5
"47960",2009.5,2009.5,2009.75
"47963",2007,2007,2007.5
"47964",2007,2007,2007
"47965",2005.25,2005.25,2005.25
"47966",2005.5,2005.5,2008.25
"47967",2005.5,2007.25,2007.25
"47968",2008.75,2008.75,2008.75
"47969",2009.75,2009.75,2009.75
"47970",2005.25,2005.25,2005.25
"47971",2005.5,2008.5,2008.5
"47974",2005.75,2008.25,2008.75
"47975",2007,2007,2007
"47977",2008.5,2009.5,2009.75
"47978",2007,2008,2008
"47980",2008,2008.5,2008.5
"47981",2005,2005,2005
"47982",2005.75,2005.75,2005.75
"47983",2006,2006.75,2007.25
"47987",2008.25,2008.25,2008.75
"47989",2007.25,2010.75,2012.5
"47990",2008.75,2009,2009.75
"47991",2005.75,2005.75,2006.75
"47992",2005.25,2005.5,2009.75
"47993",2008.75,2009.25,2011
"47994",2009,2009.25,2009.75
"47995",2008.5,2008.5,2009.75
"47997",2008.5,2009.25,2009.75
"48001",2009.75,2009.75,2011.75
"48002",2006.25,2006.25,2006.25
"48003",2005.25,2006.25,2007.25
"48005",2005.5,2006.25,2007.25
"48006",2006.75,2006.75,2006.75
"48009",2005.25,2005.25,2005.25
"48014",2006.5,2007.25,2007.25
"48015",2005.75,2005.75,2005.75
"48017",2005.75,2005.75,2005.75
"48021",2007.25,2007.25,2007.25
"48022",2006.25,2007.25,2007.25
"48023",2009.75,2009.75,2009.75
"48025",2005.25,2005.25,2005.25
"48026",2007.25,2007.25,2007.25
"48027",2006.25,2006.25,2006.25
"48028",2009.75,2009.75,2009.75
"48030",2005.75,2005.75,2005.75
"48032",2006.75,2006.75,2006.75
"48033",2005.25,2005.25,2005.25
"48034",2005.25,2005.25,2005.25
"48035",2007.25,2007.25,2007.25
"48036",2005.75,2007.25,2007.25
"48038",2005.75,2005.75,2005.75
"48039",2009.75,2009.75,2011.25
"48040",2005.75,2005.75,2005.75
"48041",2006.25,2006.25,2006.25
"48042",2005.75,2005.75,2005.75
"48043",2005.75,2005.75,2005.75
"48044",2005.75,2005.75,2005.75
"48045",2005.75,2005.75,2005.75
"48047",2005.75,2005.75,2005.75
"48048",2005.5,2005.5,2005.5
"48049",2006.75,2006.75,2006.75
"48050",2005.5,2005.5,2005.5
"48051",2005.75,2005.75,2005.75
"48054",2006.75,2006.75,2009
"48059",2005,2006.75,2009
"48060",2005.75,2005.75,2005.75
"48062",2005.5,2005.5,2005.5
"48063",2006.25,2006.5,2009.75
"48064",2010.25,2010.75,2010.75
"48065",2007.25,2007.25,2007.25
"48066",2007.25,2007.25,2007.25
"48067",2005.75,2005.75,2005.75
"48069",2005.75,2005.75,2005.75
"48070",2005.75,2005.75,2005.75
"48071",2005.75,2005.75,2005.75
"48072",2005.25,2005.25,2005.25
"48073",2005.25,2005.75,2005.75
"48074",2006.25,2006.25,2006.25
"48075",2005.25,2005.25,2005.25
"48076",2005.25,2005.25,2005.25
"48079",2006.25,2006.25,2006.75
"48080",2007.25,2007.25,2007.25
"48081",2007.25,2007.25,2007.25
"48082",2007.25,2007.25,2007.25
"48083",2005.75,2005.75,2005.75
"48084",2005.25,2005.25,2005.25
"48085",2005.5,2005.75,2005.75
"48088",2005.75,2005.75,2005.75
"48089",2005.75,2005.75,2005.75
"48091",2005.75,2005.75,2005.75
"48092",2005.75,2005.75,2005.75
"48093",2005.75,2005.75,2005.75
"48094",2005.5,2005.5,2007.25
"48095",2007.25,2007.25,2007.25
"48096",2005.5,2005.5,2005.75
"48097",2007.25,2007.25,2007.25
"48098",2005.25,2005.25,2005.25
"48101",2005.75,2005.75,2005.75
"48103",2005.25,2005.25,2005.25
"48104",2006.25,2006.25,2006.25
"48105",2006.25,2006.25,2006.25
"48108",2006.25,2006.25,2006.25
"48109",2006.25,2006.25,2006.25
"48111",2005.75,2005.75,2005.75
"48114",2005.25,2005.25,2006.5
"48116",2006.5,2006.5,2006.5
"48117",2005.5,2005.75,2005.75
"48118",2009.75,2010,2010
"48120",2005.75,2006.5,2006.5
"48122",2006.5,2006.5,2006.5
"48124",2005.75,2005.75,2005.75
"48125",2005.75,2005.75,2005.75
"48126",2005.25,2005.25,2005.25
"48127",2005.25,2005.25,2005.25
"48128",2005.75,2005.75,2005.75
"48130",2005.25,2005.25,2005.25
"48131",2005.5,2005.5,2005.5
"48133",2007,2007,2007
"48134",2005.5,2005.5,2005.5
"48135",2005.75,2005.75,2005.75
"48137",2005,2005,2005
"48138",2007,2007,2007
"48139",2006.75,2007.25,2007.5
"48140",2007,2007,2007
"48141",2005.75,2005.75,2005.75
"48143",2006.75,2007.25,2007.5
"48144",2005,2005,2005
"48145",2007,2007,2007
"48146",2006.5,2006.5,2006.5
"48150",2005.25,2005.25,2005.75
"48152",2005.25,2005.25,2006.5
"48154",2005.25,2005.25,2006.5
"48157",2007,2007,2007
"48158",2005.5,2005.5,2005.5
"48159",2005.25,2005.25,2005.25
"48160",2005.75,2009.25,2009.25
"48161",2005.25,2005.25,2006.25
"48162",2005.25,2005.25,2006.25
"48164",2005.5,2005.5,2005.5
"48165",2005.25,2005.25,2005.25
"48166",2006.25,2006.25,2006.25
"48167",2006.5,2006.5,2006.5
"48168",2006.5,2006.5,2006.5
"48169",2005,2005.25,2006.5
"48170",2006.5,2006.5,2006.5
"48173",2005.5,2007,2007
"48174",2005.5,2005.75,2005.75
"48176",2005.75,2005.75,2005.75
"48177",2007,2007,2007
"48178",2008.25,2008.25,2008.25
"48179",2005.5,2005.5,2006.25
"48180",2005.75,2005.75,2005.75
"48182",2007,2007,2007
"48183",2005.5,2005.5,2005.5
"48184",2005.5,2005.75,2005.75
"48185",2005.5,2005.5,2005.5
"48186",2005.75,2005.75,2005.75
"48187",2005.5,2005.5,2005.5
"48188",2005.5,2005.5,2005.5
"48189",2007.25,2008.25,2008.25
"48190",2005.75,2005.75,2005.75
"48191",2005.75,2005.75,2005.75
"48192",2006.5,2006.5,2006.5
"48193",2005.5,2005.75,2006.5
"48195",2005.75,2005.75,2005.75
"48197",2006.25,2006.25,2009.25
"48198",2005.5,2006.25,2006.25
"48201",2005.25,2005.25,2005.25
"48202",2005.25,2005.25,2005.25
"48203",2005.25,2005.25,2005.25
"48204",2005.25,2005.25,2005.25
"48205",2005.25,2005.25,2005.25
"48206",2005.25,2005.25,2005.25
"48207",2005.25,2005.25,2005.25
"48208",2005.25,2005.25,2005.25
"48209",2005.25,2006.5,2006.5
"48210",2005.25,2005.25,2005.25
"48211",2005.25,2005.25,2005.25
"48212",2005.25,2005.25,2005.25
"48213",2005.25,2005.25,2005.25
"48214",2005.25,2005.25,2005.25
"48215",2005.25,2005.75,2005.75
"48216",2005.25,2005.25,2005.25
"48217",2006.5,2006.5,2006.5
"48218",2006.5,2006.5,2006.5
"48219",2005.25,2005.25,2005.25
"48220",2005.25,2005.25,2005.75
"48221",2005.25,2005.25,2005.25
"48223",2005.25,2005.25,2005.25
"48224",2005.25,2005.75,2005.75
"48225",2005.75,2005.75,2005.75
"48226",2005.25,2005.25,2005.25
"48227",2005.25,2005.25,2005.25
"48228",2005.25,2005.25,2005.25
"48229",2006.5,2006.5,2006.5
"48230",2005.25,2005.75,2005.75
"48233",2005.25,2005.25,2005.25
"48234",2005.25,2005.25,2005.25
"48235",2005.25,2005.25,2005.25
"48236",2005.75,2005.75,2005.75
"48237",2005.25,2005.25,2005.25
"48238",2005.25,2005.25,2005.25
"48239",2005.25,2005.25,2005.25
"48240",2005.25,2005.25,2005.25
"48242",2005.75,2005.75,2005.75
"48243",2005.25,2005.25,2005.25
"48301",2005.25,2005.25,2005.25
"48302",2005.25,2005.25,2005.25
"48304",2005.25,2005.25,2005.25
"48306",2005,2005.5,2005.5
"48307",2005.5,2005.5,2005.5
"48309",2005,2005,2005
"48310",2005.75,2005.75,2005.75
"48312",2005.75,2005.75,2005.75
"48313",2005.5,2005.75,2005.75
"48314",2005.5,2005.5,2005.5
"48315",2005.5,2005.5,2005.5
"48316",2005.5,2005.5,2005.5
"48317",2005.5,2005.5,2005.5
"48320",2005.25,2005.25,2005.25
"48322",2006.25,2008.25,2008.25
"48323",2005.25,2008.25,2008.25
"48324",2008.25,2008.25,2008.25
"48326",2005,2005,2005
"48327",2005,2005,2005
"48328",2005,2005,2005
"48329",2005,2005,2005
"48331",2008.25,2008.25,2008.25
"48334",2005.25,2005.25,2005.25
"48335",2006.5,2006.5,2006.5
"48336",2005.25,2005.25,2005.25
"48340",2005,2005,2005
"48341",2005,2005,2005
"48342",2005,2005,2005
"48346",2005,2005,2005
"48348",2005,2005,2005
"48350",2005,2005,2005.25
"48353",2005.25,2005.25,2005.25
"48356",2005.25,2005.25,2005.25
"48357",2005.25,2005.25,2005.25
"48359",2005,2005,2005
"48360",2005,2005,2005
"48362",2005,2005,2005
"48363",2005,2005,2005
"48367",2005,2005,2006.75
"48370",2005,2005,2005
"48371",2005,2005,2005
"48374",2006.5,2006.5,2006.5
"48375",2006.5,2006.5,2006.5
"48377",2008.25,2008.25,2008.25
"48380",2005.25,2005.25,2005.25
"48381",2005.25,2005.25,2005.25
"48382",2008.25,2008.25,2008.25
"48383",2005,2005,2005
"48386",2005,2005,2005
"48390",2008.25,2008.25,2008.25
"48393",2008.25,2008.25,2008.25
"48397",2005.75,2005.75,2005.75
"48401",2006.25,2006.25,2006.75
"48411",2005.25,2005.25,2005.25
"48412",2005.25,2005.25,2005.25
"48413",2005.75,2007,2007
"48414",2009,2009,2009
"48415",2006.5,2008,2010.25
"48416",2007.75,2009.75,2012.5
"48417",2005.25,2005.25,2005.25
"48418",2005.5,2005.5,2006
"48419",2006.25,2006.25,2006.5
"48420",2005.25,2005.25,2005.5
"48421",2006.5,2006.5,2006.5
"48422",2007,2009,2009.75
"48423",2005.25,2005.25,2005.25
"48426",2007,2007,2007
"48427",2006.25,2006.5,2010.5
"48428",2005,2005,2005
"48429",2009,2009,2009
"48430",2005.25,2005.25,2005.25
"48432",2005.75,2007,2007
"48433",2005.5,2005.5,2006.25
"48434",2010.5,2010.5,2012.5
"48435",2006.5,2008,2009.75
"48436",2006,2006,2006
"48437",2005.25,2005.25,2005.25
"48438",2005,2005.5,2005.75
"48439",2005,2005,2005.25
"48440",2005.25,2006.5,2008.75
"48441",2006.25,2007,2007
"48442",2005,2005,2005.25
"48444",2006.5,2007.25,2009.75
"48445",2007,2007,2007
"48446",2005.25,2005.25,2006.5
"48449",2005,2005,2005
"48450",2006.25,2007.25,2009.75
"48451",2006,2006,2006
"48453",2007,2008,2012.5
"48454",2007.75,2009,2009
"48455",2005,2005,2005
"48456",2010.5,2010.5,2012.5
"48457",2005.5,2006.25,2009.75
"48458",2005.25,2005.25,2005.25
"48460",2009.75,2009.75,2009.75
"48461",2005.25,2006.5,2006.5
"48462",2005.5,2005.75,2005.75
"48463",2005.25,2005.25,2005.25
"48464",2006.5,2006.5,2008.75
"48465",2010.5,2010.5,2012.5
"48466",2007.75,2009,2009
"48467",2007,2007,2012.5
"48468",2007,2007,2007
"48469",2006.25,2006.25,2006.25
"48470",2007,2010.5,2011.25
"48471",2007,2007.75,2010.5
"48472",2007,2007.75,2010.5
"48473",2006,2006,2006.25
"48475",2007,2007,2007
"48476",2009,2009,2009
"48502",2005.25,2005.25,2005.25
"48503",2005.25,2005.25,2005.25
"48504",2004.25,2006.25,2006.25
"48505",2005.25,2005.25,2005.25
"48506",2005.25,2005.25,2005.25
"48507",2005.25,2006.25,2006.25
"48509",2005.25,2005.25,2005.25
"48519",2005.25,2005.25,2005.25
"48529",2005.25,2005.25,2005.25
"48532",2004.25,2004.25,2006.25
"48551",2004.25,2004.25,2006.25
"48553",2004.25,2004.25,2006.25
"48554",2004.25,2004.25,2006.25
"48601",2005.25,2005.25,2005.25
"48602",2005,2005,2005
"48603",2005,2005,2005.25
"48604",2005,2005,2005
"48607",2005,2005,2005
"48609",2005.5,2007.5,2009
"48610",2005.25,2005.25,2005.25
"48611",2008.25,2009.75,2011.5
"48612",2007.5,2007.5,2007.5
"48613",2006.5,2009.5,2010.25
"48614",2008.25,2009.75,2010
"48615",2009.75,2009.75,2009.75
"48616",2006.75,2006.75,2006.75
"48617",2007,2007.5,2010.75
"48618",2009.75,2010.25,2010.75
"48619",2007.5,2010.75,2010.75
"48621",2005.75,2007.25,2009.25
"48622",2006.25,2007,2007
"48623",2006.75,2008.25,2009.75
"48624",2007.5,2007.5,2009.25
"48625",2006.75,2007,2007.5
"48626",2008,2009.25,2009.75
"48627",2007,2007,2009.5
"48628",2009.5,2010.25,2010.25
"48629",2007.5,2007.5,2009.25
"48630",2009.25,2009.5,2009.5
"48631",2006,2006,2009.5
"48632",2007,2007,2010.75
"48633",2005.75,2005.75,2005.75
"48634",2006,2006,2006
"48635",2005.5,2005.5,2005.75
"48636",2005.5,2007.5,2009.5
"48637",2009.75,2010,2010
"48638",2005,2005,2005
"48640",2005.25,2005.25,2005.25
"48642",2006,2006.5,2009
"48647",2007.25,2009.25,2010.75
"48649",2006.75,2006.75,2006.75
"48650",2006.5,2006.5,2009.5
"48651",2006.75,2006.75,2006.75
"48652",2006.5,2009.75,2010.25
"48653",2007.5,2009.5,2009.5
"48654",2006.5,2006.5,2009.5
"48655",2007,2009,2009.5
"48656",2009.25,2009.5,2009.5
"48657",2006.75,2009.75,2010.25
"48658",2006,2006,2006.5
"48659",2005,2005,2005
"48661",2006.5,2006.5,2006.5
"48662",2009.75,2010,2010.5
"48667",2005.25,2005.25,2006.75
"48701",2009.75,2009.75,2009.75
"48703",2005.75,2006,2006
"48705",2007.75,2008,2008
"48706",2005.25,2005.25,2005.25
"48708",2005.25,2005.25,2006.75
"48710",2005.25,2005.25,2005.25
"48720",2006.75,2007,2010.75
"48721",2008,2008,2008
"48722",2006.75,2006.75,2008.75
"48723",2006,2006,2006
"48724",2005,2005,2005
"48725",2006.75,2007,2007
"48726",2005.75,2005.75,2007
"48727",2006.5,2006.5,2006.5
"48728",2005.5,2007.25,2008
"48729",2007,2007,2007
"48730",2005.5,2005.5,2005.5
"48731",2005.5,2005.5,2005.5
"48732",2010.25,2010.25,2010.25
"48733",2009.75,2009.75,2009.75
"48734",2006.75,2006.75,2008.75
"48735",2005.75,2005.75,2005.75
"48737",2005,2005.25,2009.25
"48738",2004.25,2005,2005.25
"48739",2005.75,2005.75,2009.25
"48740",2005.25,2005.25,2008
"48741",2006,2006.5,2007
"48742",2007.75,2008,2008
"48743",2009.25,2009.25,2009.25
"48744",2006,2006,2006
"48745",2004.25,2005,2005.25
"48746",2007.25,2009.25,2010
"48747",2006.75,2006.75,2010.25
"48748",2010.5,2010.5,2010.5
"48749",2006,2006,2006.5
"48750",2005.25,2005.25,2005.25
"48754",2005.75,2005.75,2005.75
"48755",2006.75,2007,2007
"48756",2005.25,2005.5,2005.5
"48757",2006.75,2006.75,2006.75
"48759",2006,2006.75,2006.75
"48760",2006.5,2006.5,2006.5
"48761",2009.25,2009.25,2009.25
"48762",2008,2008,2008
"48763",2006,2010.5,2010.5
"48765",2006,2006,2006
"48766",2005.75,2006,2006
"48767",2006.75,2006.75,2007
"48768",2006,2006,2006
"48770",2005.75,2005.75,2005.75
"48801",2009.75,2010.5,2010.5
"48806",2005.25,2005.25,2007.75
"48807",2009.5,2009.75,2010
"48808",2005.5,2005.5,2007
"48809",2005.75,2007.25,2009
"48811",2007,2007,2009
"48813",2006.25,2006.25,2007
"48815",2005.75,2007.5,2009
"48816",2005.5,2005.5,2005.5
"48817",2005,2005,2005
"48818",2009.75,2009.75,2009.75
"48819",2005.25,2005.5,2006.25
"48820",2005.75,2005.75,2005.75
"48821",2005.75,2005.75,2005.75
"48822",2007,2007.25,2009
"48823",2005.5,2005.5,2005.5
"48825",2005.5,2005.5,2005.5
"48827",2005.75,2006.75,2007
"48829",2008.75,2010.5,2010.75
"48831",2006.5,2006.5,2006.5
"48832",2010.25,2010.5,2010.5
"48834",2009,2009,2009
"48835",2005.75,2005.75,2005.75
"48836",2005.5,2005.5,2006.5
"48837",2005.75,2006.5,2007.25
"48838",2006,2008,2009
"48840",2005.5,2005.5,2005.5
"48841",2006.75,2006.75,2007
"48842",2005.5,2005.5,2005.75
"48843",2006.5,2006.5,2006.5
"48845",2005.75,2005.75,2005.75
"48846",2007.25,2007.25,2009
"48847",2007,2009.75,2009.75
"48848",2007,2007,2007
"48849",2006.25,2007.25,2008
"48850",2005.75,2005.75,2008.25
"48851",2007.25,2007.25,2007.25
"48852",2010.75,2010.75,2011.75
"48853",2005.75,2005.75,2005.75
"48854",2005.5,2005.5,2005.5
"48855",2005.5,2005.5,2006.5
"48856",2007,2007,2007
"48857",2006.5,2009,2009
"48858",2006.25,2006.25,2006.75
"48860",2009,2009,2009
"48861",2005.75,2006.5,2007.25
"48864",2005.5,2005.5,2005.5
"48865",2009,2009,2009
"48866",2006.5,2006.5,2006.5
"48867",2006.75,2007.25,2008.25
"48870",2009,2009,2009
"48871",2005.25,2005.75,2006.75
"48872",2006.25,2006.25,2006.25
"48873",2005.75,2005.75,2007
"48874",2005.25,2005.25,2005.25
"48875",2007.25,2007.25,2007.25
"48876",2006.25,2006.25,2006.25
"48877",2010.5,2010.5,2010.5
"48878",2006.25,2006.25,2007
"48879",2006.5,2006.75,2006.75
"48880",2009.75,2009.75,2010.5
"48881",2005.75,2005.75,2005.75
"48883",2006.75,2006.75,2008.5
"48884",2009.75,2009.75,2009.75
"48885",2006,2008.25,2009.75
"48886",2005,2005,2005
"48888",2005,2005.75,2009.75
"48889",2010.5,2010.5,2010.5
"48890",2006.25,2006.5,2007.25
"48891",2010.5,2010.75,2010.75
"48892",2006.25,2006.25,2006.5
"48893",2007,2010.75,2010.75
"48894",2007.25,2009,2009.75
"48895",2005.5,2006.25,2006.25
"48896",2006.25,2008.75,2010.25
"48897",2009,2010.25,2010.25
"48906",2005,2005,2005
"48910",2005,2005,2005.5
"48911",2005.5,2005.75,2005.75
"48912",2005,2005,2005
"48915",2005,2005,2005
"48917",2005,2005,2005
"48921",2005,2005,2005
"48933",2005,2005,2005
"49001",2006,2006,2006
"49002",2006,2006,2006
"49004",2005.5,2005.5,2005.5
"49006",2005.5,2006,2006
"49007",2005.5,2005.5,2005.75
"49008",2006,2006,2006
"49009",2005.5,2005.5,2006
"49010",2005.25,2005.5,2006
"49011",2006,2006.75,2009.25
"49012",2005,2005,2005
"49013",2005.75,2006,2006
"49014",2005.25,2005.25,2005.25
"49015",2005.25,2005.25,2005.25
"49017",2005.25,2005.25,2005.25
"49021",2005.25,2008.5,2010
"49022",2005.75,2005.75,2005.75
"49024",2006,2006,2006
"49026",2005.25,2005.25,2005.25
"49027",2005.25,2005.25,2005.25
"49028",2005.75,2006.75,2008.25
"49029",2006.5,2006.5,2006.5
"49030",2005.5,2006.75,2009.5
"49031",2005.5,2005.5,2005.5
"49032",2009.75,2009.75,2009.75
"49033",2006.5,2006.5,2009.25
"49034",2005.25,2005.25,2005.25
"49036",2006.5,2006.75,2009.25
"49037",2005.25,2005.25,2005.25
"49038",2005.75,2006.5,2006.5
"49040",2009.75,2009.75,2009.75
"49042",2007.75,2007.75,2007.75
"49043",2005.75,2005.75,2005.75
"49045",2010.5,2010.75,2010.75
"49046",2005.75,2005.75,2005.75
"49047",2005.5,2006.5,2006.75
"49048",2005,2005.5,2005.5
"49050",2005.25,2005.25,2005.25
"49051",2005.25,2005.25,2005.25
"49052",2005.5,2005.75,2007.75
"49053",2005,2005,2005.5
"49055",2006,2006,2006
"49056",2005.25,2005.25,2005.25
"49057",2005.75,2006,2006.5
"49058",2010.25,2010.25,2010.25
"49060",2005,2005,2005
"49061",2005.25,2005.25,2005.25
"49064",2006,2006,2006
"49065",2007,2008,2009.75
"49066",2005.75,2006.25,2007.75
"49067",2005.25,2006.75,2007.75
"49068",2006.5,2006.75,2009.5
"49070",2005,2005,2005
"49071",2005,2005.75,2007
"49072",2005.75,2005.75,2009.75
"49073",2005.25,2009.5,2010.25
"49074",2005.5,2005.5,2005.5
"49075",2009.75,2009.75,2009.75
"49076",2008.5,2008.5,2008.5
"49078",2005,2005.5,2005.5
"49079",2006,2006,2006
"49080",2005,2005,2005.5
"49082",2006.5,2009.75,2009.75
"49083",2005,2005,2005
"49084",2005.75,2005.75,2005.75
"49085",2005.5,2005.75,2005.75
"49087",2006.25,2006.75,2008.75
"49088",2004.25,2004.5,2005.5
"49089",2007.75,2009.5,2010
"49090",2006,2006,2006
"49091",2008.25,2008.25,2008.25
"49092",2006.5,2006.5,2006.5
"49093",2008,2008,2008
"49094",2006.5,2006.5,2006.5
"49095",2005.25,2005.25,2005.25
"49096",2005.25,2005.25,2005.25
"49097",2005.5,2005.75,2005.75
"49098",2005.75,2006.5,2006.5
"49099",2007.75,2007.75,2007.75
"49101",2005.5,2005.5,2005.5
"49102",2006.75,2006.75,2006.75
"49103",2005.5,2005.5,2005.5
"49104",2005.5,2005.5,2005.5
"49106",2007.25,2009,2009.5
"49107",2005.5,2006.75,2006.75
"49111",2006.5,2006.75,2006.75
"49112",2006.5,2006.5,2006.5
"49113",2006.5,2006.75,2006.75
"49115",2000,2000,2000
"49116",2000,2000,2000
"49117",2000,2006.5,2007.5
"49119",2000,2000,2000
"49120",2005,2005,2005
"49125",2000,2000,2006.5
"49126",2005.5,2005.5,2005.5
"49127",2005.5,2005.5,2005.5
"49128",2000,2000,2006.5
"49129",2000,2000,2000
"49130",2005.25,2005.25,2005.25
"49201",2006.25,2006.25,2006.25
"49202",2006.25,2006.25,2006.5
"49203",2006.25,2006.25,2006.25
"49220",2005.5,2005.5,2005.5
"49221",2005.5,2005.5,2006.25
"49224",2006.5,2007.75,2010.5
"49227",2006.5,2008.75,2009.75
"49228",2007,2010.5,2010.5
"49229",2005.75,2006.25,2006.25
"49230",2005.5,2005.5,2005.5
"49232",2009.25,2009.25,2009.25
"49233",2005.5,2005.5,2005.5
"49234",2005.5,2005.5,2005.5
"49235",2005.5,2005.5,2005.5
"49236",2005.75,2005.75,2006
"49237",2010.75,2010.75,2010.75
"49238",2007,2007,2007
"49240",2006.25,2006.25,2006.25
"49241",2006.5,2006.5,2006.5
"49242",2008.25,2009.25,2010.25
"49245",2006.5,2006.5,2006.5
"49246",2006.25,2006.25,2006.25
"49247",2008,2008,2008.75
"49248",2005.5,2005.5,2005.5
"49249",2004.25,2006.5,2006.5
"49250",2006.5,2006.5,2006.5
"49251",2004,2004,2006.25
"49252",2006.5,2006.5,2006.5
"49253",2005.5,2005.5,2005.5
"49254",2005.5,2005.5,2005.5
"49255",2006.75,2008.75,2009.25
"49256",2008,2008,2008
"49259",2005.25,2006.25,2006.25
"49261",2005.5,2005.5,2005.5
"49262",2006.5,2006.5,2008.75
"49263",2005.5,2005.5,2005.5
"49264",2006.25,2006.25,2007
"49265",2005.5,2005.5,2006.25
"49266",2010,2010.25,2010.25
"49267",2005.5,2005.5,2005.5
"49268",2010.5,2010.5,2010.5
"49269",2006.25,2006.25,2006.25
"49270",2007,2007,2007
"49271",2009,2010.25,2010.25
"49272",2005.25,2005.5,2006.25
"49274",2008.75,2009.25,2009.25
"49276",2007,2007,2007
"49277",2006.25,2006.5,2007
"49279",2005.5,2006,2007.5
"49282",2004.25,2006.5,2006.5
"49283",2006.25,2006.25,2006.25
"49284",2006.25,2006.25,2006.25
"49285",2005.25,2005.25,2005.25
"49286",2006.25,2006.25,2006.25
"49287",2005.5,2006.25,2008.75
"49288",2008,2008,2008.25
"49289",2007.5,2008,2008.5
"49301",2005.25,2005.25,2005.75
"49302",2005.75,2005.75,2005.75
"49303",2005.75,2005.75,2005.75
"49304",2008.75,2008.75,2012.75
"49305",2010.75,2010.75,2012
"49306",2006.25,2006.25,2006.25
"49307",2007.5,2007.5,2007.5
"49309",2008.75,2008.75,2008.75
"49310",2010.25,2010.75,2010.75
"49312",2008.75,2008.75,2008.75
"49315",2006,2006.25,2006.25
"49316",2005.5,2005.5,2005.5
"49318",2005.75,2005.75,2005.75
"49319",2009.5,2010.5,2010.5
"49320",2010.75,2010.75,2010.75
"49321",2005.5,2005.5,2006
"49322",2005.75,2005.75,2005.75
"49323",2006.25,2008.5,2010.25
"49325",2005.75,2005.75,2006
"49326",2008.25,2009.75,2011.5
"49327",2006,2006,2006
"49328",2008,2009.5,2010.25
"49329",2006,2007,2007
"49330",2005.75,2005.75,2005.75
"49331",2005.25,2005.25,2005.25
"49332",2008.5,2010.5,2010.75
"49333",2009.5,2010.5,2010.5
"49335",2005.5,2006.25,2009.5
"49336",2008.25,2008.75,2010.5
"49337",2006,2006,2007
"49338",2007.5,2008.75,2011.5
"49339",2007,2007,2007
"49340",2008.5,2010.75,2010.75
"49341",2005.75,2006.25,2006.25
"49342",2008.75,2010.75,2010.75
"49343",2007,2009,2010.5
"49344",2005,2005.75,2009.5
"49345",2005.5,2005.5,2005.5
"49346",2007.5,2008.75,2010.5
"49347",2005.75,2005.75,2005.75
"49348",2009.5,2009.5,2009.5
"49349",2006,2007.5,2009
"49401",2006.75,2006.75,2006.75
"49402",2008.75,2009.25,2012.75
"49403",2005.5,2005.5,2005.5
"49404",2006.75,2007,2007
"49405",2008.75,2009.25,2009.25
"49406",2006,2006,2006
"49408",2005.25,2005.75,2006
"49410",2007.5,2008,2009.25
"49411",2005.25,2005.25,2005.25
"49412",2009,2009,2009
"49415",2005,2005,2005
"49417",2005,2005,2005
"49418",2006.25,2006.25,2006.25
"49419",2005.75,2005.75,2005.75
"49420",2010.5,2010.5,2010.5
"49421",2005.25,2005.25,2006.5
"49423",2005.75,2005.75,2005.75
"49424",2005.75,2005.75,2005.75
"49425",2006,2006,2006
"49426",2005.75,2006.25,2006.25
"49428",2006.5,2006.5,2006.5
"49431",2007.5,2007.5,2009.25
"49434",2005.75,2005.75,2005.75
"49435",2005.5,2006.5,2006.5
"49436",2005.25,2005.25,2005.25
"49437",2005.75,2005.75,2005.75
"49440",2005.75,2005.75,2005.75
"49441",2005.75,2005.75,2006.25
"49442",2005.25,2005.25,2005.25
"49444",2005,2005,2005
"49445",2005.75,2005.75,2005.75
"49446",2007,2007,2007
"49448",2005,2005,2005
"49449",2007.25,2008,2010.5
"49450",2005.25,2005.25,2005.25
"49451",2005.75,2007,2007
"49452",2005.75,2007,2007
"49453",2006,2006,2006
"49454",2009.25,2009.25,2009.25
"49455",2007,2007,2007
"49456",2005,2005,2005
"49457",2005.75,2006,2006
"49458",2008,2008,2009.25
"49459",2006.5,2006.5,2006.5
"49460",2005,2005,2005
"49461",2005.75,2005.75,2005.75
"49464",2005.75,2005.75,2005.75
"49503",2005.75,2005.75,2005.75
"49504",2006.5,2006.5,2006.5
"49505",2005.75,2005.75,2005.75
"49506",2005.75,2005.75,2005.75
"49507",2005.75,2005.75,2005.75
"49508",2005.5,2005.5,2005.5
"49509",2006.25,2006.5,2006.5
"49512",2005.5,2005.5,2005.75
"49519",2006.25,2006.5,2006.5
"49525",2005.75,2005.75,2006.25
"49534",2006.5,2006.5,2006.5
"49544",2005.5,2005.5,2005.75
"49546",2005.75,2005.75,2005.75
"49548",2005.5,2005.5,2005.5
"49601",2007.5,2007.5,2007.5
"49611",2006.75,2006.75,2006.75
"49612",2006.25,2006.25,2006.25
"49613",2007.25,2007.25,2007.25
"49614",2007,2007.25,2010.5
"49615",2006.5,2006.5,2006.5
"49616",2007.75,2010.5,2010.5
"49617",2006.75,2006.75,2007.25
"49618",2008.75,2008.75,2008.75
"49619",2010.5,2010.5,2010.5
"49620",2006.5,2006.5,2006.5
"49621",2006.75,2006.75,2006.75
"49622",2006.5,2006.5,2006.5
"49623",2008.75,2008.75,2008.75
"49625",2010.5,2010.5,2010.5
"49626",2007,2007,2007
"49627",2007.5,2007.5,2007.5
"49628",2007.25,2007.25,2007.25
"49629",2006.75,2006.75,2006.75
"49630",2007.75,2007.75,2007.75
"49631",2007.5,2010.75,2012
"49632",2007.5,2007.5,2007.5
"49633",2006.75,2006.75,2008.25
"49634",2007,2007,2007
"49635",2007.25,2007.25,2007.25
"49636",2007.75,2007.75,2007.75
"49637",2006.5,2006.5,2006.75
"49638",2008.75,2008.75,2010.5
"49639",2008.75,2010.75,2011.5
"49640",2006.75,2006.75,2006.75
"49642",2008.75,2008.75,2008.75
"49643",2000.25,2007.25,2007.75
"49644",2008.75,2008.75,2008.75
"49645",2007.25,2010.5,2010.5
"49646",2005.75,2006.5,2006.75
"49648",2006.75,2006.75,2006.75
"49649",2006.5,2006.5,2006.5
"49650",2000,2006.75,2007.25
"49651",2009.5,2010.5,2010.5
"49653",2008.5,2008.5,2009.75
"49654",2009.75,2015,9999
"49655",2007.5,2008.75,2008.75
"49656",2008.75,2010.5,2010.5
"49657",2007.5,2010.5,2010.5
"49659",2006.75,2006.75,2006.75
"49660",2007,2007,2007
"49663",2007.25,2007.25,2007.25
"49664",2006.75,2006.75,2006.75
"49665",2007.5,2010.5,2010.5
"49666",2006.5,2006.5,2006.75
"49667",2009.25,2009.5,2009.5
"49668",2010.5,2010.5,2010.5
"49670",2009.75,2009.75,2009.75
"49674",2008.5,2008.5,2008.5
"49675",2007,2007.25,2011
"49676",2006.25,2006.25,2006.25
"49677",2008.75,2008.75,2008.75
"49679",2010.75,2012.5,2012.5
"49680",2005,2005,2005
"49682",2008.5,2008.5,2008.5
"49683",2007.25,2008.25,2010.5
"49684",2006.75,2006.75,2006.75
"49686",2006.75,2006.75,2006.75
"49688",2007.5,2008.75,2010.5
"49689",2008.75,2010.5,2010.5
"49690",2007,2007,2007
"49701",2008,2009.25,2009.25
"49705",2005.25,2008.25,2008.25
"49706",2008.75,2008.75,2008.75
"49707",2007.75,2007.75,2007.75
"49709",2005.25,2005.5,2010.75
"49710",2011.75,2014,2015.75
"49712",2009,2009,2009
"49713",2007.75,2008.25,2009
"49715",2007.75,2011.5,2011.75
"49716",2008.75,2008.75,2008.75
"49717",2008.75,2008.75,2008.75
"49718",2008,2008,2008.75
"49719",2007.5,2011.75,2014
"49720",2009.5,2009.5,2009.5
"49721",2008.25,2008.25,2008.5
"49722",2006.25,2006.25,2006.25
"49724",2007.75,2007.75,2011.75
"49725",2013.75,2013.75,2015.5
"49726",2015.5,9999,9999
"49727",2006.75,2007,2007
"49728",2007.5,2007.75,2011.5
"49729",2006.5,2006.75,2007.5
"49730",2007,2007,2007
"49733",2005.75,2005.75,2005.75
"49735",2007,2007,2010.75
"49736",2011.75,2015.5,9999
"49738",2007,2007,2007
"49740",2008,2008.25,2008.75
"49743",2009.5,2010.75,2012.75
"49744",2005.5,2005.5,2005.75
"49745",2009.25,2009.25,2014
"49746",2005.5,2007.75,2010.75
"49747",2007.75,2007.75,2007.75
"49748",2007.5,2011.75,2014
"49749",2008.25,2008.25,2008.25
"49751",2005.25,2007,2010.75
"49752",2007.5,2007.5,2007.75
"49753",2007.75,2007.75,2008
"49755",2008,2008,2008.75
"49756",2007.5,2010.75,2010.75
"49757",2009.25,2009.25,2009.25
"49759",2009.5,2009.5,2009.5
"49760",2009.25,2009.25,2011.25
"49762",2007.75,2007.75,2007.75
"49764",2008.75,2008.75,2008.75
"49765",2008.25,2009.5,2010.75
"49766",2007.75,2008,2008
"49768",2014,9999,9999
"49769",2008.25,2008.75,2011.75
"49770",2007,2008.75,2008.75
"49774",2009.25,2014,2015.75
"49775",2011.25,9999,9999
"49776",2007.75,2007.75,2007.75
"49777",2007.75,2007.75,2007.75
"49779",2008.5,2008.5,2008.5
"49780",2007.75,2011.5,2014
"49781",2007.75,2009.25,2009.25
"49782",9999,9999,9999
"49783",2007,2007.75,2011.5
"49788",2007.5,2007.5,2007.75
"49791",2008.25,2008.25,2008.25
"49793",2007.5,2007.75,2007.75
"49795",2007,2007.75,2010.75
"49796",2009,2009,2009
"49799",2007.75,2008.75,2009
"49801",2006.75,2006.75,2006.75
"49802",2006.75,2006.75,2006.75
"49805",2010.75,2010.75,2013
"49806",2008.5,2008.5,2008.5
"49807",2010.75,2010.75,2011.5
"49808",9999,9999,9999
"49812",2005.5,2007.25,2010.75
"49814",2007.5,2007.5,2012.75
"49815",2007.5,2007.5,2012.25
"49816",2008.5,2008.5,2009.75
"49817",2007.5,2007.75,2007.75
"49818",2013.75,2014,2014
"49819",2014,2014,2014
"49820",2007.25,2007.25,2007.25
"49821",2010.75,2010.75,2011.75
"49822",2008.5,2008.5,2013.25
"49825",2008.5,2008.5,2008.5
"49826",2008.5,2008.5,2009.5
"49827",2007.25,2007.25,2007.25
"49829",2010.75,2010.75,2010.75
"49831",2011.5,2012.5,2013.75
"49833",2009.5,2009.5,2012.75
"49834",2010.75,2011.5,2011.5
"49835",2011.75,2011.75,9999
"49836",2007.25,2007.75,2007.75
"49837",2009.75,2010.25,2010.75
"49838",2007.25,2008.5,2008.5
"49839",9999,9999,9999
"49840",2007.25,2007.75,2007.75
"49841",2007.25,2011.25,2012.25
"49847",2007.5,2009,2010.75
"49848",2009,2009,2009
"49849",2007.5,2009.5,2012.25
"49852",2007.5,2007.5,2007.5
"49853",2007.25,2007.25,2014
"49854",2007.75,2013,2013
"49855",2009.5,2009.5,2012.75
"49858",2009,2009,2009
"49861",2007.5,2008.75,2012
"49862",2007.5,2008.5,2008.5
"49863",2010.75,2010.75,2010.75
"49864",2009.75,2009.75,2011.75
"49866",2007.25,2007.25,2009.5
"49868",2014,2014,2014
"49870",2007.5,2007.5,2007.5
"49871",2007.25,2007.25,2007.25
"49872",2009.75,2009.75,2009.75
"49873",2012.75,2012.75,2013.75
"49874",2009,2010.75,2010.75
"49876",2006.75,2006.75,2006.75
"49877",2012.25,2012.75,2014
"49878",2009.75,2009.75,2009.75
"49879",2007.25,2007.5,2007.5
"49880",2011.5,2014,2014
"49881",2005.5,2005.5,2005.5
"49883",2013,2014,9999
"49884",2013,2013.25,9999
"49885",2009.5,2009.5,2009.5
"49886",2005.5,2005.5,2007.5
"49887",2008.75,2009,2009.25
"49891",2008.5,2009.75,2009.75
"49892",2007.5,2007.5,2007.75
"49893",2009,2009,2009
"49894",2010.25,2010.75,2010.75
"49895",2008.5,2009.75,2013.25
"49896",2005.5,2005.75,2010.25
"49901",2010.75,2010.75,2010.75
"49902",2010.25,2010.75,2012
"49903",2010.75,2011.75,2012
"49905",2006,2006,2007.5
"49908",2010.5,2010.5,2010.5
"49910",2010.25,2012.5,9999
"49911",2006.75,2006.75,2006.75
"49912",2010.25,2010.25,2010.25
"49913",2008,2010.75,2010.75
"49915",2010.25,2012,2012
"49916",2007.5,2007.5,2008
"49917",2010.75,2010.75,2010.75
"49918",2013,9999,9999
"49919",2010.5,2010.75,2011.75
"49920",2007.5,2010.25,2010.5
"49921",2006,2006,2006
"49922",2006,2006,2007.5
"49925",2010.25,2010.25,2010.75
"49927",2010.25,2010.75,2012
"49929",2010.5,2010.5,2013.75
"49930",2006,2007.5,2008
"49931",2006,2006,2006
"49934",2007.5,2010.75,2010.75
"49935",2010.25,2011.75,2012
"49938",2006.75,2007.5,2012.75
"49942",2010.75,2010.75,2010.75
"49945",2010.75,2010.75,2010.75
"49946",2008.75,2008.75,2010.5
"49947",2010.75,2010.75,2012.25
"49948",2010.25,2010.5,2012.5
"49950",2013,2013,2013
"49952",2013.75,2013.75,2013.75
"49953",2008.75,2010.5,2015.75
"49955",2007.5,2008,2010.5
"49958",2010.5,2010.75,2013.75
"49959",2006.75,2006.75,2006.75
"49960",2010.25,2010.25,2012.5
"49961",2011.75,2011.75,2012
"49962",9999,9999,9999
"49963",2006,2006,2006
"49965",2010.5,2013.75,2013.75
"49967",2012.5,2012.5,2012.75
"49968",2006.75,2007.5,2007.5
"49969",2010.75,2010.75,2011.75
"49970",2010.75,2010.75,2012
"49971",9999,9999,9999
"50001",2009,2009,2009
"50002",2005.5,2005.75,2005.75
"50003",2006.25,2006.25,2008
"50005",2007.25,2007.25,2007.25
"50006",2006,2006.5,2007.5
"50007",2008,2008,2008
"50008",2008.25,2009,2009.5
"50009",2005.5,2005.5,2009
"50010",2005.25,2005.25,2008.25
"50011",2005,2008.25,2008.25
"50012",2005,2008.25,2008.25
"50014",2005.25,2005.25,2005.5
"50020",2005.5,2005.75,2006.25
"50021",2005,2005,2005
"50022",2005.25,2005.5,2006.25
"50023",2005,2005,2005
"50025",2005.5,2005.5,2005.5
"50026",2007.5,2008,2008.5
"50027",2005.5,2005.5,2005.5
"50028",2006.5,2006.5,2007.25
"50029",2006.75,2008,2008
"50032",2005,2005,2005
"50033",2005.5,2005.5,2005.5
"50034",2007.5,2008.5,2008.75
"50035",2009,2009,2009
"50036",2005.5,2005.5,2006
"50038",2002,2006.25,2008
"50039",2005.25,2006.25,2007.5
"50041",2005.5,2007,2007.5
"50042",2005,2005.25,2005.25
"50044",2005.5,2010.5,2010.5
"50046",2006,2006,2008
"50047",2007,2007,2009
"50048",2005.75,2005.75,2006.25
"50049",2009.5,2010.25,2010.25
"50050",2009.75,2009.75,2009.75
"50051",2006.5,2006.75,2007.25
"50052",2008.25,2008.25,2008.25
"50054",2008,2008,2008
"50055",2006.5,2006.5,2006.5
"50056",2005.25,2005.25,2005.25
"50057",2005.5,2005.5,2005.5
"50058",2005.75,2007,2008
"50060",2009,2009.5,2010.75
"50061",2005.25,2005.5,2005.5
"50062",2008,2008,2008
"50063",2006.25,2006.25,2006.25
"50064",2010.5,2010.5,2010.75
"50065",2005.75,2007.25,2008.25
"50066",2006.25,2006.25,2006.25
"50067",2007.5,2007.5,2009.5
"50068",2005.5,2005.5,2010.25
"50069",2002,2002,2008.75
"50070",2006.25,2006.75,2008.25
"50071",2005.25,2005.25,2006
"50072",2005.75,2006.5,2008.25
"50073",2006,2006,2008
"50074",2007.5,2007.5,2007.5
"50075",2005.25,2005.25,2005.25
"50076",2005.25,2005.5,2005.5
"50078",2005.75,2005.75,2005.75
"50101",2006.5,2006.5,2006.5
"50102",2005.75,2006.5,2006.75
"50103",2006,2006,2006
"50104",2005.5,2005.5,2005.5
"50105",2005.25,2005.25,2005.25
"50106",2005.75,2005.75,2005.75
"50107",2006.5,2006.5,2006.5
"50108",2007.75,2007.75,2010.5
"50109",2008,2008,2008
"50111",2002,2008,2008
"50112",2005.5,2005.5,2005.5
"50115",2005,2005,2005
"50116",2005.5,2005.5,2005.5
"50117",2005.5,2005.5,2005.5
"50118",2009,2009,2009
"50119",2005,2005,2005
"50120",2008.25,2008.25,2008.25
"50122",2006.75,2006.75,2006.75
"50123",2006,2006,2006
"50124",2008,2008,2008
"50125",2005.5,2005.5,2007
"50126",2005.75,2005.75,2005.75
"50127",2008,2008,2008
"50128",2006.25,2007,2007.5
"50129",2008,2008,2009.75
"50130",2005.25,2005.25,2005.25
"50131",2008,2008,2008
"50132",2008.5,2008.75,2008.75
"50133",2007.75,2007.75,2007.75
"50134",2008,2008,2008.25
"50135",2005.5,2005.5,2005.5
"50136",2007.75,2007.75,2007.75
"50138",2005.25,2005.5,2008
"50139",2009,2009.5,2009.5
"50140",2007.5,2007.5,2007.5
"50141",2006,2007.25,2008
"50142",2006.5,2006.5,2006.5
"50143",2005.5,2005.5,2005.5
"50144",2009.5,2009.5,2010.5
"50146",2006.25,2006.25,2006.25
"50147",2005.75,2005.75,2005.75
"50148",2007.25,2007.25,2007.25
"50149",2006.5,2006.5,2008
"50150",2005.5,2005.5,2005.5
"50151",2008,2008,2008
"50153",2009,2009,2009
"50154",2006,2006.75,2006.75
"50155",2005.75,2005.75,2005.75
"50156",2005.5,2005.5,2010
"50157",2005.25,2006.25,2007.5
"50158",2006.5,2007.75,2008.25
"50160",2005.5,2005.5,2005.5
"50161",2006,2006,2006
"50162",2008.25,2008.25,2008.25
"50163",2008,2008,2008
"50164",2005.75,2005.75,2005.75
"50165",2010,2010.25,2010.75
"50166",2008,2009,2009.5
"50167",2006.25,2006.25,2006.25
"50168",2008,2008,2008
"50169",2007.75,2009,2009
"50170",2007.5,2007.5,2009.5
"50171",2007.5,2007.5,2007.5
"50173",2006.5,2006.5,2006.5
"50174",2009.75,2009.75,2010.5
"50201",2005.25,2005.25,2005.25
"50206",2006.75,2006.75,2006.75
"50207",2009,2009,2009
"50208",2005,2005,2007.5
"50210",2007,2008,2008
"50211",2005.5,2005.5,2005.75
"50212",2006,2006.5,2007.5
"50213",2006.5,2008,2009.75
"50214",2005.25,2005.25,2005.25
"50216",2005,2005,2005
"50217",2009.75,2009.75,2010.5
"50218",2005.75,2005.75,2005.75
"50219",2005.25,2005.5,2005.5
"50220",2006.25,2006.25,2006.25
"50222",2005.75,2005.75,2005.75
"50223",2006,2007.5,2008
"50225",2009,2009.5,2009.5
"50226",2008,2008,2008
"50227",2006,2006,2006
"50228",2009.5,2009.5,2009.5
"50229",2005.5,2005.5,2005.5
"50230",2006,2006.5,2006.75
"50231",2005.25,2005.25,2005.25
"50232",2007.5,2007.5,2007.5
"50233",2006.25,2008,2008.25
"50234",2006.5,2006.5,2006.5
"50235",2006.25,2006.5,2006.5
"50236",2005.25,2006.5,2006.75
"50237",2005.5,2005.5,2005.5
"50238",2010,2010.25,2010.75
"50239",2006.5,2006.5,2006.5
"50240",2006.5,2010.75,2010.75
"50242",2009,2009,2010.75
"50243",2008,2008,2008
"50244",2008,2008,2008
"50246",2005.25,2005.25,2005.5
"50247",2005.25,2005.25,2005.25
"50248",2005.25,2005.25,2005.25
"50249",2005.25,2005.5,2006.75
"50250",2005.75,2005.75,2006.25
"50251",2009,2009,2009
"50252",2009,2009,2009.5
"50254",2007.75,2009.75,2010.5
"50255",2007.75,2007.75,2007.75
"50256",2005,2005.5,2005.5
"50257",2007,2009.75,2009.75
"50258",2007.25,2007.25,2007.5
"50261",2005.75,2005.75,2005.75
"50262",2009.5,2010.5,2010.5
"50263",2005.25,2005.25,2005.25
"50264",2006,2006,2009.5
"50265",2005.25,2005.25,2005.25
"50266",2005.25,2005.25,2005.25
"50268",2005.5,2005.5,2006.75
"50271",2006.75,2008.5,2008.75
"50272",2005.5,2005.5,2005.5
"50273",2005.75,2005.75,2005.75
"50274",2005.75,2006.25,2006.25
"50275",2005.5,2005.5,2005.5
"50276",2006.25,2007.5,2008.5
"50277",2006.25,2007,2007.5
"50278",2006.5,2006.5,2006.5
"50309",2005.75,2005.75,2005.75
"50310",2005.75,2005.75,2005.75
"50311",2005.75,2005.75,2005.75
"50312",2005.75,2005.75,2005.75
"50313",2005,2005,2005
"50314",2005.75,2005.75,2005.75
"50315",2005.75,2005.75,2005.75
"50316",2005.75,2005.75,2005.75
"50317",2005.75,2005.75,2005.75
"50319",2005.75,2005.75,2005.75
"50320",2005.75,2005.75,2005.75
"50321",2005.75,2005.75,2005.75
"50322",2005.25,2005.25,2005.75
"50323",2005.25,2005.25,2008
"50324",2005.25,2005.25,2005.25
"50325",2005.25,2005.25,2005.25
"50327",2005.5,2005.5,2005.5
"50401",2005.75,2006.5,2006.5
"50420",2005.25,2005.25,2005.25
"50421",2005.25,2006.5,2006.5
"50423",2006.25,2007.5,2008
"50424",2006.75,2006.75,2006.75
"50426",2006.5,2006.75,2006.75
"50428",2005.75,2006.5,2006.75
"50430",2006.25,2006.5,2007.5
"50431",2005.25,2005.25,2005.25
"50432",2008,2008,2008
"50433",2006.25,2006.25,2006.25
"50434",2006.5,2006.5,2007.75
"50435",2005.5,2005.5,2005.5
"50436",2005.75,2005.75,2005.75
"50438",2005.75,2005.75,2006.25
"50439",2006.5,2007.5,2008.25
"50440",2006.5,2006.5,2006.75
"50441",2006,2006.75,2007
"50444",2006.5,2006.5,2006.75
"50446",2006.5,2006.5,2006.75
"50447",2006.25,2007.5,2007.5
"50448",2006.5,2006.5,2006.75
"50449",2005.75,2005.75,2006.5
"50450",2006.5,2006.5,2006.5
"50451",2008.75,2009.5,2009.75
"50452",2005.25,2005.25,2005.25
"50453",2005.75,2005.75,2006.5
"50454",2005.5,2006,2008
"50455",2005.5,2005.5,2005.5
"50456",2006.5,2006.5,2006.75
"50457",2005.25,2005.25,2005.75
"50458",2005.5,2006,2006.5
"50459",2006.5,2006.5,2006.5
"50460",2005.5,2005.5,2005.5
"50461",2007.75,2008,2010
"50464",2006,2006.5,2006.5
"50465",2006.75,2006.75,2006.75
"50466",2008,2008.75,2009.25
"50467",2005,2005.5,2006.5
"50468",2006.75,2006.75,2007.75
"50469",2006.5,2006.75,2006.75
"50470",2005.25,2005.25,2005.25
"50471",2006,2006.5,2007.75
"50472",2005.5,2005.5,2006.5
"50473",2009,2009,2009
"50475",2005.25,2005.25,2005.25
"50476",2005.5,2005.5,2005.5
"50477",2006.25,2006.5,2006.75
"50478",2006.75,2006.75,2006.75
"50479",2005.25,2005.25,2005.75
"50480",2008,2008,2009.5
"50482",2005.75,2005.75,2006.75
"50483",2006.25,2007.5,2008
"50484",2006.75,2006.75,2007.5
"50501",2007,2007,2007
"50510",2007.75,2008.25,2008.25
"50511",2008,2008,2010.25
"50514",2007.5,2007.5,2007.5
"50515",2009.25,2009.5,2009.5
"50516",2007,2007,2007
"50517",2008,2008,2008
"50518",2007.75,2007.75,2007.75
"50519",2007.5,2007.5,2007.5
"50520",2008,2009,2010.25
"50521",2006,2006.75,2006.75
"50522",2008,2008,2008
"50523",2009.5,2009.75,2009.75
"50524",2007,2007.5,2007.75
"50525",2006,2006,2006.5
"50527",2009.25,2009.25,2009.5
"50528",2009,2009,2009
"50529",2009.5,2010.25,2010.25
"50530",2006.75,2006.75,2006.75
"50531",2007.5,2009,2009.5
"50532",2005.5,2005.5,2005.5
"50533",2006,2006,2006.5
"50535",2007.25,2007.75,2007.75
"50536",2009.5,2009.5,2009.5
"50538",2005.5,2005.5,2005.5
"50539",2009.5,2009.5,2009.5
"50540",2007.75,2007.75,2007.75
"50541",2007.5,2007.5,2007.5
"50542",2006,2007.5,2007.5
"50543",2005.5,2005.5,2005.5
"50544",2005.5,2005.5,2005.5
"50545",2007.5,2007.5,2007.5
"50546",2009,2009,2009
"50548",2007.75,2009.5,2010.25
"50551",2007.5,2007.75,2008.25
"50554",2005.25,2005.25,2007.5
"50556",2008,2008.75,2008.75
"50557",2005.5,2005.5,2005.5
"50558",2007.5,2007.5,2007.5
"50559",2008,2008,2008
"50560",2010.25,2010.25,2010.25
"50561",2007.5,2007.5,2007.5
"50562",2009,2009,2009.5
"50563",2007.75,2007.75,2009.75
"50565",2008.5,2009,2009
"50566",2009.75,2009.75,2009.75
"50567",2007.5,2007.75,2007.75
"50568",2007.75,2007.75,2007.75
"50569",2007,2008.75,2009.75
"50570",2008,2008,2009
"50571",2006.5,2007.5,2007.75
"50573",2009,2009,2009
"50574",2006.5,2006.5,2007.75
"50575",2007.75,2009.75,2009.75
"50576",2009,2009,2009
"50577",2007.5,2007.5,2007.5
"50578",2009.5,2009.75,2010.25
"50579",2009.75,2009.75,2009.75
"50581",2009,2009,2009
"50582",2007.5,2007.5,2007.5
"50583",2007.75,2007.75,2007.75
"50585",2007.5,2008.25,2009
"50586",2009.75,2009.75,2009.75
"50588",2007.25,2007.25,2007.25
"50590",2008,2008,2008
"50591",2007.5,2008.75,2009.5
"50593",2007.75,2007.75,2007.75
"50594",2005.5,2006,2007
"50595",2005.25,2005.25,2005.25
"50597",2008,2008,2008
"50598",2009,2009,2009
"50599",2006.5,2007.5,2008.5
"50601",2005.75,2007,2007.5
"50602",2007.75,2007.75,2007.75
"50603",2007.75,2007.75,2007.75
"50604",2006.25,2006.25,2006.25
"50605",2006.25,2006.25,2006.25
"50606",2006,2006,2006
"50607",2006,2007,2008.75
"50609",2007,2009.5,2009.75
"50611",2005.5,2006.25,2007.5
"50612",2005.75,2006.25,2006.75
"50613",2005.25,2005.25,2005.25
"50616",2005.75,2007.25,2007.75
"50619",2005.5,2006,2007.75
"50620",2005.5,2005.5,2007.75
"50621",2007,2007.5,2007.5
"50622",2006.25,2006.5,2009
"50624",2005.5,2005.5,2005.5
"50625",2007,2007,2007
"50626",2007.75,2007.75,2007.75
"50627",2007,2007.5,2007.5
"50628",2007.75,2007.75,2008.75
"50629",2007.75,2007.75,2007.75
"50630",2005.75,2005.75,2006.5
"50632",2006.5,2006.5,2006.5
"50633",2007,2007,2007
"50634",2006,2006,2006
"50635",2005.5,2005.5,2005.5
"50636",2005.5,2005.5,2005.5
"50638",2007,2007,2007
"50641",2005.75,2005.75,2005.75
"50642",2006.25,2006.25,2006.25
"50643",2005.25,2005.5,2006
"50644",2008.25,2010.5,2011
"50645",2006.25,2007.5,2007.5
"50647",2005.25,2005.25,2005.25
"50648",2007.75,2009.5,2010.75
"50650",2007,2010.5,2010.5
"50651",2006,2006.75,2007.25
"50652",2006.25,2007.25,2008
"50653",2005.5,2006.25,2006.75
"50654",2005.25,2005.25,2006.5
"50655",2005.25,2005.25,2005.25
"50658",2005.75,2005.75,2005.75
"50659",2006.5,2006.5,2007.25
"50660",2006.25,2006.25,2006.25
"50662",2005.25,2005.75,2005.75
"50664",2009,2009.5,2010.5
"50665",2006.25,2006.25,2006.25
"50666",2005.75,2005.75,2005.75
"50667",2006,2006,2006
"50668",2006.25,2006.25,2006.5
"50669",2005.5,2006,2007
"50670",2006.25,2006.25,2007.75
"50671",2005.75,2005.75,2005.75
"50672",2005.5,2005.5,2005.5
"50673",2005.5,2005.5,2005.5
"50674",2005.75,2006.5,2007.25
"50675",2006.5,2008.5,2010
"50676",2005.75,2005.75,2006.25
"50677",2005.75,2006.25,2006.5
"50680",2006.25,2006.25,2006.25
"50681",2006.25,2008.75,2009.5
"50682",2005.25,2005.25,2005.25
"50701",2005.25,2005.75,2006
"50702",2006,2006,2006
"50703",2006,2006,2007.25
"50707",2006,2006,2006
"50801",2007.5,2007.75,2007.75
"50830",2007.75,2007.75,2009.75
"50833",2008.5,2010,2010.25
"50835",2008.5,2008.5,2008.5
"50836",2008.5,2009.75,2010.25
"50837",2005.75,2005.75,2006.25
"50839",2010.5,2010.5,2010.5
"50840",2007.5,2007.75,2008.25
"50841",2005.75,2008.25,2010.5
"50842",2005.75,2005.75,2005.75
"50843",2006.5,2006.75,2007.75
"50845",2007.75,2007.75,2007.75
"50846",2005.75,2005.75,2007.25
"50847",2010.5,2010.5,2012.75
"50848",2008.25,2008.25,2009.75
"50849",2005.75,2005.75,2005.75
"50851",2005.75,2005.75,2007.5
"50853",2005.75,2005.75,2006.25
"50854",2007.75,2008.5,2008.5
"50857",2005,2005,2005
"50858",2005.75,2005.75,2005.75
"50859",2005.75,2005.75,2005.75
"50860",2008.5,2008.5,2008.5
"50861",2007.75,2007.75,2007.75
"50862",2008.25,2008.25,2009.75
"50863",2007.5,2007.5,2007.5
"50864",2005,2008.25,2008.25
"51001",2006.75,2006.75,2006.75
"51002",2007.25,2007.5,2007.75
"51003",2005.25,2006.75,2006.75
"51004",2008,2010.5,2010.5
"51005",2006.5,2007.25,2007.5
"51006",2008.5,2010.5,2010.75
"51007",2006.5,2006.5,2006.5
"51008",2005,2005.75,2007.25
"51009",2006.75,2006.75,2006.75
"51010",2007.75,2007.75,2007.75
"51011",2006.75,2006.75,2006.75
"51012",2006.5,2006.5,2007.25
"51014",2006.75,2007.25,2009.25
"51016",2005,2005.5,2007.25
"51018",2006.75,2007.25,2008
"51019",2007.75,2008,2008.5
"51020",2007.25,2007.25,2007.75
"51022",2005,2005,2005
"51023",2005.5,2006.75,2006.75
"51024",2005,2005,2005
"51025",2006.75,2006.75,2006.75
"51026",2007.5,2007.5,2010.25
"51027",2006.75,2006.75,2006.75
"51028",2005.5,2005.75,2007.25
"51029",2006.5,2006.5,2006.75
"51030",2006.5,2006.5,2006.5
"51031",2005.5,2006.75,2006.75
"51033",2007.5,2007.5,2007.5
"51034",2005.5,2005.5,2005.5
"51035",2005,2005.5,2005.5
"51036",2006.75,2007.25,2009.5
"51037",2009.25,2010.5,2010.5
"51038",2005,2005.75,2005.75
"51039",2006.5,2007.25,2007.25
"51040",2006.75,2007.75,2007.75
"51041",2006.75,2006.75,2006.75
"51044",2008,2009,2010.5
"51046",2006.75,2006.75,2006.75
"51047",2006.5,2006.5,2007.5
"51048",2005.5,2005.5,2005.5
"51049",2005.5,2005.5,2005.5
"51050",2005,2005.75,2006.75
"51051",2007.5,2007.5,2007.5
"51052",2005.75,2007,2007
"51053",2006.5,2006.5,2006.5
"51054",2005.5,2006.5,2007
"51055",2010.25,2010.5,2010.5
"51056",2007.5,2007.5,2007.5
"51058",2006.5,2006.5,2006.5
"51060",2005.5,2007,2007
"51061",2005.5,2005.5,2006.5
"51062",2001.25,2001.25,2006.75
"51063",2010.25,2010.5,2010.5
"51101",2004.5,2005.5,2005.5
"51103",2004.5,2005.5,2005.5
"51104",2005,2005,2005.5
"51105",2004.5,2005.5,2005.5
"51106",2005.5,2005.5,2005.5
"51108",2005,2005,2005
"51109",2001.25,2005,2005
"51111",2004.5,2005.5,2005.5
"51201",2007,2007,2007.5
"51230",2009.5,2009.5,2009.5
"51231",2005.25,2005.25,2005.25
"51232",2005.25,2007,2007.5
"51234",2006.75,2007,2007
"51235",2009.5,2009.5,2009.5
"51237",2006.75,2006.75,2006.75
"51238",2005.25,2006.75,2006.75
"51239",2006.75,2007,2007
"51240",2006.75,2008.5,2009.5
"51241",2006.75,2006.75,2006.75
"51242",2006.75,2006.75,2006.75
"51243",2005.5,2006.75,2006.75
"51244",2007,2007.5,2007.5
"51245",2005.25,2005.25,2006.75
"51246",2006.75,2006.75,2006.75
"51247",2009.75,2010.5,2010.5
"51248",2009.25,2010,2010.5
"51249",2005.25,2005.25,2005.25
"51250",2006.75,2006.75,2007
"51301",2009,2009.25,2009.5
"51331",2005,2005,2005.5
"51333",2009.25,2009.5,2009.5
"51334",2006.75,2006.75,2009
"51338",2009,2009.25,2009.25
"51341",2009.25,2009.75,2010
"51342",2009,2009.5,2009.5
"51343",2009.25,2009.5,2009.75
"51345",2005.25,2005.25,2005.25
"51346",2010.5,2010.5,2010.5
"51347",2007.25,2009,2009.5
"51350",2005.25,2007.25,2009.25
"51351",2007.25,2009,2009.5
"51354",2005.25,2005.25,2005.25
"51355",2005,2005,2005.5
"51357",2007.5,2008.25,2009.25
"51358",2009.5,2009.75,2009.75
"51360",2005.25,2005.75,2005.75
"51363",2006.75,2006.75,2006.75
"51364",2006.75,2006.75,2009
"51365",2009.5,2009.5,2009.5
"51366",2009.25,2009.5,2010
"51401",2005.5,2007,2007.25
"51430",2005,2005,2005
"51431",2005.5,2005.5,2007.5
"51433",2007.25,2007.25,2007.25
"51436",2007,2007,2007
"51439",2005.5,2005.5,2008.5
"51440",2005.5,2005.5,2005.5
"51441",2009.75,2009.75,2009.75
"51442",2009.75,2009.75,2009.75
"51443",2007,2007,2008.75
"51444",2008.75,2008.75,2009.25
"51445",2007.75,2008,2010.5
"51446",2008.5,2009.75,2010.5
"51447",2005.5,2005.75,2008.5
"51448",2009.75,2010.5,2010.75
"51449",2007.25,2007.25,2007.5
"51450",2007,2007,2007.75
"51451",2008.75,2008.75,2009.75
"51453",2008.75,2009.75,2009.75
"51454",2009.75,2010.5,2010.5
"51455",2008.75,2009.25,2009.5
"51458",2007,2007.75,2007.75
"51459",2007,2007.75,2008.75
"51461",2009.75,2010.5,2010.75
"51462",2007,2007,2007
"51463",2005.5,2005.75,2008.75
"51465",2009.75,2009.75,2010.5
"51466",2007,2007,2007
"51467",2009.75,2009.75,2010.5
"51501",2002.5,2005.25,2005.25
"51503",2005.25,2006.5,2008
"51510",2005,2005,2005
"51520",2005.5,2008.5,2008.5
"51521",2006.25,2006.5,2007.75
"51523",2009,2010.5,2010.5
"51525",2006.5,2007.75,2008.25
"51526",2005,2005,2005
"51527",2010.5,2010.5,2010.5
"51528",2008.5,2008.5,2008.5
"51529",2008.5,2008.5,2009
"51530",2010.5,2010.5,2010.5
"51531",2005.25,2005.5,2005.5
"51532",2007.75,2009.25,2010.5
"51533",2009.25,2010.25,2010.25
"51534",2007.5,2007.5,2007.5
"51535",2006.5,2006.75,2006.75
"51536",2006.25,2006.5,2007.75
"51537",2005.5,2006.75,2008.5
"51540",2010.25,2010.25,2010.25
"51541",2008.25,2009.25,2010.25
"51542",2006.25,2006.25,2006.25
"51543",2005.5,2005.5,2005.5
"51544",2005,2006.75,2006.75
"51545",2005.75,2007.5,2009
"51546",2006,2006.25,2006.25
"51548",2006.5,2006.5,2006.5
"51549",2008.25,2008.25,2008.25
"51550",2006,2006,2006
"51551",2007.5,2007.5,2007.5
"51552",2005,2005.5,2006.25
"51553",2008.75,2009.5,2009.5
"51554",2008,2008,2008
"51555",2006,2006.25,2006.25
"51556",2006,2006,2006
"51557",2005,2005,2005.75
"51558",2008.5,2009,2010.5
"51559",2006.25,2006.25,2006.25
"51560",2006.5,2007.75,2008.25
"51561",2005.25,2005.25,2007
"51562",2009,2009.75,2009.75
"51563",2006.5,2008,2008.5
"51564",2005,2005,2005
"51565",2008.5,2010.5,2010.75
"51566",2008.75,2010.25,2010.5
"51570",2006.5,2007.75,2008.5
"51571",2008,2008,2008
"51572",2007,2007,2007
"51573",2005,2006.75,2008.25
"51575",2008,2008,2008.25
"51576",2006.5,2006.5,2006.5
"51577",2005,2005.5,2006.5
"51578",2005,2008,2008.5
"51579",2008.5,2009,2009
"51601",2010.25,2010.25,2010.25
"51630",2010.25,2010.25,2010.5
"51631",2008.25,2009.75,2010
"51632",2008.25,2008.75,2010.25
"51636",2010.25,2010.25,2010.5
"51637",2010,2010.25,2010.5
"51638",2010.25,2010.25,2010.25
"51639",2008.75,2008.75,2008.75
"51640",2008.75,2008.75,2010.25
"51645",2008.75,2008.75,2008.75
"51646",2008.25,2008.25,2008.25
"51647",2010.25,2010.25,2010.75
"51648",2005.25,2005.25,2005.25
"51649",2008.75,2008.75,2008.75
"51650",2008.75,2010.25,2010.25
"51652",2008.75,2010.25,2010.25
"51653",2005,2005,2005
"51654",2005.25,2010.25,2010.25
"51656",2005,2008.75,2010.5
"52001",2005.75,2005.75,2005.75
"52002",2005.75,2005.75,2005.75
"52003",2005.25,2005.75,2005.75
"52030",2005.5,2005.5,2005.5
"52031",2005.5,2005.5,2006
"52032",2006,2006,2006
"52033",2006.75,2009,2009
"52035",2005.25,2005.75,2007
"52037",2005.25,2007.25,2007.25
"52038",2005.25,2005.25,2005.25
"52039",2006.5,2007.25,2008.5
"52040",2006.75,2007.5,2009
"52041",2005.75,2005.75,2005.75
"52042",2005.25,2006,2008.5
"52043",2009.25,2010.5,2010.5
"52044",2010.5,2010.5,2011.5
"52045",2006,2006.5,2007.25
"52046",2007,2008.75,2009.25
"52047",2007.75,2008,2008.5
"52048",2010,2010.5,2010.5
"52049",2008.5,2008.5,2008.5
"52050",2005.25,2005.25,2005.25
"52052",2009.25,2009.25,2009.25
"52053",2007,2008.5,2009.25
"52054",2005.25,2005.25,2005.25
"52057",2007.5,2009.25,2010.5
"52060",2005.25,2005.5,2007.25
"52064",2005,2005,2005
"52065",2005.75,2005.75,2007
"52066",2007.75,2009,2009.25
"52068",2005.75,2005.75,2006
"52069",2005,2005.25,2008
"52070",2005.5,2005.5,2005.5
"52072",2007.75,2008.5,2008.5
"52073",2006.75,2006.75,2007.25
"52074",2005.5,2007.25,2008.75
"52076",2008,2010.5,2010.5
"52077",2010.5,2010.5,2010.5
"52078",2009.25,2010.5,2010.5
"52079",2005.25,2005.25,2005.25
"52101",2007.25,2008.25,2009.5
"52132",2008.75,2009.5,2010.25
"52133",2008.25,2008.25,2009.75
"52134",2009.25,2009.25,2009.25
"52135",2008.25,2009.75,2010.25
"52136",2009.5,2009.5,2009.5
"52140",2009.25,2009.25,2009.25
"52141",2008,2009.75,2009.75
"52142",2005.25,2005.25,2006
"52144",2009.5,2009.5,2009.75
"52146",2008.25,2008.25,2008.25
"52147",2005,2005,2005.75
"52151",2009.25,2010.75,2012.5
"52154",2007.25,2008.75,2009.5
"52155",2009.25,2009.5,2009.5
"52156",2007.75,2007.75,2007.75
"52157",2008,2008,2008
"52158",2005,2005,2005
"52159",2007.75,2008,2008
"52160",2009.25,2009.25,2009.25
"52161",2008,2008.25,2008.25
"52162",2006.75,2007.75,2007.75
"52163",2008.75,2009.5,2009.5
"52164",2005,2005,2005
"52165",2009.5,2009.5,2009.5
"52166",2009.75,2009.75,2010.25
"52168",2009.5,2010.25,2010.25
"52169",2006,2008,2009.75
"52170",2008,2008.25,2008.25
"52171",2009.5,2009.5,2010.25
"52172",2006.75,2007.25,2007.25
"52175",2005.75,2008.25,2009.75
"52201",2005.25,2005.25,2005.25
"52202",2008.75,2008.75,2008.75
"52203",2010.25,2010.25,2010.25
"52205",2008.25,2008.75,2008.75
"52206",2006.5,2006.5,2006.5
"52207",2006.75,2006.75,2006.75
"52208",2006.75,2008.5,2008.5
"52209",2009.5,2009.5,2009.75
"52210",2006.75,2007.25,2008.75
"52211",2007.5,2007.5,2007.5
"52212",2008.25,2008.25,2008.25
"52213",2005.5,2008.75,2008.75
"52214",2010.25,2010.25,2010.25
"52215",2007.75,2009,2009
"52216",2009.75,2009.75,2010.5
"52217",2005.75,2005.75,2005.75
"52218",2008.75,2009,2010.25
"52219",2010.25,2010.25,2010.25
"52220",2010.75,2010.75,2010.75
"52221",2006.75,2006.75,2006.75
"52222",2006.75,2006.75,2007.5
"52223",2005.75,2005.75,2006
"52224",2005.5,2005.5,2006
"52225",2005.5,2005.5,2005.5
"52227",2008.5,2008.5,2009.5
"52228",2008.5,2008.5,2008.5
"52229",2005.5,2005.75,2006.5
"52231",2009,2009.5,2009.5
"52232",2006.75,2006.75,2007.5
"52233",2006.5,2006.5,2006.5
"52235",2005.25,2005.25,2005.25
"52236",2010.25,2010.25,2010.25
"52237",2007.5,2007.5,2007.5
"52240",2005.25,2005.25,2005.25
"52241",2009.5,2009.5,2009.5
"52242",2005.25,2005.25,2005.25
"52245",2005.25,2005.25,2005.25
"52246",2005.25,2005.25,2005.25
"52247",2006.5,2006.5,2006.5
"52248",2009,2009.5,2009.5
"52249",2005.5,2005.5,2005.5
"52251",2006.75,2006.75,2006.75
"52253",2008.75,2009.25,2009.75
"52254",2005.25,2006.75,2007.25
"52255",2009.5,2009.5,2009.5
"52257",2008.5,2008.5,2009.5
"52301",2009.5,2010.25,2010.75
"52302",2005.5,2005.5,2006.5
"52305",2008.75,2008.75,2008.75
"52306",2008.75,2009.25,2009.75
"52307",2010.25,2010.25,2010.25
"52308",2006.75,2006.75,2006.75
"52309",2006.75,2006.75,2009
"52310",2006,2007.5,2007.5
"52312",2008.75,2008.75,2008.75
"52313",2006.5,2006.5,2007.25
"52314",2008.5,2009.25,2009.75
"52315",2005.5,2005.5,2006.5
"52316",2008.25,2008.5,2008.5
"52317",2001.25,2009.5,2009.5
"52318",2006.5,2008.5,2009.75
"52320",2008.25,2008.25,2008.25
"52321",2008.25,2009,2009
"52322",2008.5,2009.5,2009.5
"52323",2006.75,2008.25,2008.25
"52324",2006.5,2006.5,2006.5
"52325",2008.5,2008.5,2009
"52326",2005.5,2005.5,2008
"52327",2005.25,2006.25,2006.5
"52328",2006.5,2006.5,2006.5
"52329",2006.75,2006.75,2006.75
"52330",2009.25,2010.25,2010.5
"52332",2005.5,2006.5,2006.5
"52333",2005,2005,2008.5
"52334",2010.25,2010.25,2010.25
"52335",2008.25,2008.25,2008.25
"52336",2005.5,2005.5,2005.5
"52337",2010.5,2010.5,2010.75
"52338",2008.5,2008.5,2008.5
"52339",2006.5,2007.5,2009
"52340",2009.5,2009.5,2009.5
"52341",2006.5,2006.5,2006.5
"52342",2005.75,2005.75,2006.5
"52345",2005.5,2005.5,2005.5
"52346",2005.5,2005.5,2005.5
"52347",2006.75,2006.75,2006.75
"52348",2005.75,2005.75,2005.75
"52349",2005.5,2006.5,2006.5
"52351",2006.5,2008.5,2009.75
"52352",2005.5,2006.75,2006.75
"52353",2006,2006,2006.5
"52354",2008.5,2009.5,2009.75
"52355",2007.75,2007.75,2007.75
"52356",2008.25,2008.5,2009
"52358",2005.25,2008.25,2009.25
"52359",2009.5,2009.5,2009.75
"52361",2008.5,2008.5,2008.5
"52362",2006.75,2008.25,2008.25
"52401",2006.5,2006.5,2006.5
"52402",2006.5,2006.5,2006.5
"52403",2006.5,2006.5,2008.5
"52404",2008.5,2008.5,2008.5
"52405",2006.5,2006.5,2006.5
"52411",2006.5,2006.5,2006.5
"52501",2006.75,2006.75,2006.75
"52530",2007.25,2007.75,2009
"52531",2006.5,2010,2010.75
"52533",2005,2007.25,2007.75
"52534",2007.75,2007.75,2007.75
"52535",2005.75,2005.75,2005.75
"52536",2006.5,2006.5,2007.75
"52537",2007.25,2007.75,2007.75
"52540",2008.5,2009,2009.5
"52542",2005.75,2005.75,2005.75
"52543",2006.75,2007,2007
"52544",2007.25,2008.25,2009.75
"52548",2006.5,2007,2007
"52549",2006,2006,2006
"52550",2005.5,2005.5,2005.5
"52551",2005.75,2005.75,2005.75
"52552",2007.75,2007.75,2008.25
"52553",2007,2007,2007
"52554",2007.25,2007.25,2007.25
"52555",2009.75,2009.75,2010
"52556",2005.25,2005.25,2005.25
"52557",2005,2005,2005
"52560",2007.25,2007.25,2007.25
"52561",2005.5,2005.5,2006.75
"52563",2006.75,2007.25,2009
"52565",2005.75,2005.75,2005.75
"52566",2006.75,2006.75,2007.25
"52567",2005.75,2005.75,2005.75
"52569",2005.5,2005.5,2005.5
"52570",2005.75,2005.75,2005.75
"52571",2010,2010.75,2010.75
"52572",2006,2007.75,2008.25
"52573",2005.75,2005.75,2006
"52574",2005.5,2005.5,2007.25
"52576",2009.5,2009.5,2009.5
"52577",2007,2007.75,2007.75
"52580",2009.5,2009.5,2009.5
"52581",2005.5,2007.25,2007.25
"52583",2009.5,2010,2010.25
"52584",2005.75,2005.75,2005.75
"52585",2009.5,2009.5,2009.5
"52586",2005.5,2005.5,2005.5
"52588",2007.25,2007.25,2007.25
"52590",2009,2009,2009
"52591",2005.5,2006.75,2007.75
"52593",2010,2010.5,2010.75
"52594",2009.5,2009.5,2009.5
"52595",2007.75,2007.75,2007.75
"52601",2005.75,2006.25,2006.75
"52619",2005.5,2006.25,2006.25
"52620",2005.75,2005.75,2005.75
"52621",2005.75,2005.75,2005.75
"52623",2006.25,2006.25,2006.25
"52624",2006.25,2007.25,2008
"52625",2005.5,2005.75,2006
"52626",2006.25,2006.25,2006.25
"52627",2005.5,2005.5,2006.25
"52630",2005.75,2006,2006
"52632",2005.25,2005.25,2005.25
"52635",2005.25,2005.25,2005.75
"52637",2005.25,2005.25,2005.25
"52638",2006.25,2006.25,2006.75
"52639",2005.25,2005.5,2005.5
"52640",2005.75,2006.25,2006.75
"52641",2005.75,2006.25,2006.25
"52644",2005.5,2005.5,2005.5
"52645",2006.25,2006.25,2006.25
"52646",2005.25,2006.75,2006.75
"52647",2005.75,2005.75,2005.75
"52649",2006.25,2006.25,2006.75
"52650",2005.25,2006.25,2006.25
"52651",2005.75,2005.75,2005.75
"52653",2006.75,2008.25,2010.25
"52654",2008.5,2008.5,2008.5
"52655",2006.25,2006.25,2006.25
"52656",2007.75,2007.75,2007.75
"52657",2007.75,2007.75,2007.75
"52658",2005.25,2005.25,2006.25
"52659",2005.75,2005.75,2005.75
"52660",2005.5,2005.75,2006.25
"52701",2005,2005,2005
"52720",2005.25,2006.25,2009.5
"52721",2007.75,2010.75,2010.75
"52722",2005.75,2005.75,2005.75
"52726",2005,2005,2005
"52727",2007.25,2008.25,2008.25
"52728",2005,2005,2005
"52729",2006,2006,2006
"52730",2007.25,2007.25,2007.25
"52731",2007.25,2007.25,2007.25
"52732",2005.75,2007.25,2008.25
"52737",2005.5,2005.5,2005.5
"52738",2005.25,2005.5,2005.5
"52739",2005.5,2005.5,2005.5
"52742",2005.25,2007.25,2007.25
"52745",2006,2006,2006
"52746",2006,2006,2006
"52747",2010.75,2010.75,2011
"52748",2005.75,2005.75,2005.75
"52749",2010.25,2010.75,2011.5
"52750",2007.25,2008.25,2008.25
"52751",2005.25,2005.25,2005.25
"52752",2005.5,2005.5,2005.5
"52753",2000,2005,2005
"52754",2005.5,2005.5,2005.5
"52755",2005.25,2005.25,2005.25
"52756",2005.25,2005.25,2005.25
"52757",2007.25,2007.25,2007.25
"52758",2005.25,2005.25,2005.25
"52760",2005.25,2009.5,2010.5
"52761",2005.25,2006.25,2008.25
"52765",2010.25,2010.75,2010.75
"52766",2006.25,2006.25,2006.25
"52767",2005.75,2005.75,2005.75
"52768",2005.25,2005.75,2007.25
"52769",2009.5,2010.75,2011
"52772",2007.75,2007.75,2007.75
"52773",2006.75,2006.75,2006.75
"52774",2007.25,2007.25,2007.25
"52776",2005.25,2005.25,2005.25
"52777",2009.5,2009.5,2009.5
"52778",2009.5,2010.5,2010.75
"52801",2005,2005,2005
"52802",2005,2005,2005
"52803",2005,2005.75,2005.75
"52804",2005,2005,2005.75
"52806",2006.75,2006.75,2006.75
"52807",2005.75,2005.75,2005.75
"53001",2005.5,2005.5,2005.5
"53002",2006.75,2006.75,2006.75
"53003",2007,2009.25,2012.75
"53004",2005,2005,2005
"53005",2005.5,2005.5,2005.5
"53006",2006.5,2006.5,2006.5
"53007",2006,2006,2006
"53010",2005.5,2005.5,2005.5
"53011",2005.5,2005.5,2005.5
"53012",2007.5,2009.75,2009.75
"53013",2010.5,2010.5,2010.5
"53014",2005.75,2006,2006
"53015",2007.25,2007.25,2007.75
"53016",2005.75,2005.75,2005.75
"53017",2006.75,2006.75,2006.75
"53018",2005.25,2005.25,2005.25
"53019",2005.25,2005.25,2005.5
"53020",2007.25,2007.25,2007.25
"53021",2005,2005,2005
"53022",2006,2006,2006
"53023",2001,2006.75,2006.75
"53024",2007.5,2007.5,2007.5
"53027",2006.75,2006.75,2006.75
"53029",2006.75,2006.75,2006.75
"53031",2010.5,2010.5,2010.5
"53032",2006.25,2006.25,2006.25
"53033",2006.75,2006.75,2006.75
"53034",2005.75,2005.75,2005.75
"53035",2005.75,2005.75,2005.75
"53036",2007,2008,2010.5
"53037",2009.75,2009.75,2009.75
"53038",2006,2006,2006
"53039",2005.75,2005.75,2005.75
"53040",2006.75,2006.75,2009.5
"53042",2006,2007.25,2007.25
"53044",2008.75,2008.75,2008.75
"53045",2005.5,2005.5,2005.5
"53046",2006,2006,2006
"53047",2005.5,2005.5,2005.5
"53048",2006.5,2006.5,2006.5
"53049",2006.75,2009,2010.25
"53050",2006.25,2006.5,2006.5
"53051",2006,2006,2006
"53057",2001.25,2005.25,2005.25
"53058",2005.25,2005.25,2006.75
"53059",2005.75,2005.75,2005.75
"53061",2006,2007.5,2007.5
"53063",2007.25,2007.25,2007.75
"53065",2006.25,2006.5,2006.5
"53066",2006.5,2006.5,2006.5
"53069",2006.5,2006.75,2006.75
"53070",2008.75,2010.5,2010.5
"53072",2005.25,2005.25,2005.25
"53073",2007.25,2007.25,2007.25
"53074",2005,2005,2005
"53075",2005.5,2010.5,2010.5
"53076",2006.75,2009.75,2009.75
"53078",2005.75,2005.75,2005.75
"53079",2006.75,2006.75,2006.75
"53080",2005,2005,2006.75
"53081",2008.75,2008.75,2008.75
"53083",2008.75,2008.75,2008.75
"53085",2007.25,2007.25,2007.25
"53086",2006.75,2006.75,2006.75
"53088",2005.75,2005.75,2005.75
"53089",2006,2006,2006.75
"53090",2009,2009.5,2009.5
"53091",2006.75,2006.75,2006.75
"53092",2005.5,2005.5,2005.5
"53093",2010.5,2010.5,2010.5
"53094",2005.5,2005.5,2005.75
"53095",2009.5,2009.5,2009.75
"53097",2006,2007.5,2007.5
"53098",2005.5,2005.75,2005.75
"53103",2007.25,2007.25,2007.25
"53104",2005.25,2005.25,2005.25
"53105",2006.5,2006.5,2006.5
"53108",2005.75,2005.75,2005.75
"53110",2005.75,2005.75,2005.75
"53114",2006.75,2006.75,2006.75
"53115",2005.5,2005.5,2006.75
"53118",2006,2006.5,2006.5
"53119",2006.75,2009.25,2009.25
"53120",2006.5,2006.5,2006.5
"53121",2007,2008,2008.25
"53122",2005.5,2005.5,2005.5
"53125",2005.25,2006.75,2008.25
"53126",2008.5,2008.5,2008.5
"53128",2006.5,2006.5,2007
"53129",2005.75,2005.75,2005.75
"53130",2005.75,2005.75,2007.25
"53132",2005.75,2005.75,2005.75
"53137",2006,2006,2006
"53139",2005,2006.75,2008.5
"53140",2006,2006,2006
"53142",2005.25,2005.25,2006
"53143",2006,2006,2006
"53144",2005.25,2005.25,2005.25
"53146",2005.5,2005.5,2005.5
"53147",2007,2007,2007
"53149",2002,2006.75,2006.75
"53150",2007.25,2007.25,2007.25
"53151",2005.5,2005.5,2005.5
"53153",2002,2006.75,2006.75
"53154",2005.75,2005.75,2005.75
"53156",2006.5,2009.25,2009.25
"53158",2006,2006,2006
"53167",2010.25,2011.75,2011.75
"53168",2005,2005,2005
"53170",2005,2005,2005
"53172",2005.75,2005.75,2005.75
"53177",2008.5,2008.5,2008.5
"53178",2006,2006.5,2006.5
"53179",2005.25,2005.25,2005.25
"53181",2005.25,2005.25,2005.25
"53182",2006.75,2008.5,2008.5
"53183",2005.25,2005.25,2005.25
"53184",2008.25,2008.25,2008.25
"53185",2007.25,2007.25,2010.25
"53186",2005.5,2005.5,2005.5
"53188",2005.25,2005.25,2005.25
"53189",2005.25,2005.5,2006.75
"53190",2005.5,2005.5,2005.5
"53191",2005,2005.5,2006.75
"53192",2005.25,2005.25,2005.25
"53195",2008.25,2008.25,2008.25
"53202",2005.25,2005.25,2005.25
"53203",2005.25,2005.25,2005.25
"53204",2005.25,2005.25,2005.25
"53205",2005.25,2005.25,2005.25
"53206",2005.25,2005.25,2005.25
"53207",2005.25,2005.25,2005.25
"53208",2005.25,2005.25,2005.25
"53209",2005.5,2005.5,2005.5
"53210",2005.25,2005.25,2005.25
"53211",2005.25,2005.25,2005.25
"53212",2005.25,2005.25,2005.25
"53213",2005.25,2005.25,2005.25
"53214",2005.25,2005.25,2005.25
"53215",2005.25,2005.25,2005.25
"53216",2005.25,2005.25,2005.25
"53217",2005.5,2005.5,2005.5
"53218",2005.5,2005.5,2005.5
"53219",2005.25,2005.25,2005.25
"53220",2005.25,2005.25,2005.25
"53221",2005.25,2005.75,2005.75
"53222",2005.25,2005.25,2005.5
"53223",2005.5,2005.5,2005.5
"53224",2005.5,2006,2006
"53225",2005.5,2005.5,2006
"53226",2005.25,2005.25,2005.5
"53227",2005.25,2005.25,2005.5
"53228",2005.25,2005.5,2005.5
"53233",2005.25,2005.25,2005.25
"53235",2005.25,2005.25,2005.25
"53295",2005.25,2005.25,2005.25
"53402",2005,2005,2005
"53403",2005,2005,2005
"53404",2005,2005,2005
"53405",2005,2005,2005
"53406",2005,2008.5,2008.5
"53501",2005.5,2005.5,2005.5
"53502",2006,2006,2008.5
"53503",2007.25,2007.75,2007.75
"53504",2005.75,2007,2007.75
"53505",2005.5,2005.75,2006.75
"53506",2008.75,2009,2009
"53507",2005.75,2005.75,2005.75
"53508",2006.25,2007.25,2009.75
"53510",2006.75,2006.75,2006.75
"53511",2005.5,2005.5,2005.5
"53515",2006,2007,2007
"53516",2007.75,2007.75,2007.75
"53517",2005.75,2005.75,2007
"53518",2008.75,2008.75,2010.75
"53520",2009.75,2009.75,2009.75
"53521",2007,2008.5,2008.5
"53522",2007,2007,2008.5
"53523",2005.5,2005.5,2006.75
"53525",2005.75,2005.75,2006.75
"53526",2009,2009,2009
"53527",2005.5,2005.5,2007
"53528",2006,2006,2007
"53529",2006,2006,2006
"53530",2009,2009,2009
"53531",2005,2005.5,2007.25
"53532",2005.75,2005.75,2005.75
"53533",2007.75,2007.75,2008.75
"53534",2009.25,2009.25,2009.25
"53536",2008.5,2008.5,2008.5
"53537",2005.5,2005.5,2005.5
"53538",2005,2005.5,2006
"53540",2009,2009,2009
"53541",2006.75,2009,2009
"53543",2008,2008.75,2009
"53544",2005.75,2005.75,2005.75
"53545",2005.5,2005.5,2009.5
"53546",2005.25,2005.25,2005.25
"53548",2005.5,2005.5,2009.5
"53549",2005.5,2005.5,2006
"53550",2006.75,2009.25,2009.75
"53551",2005.5,2005.5,2005.5
"53553",2009,2009,2009
"53554",2008.5,2008.75,2008.75
"53555",2009.25,2009.25,2009.25
"53556",2007.75,2009,2009
"53557",2005.75,2005.75,2005.75
"53558",2005.5,2005.5,2005.5
"53559",2008.5,2009.25,2010.75
"53560",2006,2006,2006
"53561",2007.75,2007.75,2007.75
"53562",2005.5,2005.5,2005.5
"53563",2005.5,2005.5,2005.5
"53565",2007.75,2009,2010.25
"53566",2007.75,2009,2010.5
"53569",2008.5,2008.75,2009
"53570",2005,2006,2006
"53571",2008.5,2008.5,2008.5
"53572",2007,2007,2007.25
"53573",2008.75,2008.75,2008.75
"53574",2005,2005,2006
"53575",2007.25,2009.75,2009.75
"53576",2005.5,2009.75,2009.75
"53577",2006,2006,2006
"53578",2007.75,2007.75,2007.75
"53579",2005.75,2006.25,2008.75
"53580",2007.75,2008.75,2009
"53581",2007,2008.75,2009
"53582",2005.75,2005.75,2005.75
"53583",2006,2007.75,2007.75
"53585",2005.75,2005.75,2005.75
"53586",2008,2009,2009
"53587",2005.75,2005.75,2005.75
"53588",2007.75,2007.75,2007.75
"53589",2008.25,2009.25,2009.25
"53590",2005.75,2006.25,2008.75
"53593",2005.5,2006,2007
"53594",2005.75,2006,2008
"53597",2006,2006,2006
"53598",2005.75,2005.75,2005.75
"53599",2005.75,2005.75,2005.75
"53702",2005.5,2005.5,2005.5
"53703",2005.5,2005.5,2005.5
"53704",2005.75,2005.75,2005.75
"53705",2005,2005,2005.5
"53706",2005.5,2005.5,2005.5
"53711",2005.5,2005.5,2005.5
"53713",2005.5,2005.5,2005.5
"53714",2005.5,2005.5,2005.5
"53715",2005.5,2005.5,2005.5
"53716",2005.5,2005.5,2005.5
"53717",2005,2005,2005.5
"53718",2005.5,2005.5,2005.5
"53719",2005,2005,2005.5
"53726",2005.5,2005.5,2005.5
"53792",2005,2005,2005.5
"53801",2008.5,2008.5,2008.5
"53802",2008.75,2008.75,2008.75
"53803",2007.75,2008.5,2009
"53804",2008.75,2009.25,2009.25
"53805",2010.75,2010.75,2010.75
"53806",2008.75,2008.75,2008.75
"53807",2008.5,2008.5,2008.5
"53808",2008.5,2008.5,2008.5
"53809",2006.75,2008.5,2008.75
"53810",2008.75,2008.75,2009.25
"53811",2006,2006.75,2006.75
"53813",2006.5,2006.5,2007.75
"53816",2009.25,2009.25,2009.25
"53817",2009.25,2009.25,2009.25
"53818",2007.75,2007.75,2007.75
"53820",2006.75,2006.75,2006.75
"53821",2005,2005,2008
"53825",2006.75,2008.5,2008.5
"53826",2009.25,2009.25,2010
"53827",2009.25,2009.25,2009.25
"53901",2007.75,2009.5,2009.5
"53910",2008.75,2008.75,2009
"53911",2008.5,2008.5,2008.5
"53913",2005.25,2005.25,2005.25
"53916",2006.75,2006.75,2006.75
"53919",2006.75,2008.75,2008.75
"53920",2009.75,2009.75,2009.75
"53922",2006.25,2006.25,2006.25
"53923",2009.5,2009.75,2010.5
"53924",2007,2007,2007
"53925",2005,2005,2005
"53926",2009.5,2009.5,2009.75
"53928",2008.5,2008.5,2009.75
"53929",2008.25,2009.75,2009.75
"53930",2009.75,2009.75,2009.75
"53931",2010.25,2010.25,2011.75
"53932",2005,2006.25,2006.75
"53933",2006.75,2008.75,2008.75
"53934",2008.75,2008.75,2008.75
"53935",2010.25,2010.5,2011.5
"53936",2006,2009,2009
"53937",2006,2006,2006
"53939",2010.25,2010.5,2011.5
"53941",2007,2007.25,2009.5
"53943",2006,2007,2007
"53944",2005,2005,2005
"53946",2008.75,2009,2010.25
"53947",2008.75,2008.75,2008.75
"53948",2008.5,2008.5,2008.75
"53949",2009.5,2009.5,2010.25
"53950",2009.5,2010.25,2010.5
"53951",2008.5,2008.5,2009.5
"53952",2006,2007.25,2009.5
"53953",2009.5,2009.5,2009.5
"53954",2008.5,2008.5,2008.5
"53955",2008.5,2008.5,2008.5
"53956",2006.75,2008.5,2009
"53959",2007,2007,2008.5
"53960",2008.5,2008.5,2008.5
"53961",2008.5,2008.5,2008.5
"53963",2006,2006,2006
"53964",2007.5,2009,2009
"53965",2006,2006,2007.25
"53968",2009.75,2009.75,2009.75
"53969",2008.5,2008.5,2008.5
"54001",2006.25,2006.25,2006.25
"54002",2006.75,2006.75,2006.75
"54003",2006,2006.75,2009.75
"54004",2006.25,2006.25,2008
"54005",2010.5,2010.5,2010.5
"54006",2008,2010.75,2010.75
"54007",2010.5,2010.5,2010.5
"54009",2009.25,2009.25,2009.25
"54010",2006,2006,2006
"54011",2006,2006.75,2008.5
"54013",2006.75,2006.75,2006.75
"54014",2006.5,2008,2008
"54015",2006.75,2006.75,2006.75
"54016",2006.25,2010.75,2010.75
"54017",2006.25,2006.25,2006.25
"54020",2006.25,2006.25,2007
"54021",2006.5,2006.5,2006.5
"54022",2006,2006.5,2006.5
"54023",2006.25,2006.25,2006.5
"54024",2008,2008.5,2009.25
"54025",2005.75,2005.75,2005.75
"54026",2006.25,2006.25,2006.25
"54027",2008.75,2008.75,2008.75
"54028",2006.75,2006.75,2006.75
"54082",2005.25,2005.25,2005.25
"54101",2008.75,2008.75,2008.75
"54102",2008.75,2008.75,2010.75
"54103",2010.75,2010.75,2010.75
"54104",2005.75,2005.75,2007
"54106",2005.75,2005.75,2005.75
"54107",2006.5,2006.5,2008
"54110",2005.5,2005.5,2005.5
"54111",2008,2008,2008
"54112",2005.5,2007,2009
"54113",2009,2009,2009
"54114",2006.75,2007.5,2008.75
"54115",2006,2006,2006
"54119",2008.25,2008.75,2010.75
"54120",2010.75,2010.75,2012
"54121",2007.5,2010.75,2012
"54123",2005.5,2005.5,2005.5
"54124",2008.5,2008.5,2009
"54125",2008.75,2010.75,2010.75
"54126",2005.5,2006,2006
"54127",2008,2008.5,2008.75
"54128",2008.5,2009,2010
"54129",2005.75,2005.75,2006
"54130",2006.75,2006.75,2006.75
"54135",2007.5,2008.5,2010
"54136",2006.75,2009,2009
"54137",2008,2008.5,2008.75
"54138",2007,2007,2007.5
"54139",2006.5,2006.5,2006.5
"54140",2006.75,2006.75,2006.75
"54141",2005.5,2008.75,2008.75
"54143",2005.5,2005.5,2005.5
"54149",2007,2007,2007.5
"54150",2007.5,2009,2009
"54151",2007.5,2007.5,2010.75
"54153",2006.5,2006.5,2008.25
"54154",2006.5,2008,2008.75
"54155",2006,2006,2008
"54156",2008.75,2010.75,2014.5
"54157",2005,2005,2005.25
"54159",2009,2009.25,2009.75
"54160",2005.5,2006,2006
"54161",2007,2007,2007.5
"54162",2006.5,2006.5,2006.5
"54165",2006.5,2006.5,2008
"54166",2005.5,2005.5,2006.5
"54169",2009,2009,2009
"54170",2005.75,2005.75,2006.5
"54171",2008.75,2008.75,2008.75
"54173",2005.5,2005.5,2005.5
"54174",2007,2007,2007.5
"54175",2006.75,2006.75,2007
"54177",2009,2009.25,2009.75
"54180",2006,2006,2006
"54201",2005.75,2005.75,2005.75
"54202",2005.5,2005.5,2006.25
"54204",2005,2005,2005
"54205",2005.75,2005.75,2005.75
"54207",2005,2005,2005
"54208",2005,2005.25,2007
"54209",2005.5,2005.5,2005.5
"54210",2006.25,2008.5,2008.75
"54211",2006.25,2006.25,2006.25
"54212",2005.75,2006.25,2006.25
"54213",2005.5,2005.5,2005.75
"54214",2009,2009,2009
"54216",2005.75,2007.75,2008.5
"54217",2005.75,2006.75,2008.5
"54220",2009,2009,2009
"54227",2005,2005,2005.25
"54228",2009,2009,2009.75
"54229",2007,2007,2007
"54230",2005.5,2005.5,2005.5
"54232",2005,2005,2005
"54234",2006.25,2006.25,2010.25
"54235",2006.75,2007.5,2007.5
"54241",2009,2009,2009.75
"54245",2005,2005,2005
"54246",2011.25,2011.25,2015.25
"54247",2005.5,2005.5,2009
"54301",2002.25,2002.25,2002.25
"54302",2006.75,2007,2007
"54303",2002.25,2002.25,2006
"54304",2002.25,2002.25,2002.25
"54307",2002.25,2002.25,2002.25
"54311",2007,2007,2007
"54313",2005.5,2005.5,2005.5
"54401",2005,2005,2005
"54403",2005,2006,2006.5
"54405",2007.25,2007.25,2007.25
"54406",2005.25,2005.75,2006.25
"54407",2005.75,2006.5,2006.5
"54408",2005,2005,2005
"54409",2005,2006.5,2006.75
"54410",2005.75,2005.75,2005.75
"54411",2006,2007.25,2009.75
"54412",2005.5,2006,2006
"54413",2006,2007,2007.25
"54414",2005.5,2005.5,2006.5
"54416",2006.75,2009,2009
"54417",2000,2006,2006
"54418",2006.75,2007,2007
"54420",2007,2007,2007
"54421",2006.25,2007.25,2007.25
"54422",2005.5,2005.5,2006.75
"54423",2005.5,2005.5,2005.75
"54424",2006,2006.75,2006.75
"54425",2007.25,2007.25,2007.25
"54426",2006,2006,2006.5
"54427",2007,2007,2007
"54428",2007,2007,2007
"54430",2007,2007,2007
"54433",2009,2009,2009.75
"54435",2007,2007,2007
"54436",2007.25,2007.25,2007.25
"54437",2007,2007.25,2007.25
"54440",2006.5,2007,2007
"54441",2005.5,2005.5,2005.5
"54442",2008,2008,2009.75
"54443",2005.5,2005.5,2005.5
"54446",2007,2007,2007
"54447",2009,2012.75,2012.75
"54448",2005,2006,2007
"54449",2005.75,2006.5,2007
"54450",2005.5,2006.75,2006.75
"54451",2009,2012.5,2012.75
"54452",2006.5,2006.5,2008
"54454",2006,2006,2006
"54455",2005.5,2005.5,2007
"54456",2006.5,2007,2007.25
"54457",2006.5,2006.5,2006.5
"54458",2005.75,2006.25,2006.5
"54459",2012.75,2012.75,2012.75
"54460",2005.5,2005.5,2007
"54462",2006.75,2006.75,2006.75
"54463",2007,2007,2007
"54465",2006.75,2006.75,2007.75
"54466",2007.25,2007.75,2009.5
"54467",2005.75,2006.5,2007
"54469",2005,2005,2005
"54470",2007.25,2012.75,2014
"54471",2005,2005.75,2006.5
"54473",2006.25,2006.5,2006.5
"54474",2005,2005,2005
"54475",2005,2005,2005
"54476",2005,2005,2006
"54479",2005,2005,2005
"54480",2007.25,2007.25,2008.25
"54481",2005,2005,2005
"54482",2005.5,2005.75,2005.75
"54484",2007,2007,2007.75
"54485",2007,2007,2007
"54486",2005.5,2005.5,2005.5
"54487",2007,2008,2008
"54488",2005,2005,2005
"54489",2005.75,2005.75,2006.25
"54490",2012.75,2012.75,2012.75
"54491",2007,2007,2007
"54493",2007,2007,2007
"54494",2006.25,2007,2007
"54495",2005,2005,2006
"54498",2005.5,2006.25,2009.75
"54499",2005.5,2006.5,2006.5
"54501",2006,2006,2007
"54511",2008.75,2009.25,2010.75
"54512",2010.75,2010.75,2011.25
"54513",2008,2012.75,2014
"54514",2011.25,2011.25,2012.5
"54515",2004.25,2012.75,2012.75
"54517",2011.25,2014.75,2014.75
"54519",2005.25,2005.25,2005.75
"54520",2007,2007,2007
"54521",2005.5,2005.75,2007
"54524",2008,2008,2008
"54525",2012.5,2012.5,2013.25
"54526",2009,2009,2012.75
"54527",2011.25,2011.25,2011.25
"54529",2008,2008,2008.75
"54530",2009,2012.75,2012.75
"54531",2008,2008,2008
"54534",2011.25,2012.5,2012.5
"54536",2012.5,2012.5,2013.25
"54537",2009,2012.75,2012.75
"54538",2005.25,2010.5,2010.5
"54539",2007,2007,2007
"54540",2010,2010.5,2010.75
"54541",2006.75,2006.75,2007.5
"54542",2010.75,2010.75,2011.25
"54545",2010.5,2010.5,2010.75
"54546",2007.25,2009.75,2011.25
"54547",2011.25,2012.5,2012.5
"54548",2005.25,2005.25,2008
"54550",2012.5,2012.5,2013.25
"54552",2010.5,2010.5,2012.5
"54554",2007,2007,2010
"54555",2008,2008,2008
"54556",2008,2008,2008
"54557",2010.5,2010.5,2010.75
"54558",2005.75,2006,2006.5
"54559",2013.25,2013.25,2013.25
"54560",2006.5,2009.25,2010.5
"54561",2010.5,2010.5,2010.5
"54562",2007,2007,2007
"54563",2009,2009,2009
"54564",2008,2008,2008
"54565",2011.25,2011.25,2012.5
"54566",2006.75,2006.75,2006.75
"54568",2010.75,2010.75,2010.75
"54601",2008.5,2009.5,2009.5
"54603",2005,2005,2005
"54610",2011.5,2011.5,2012
"54611",2006.5,2006.5,2007.5
"54612",2009.25,2010.75,2010.75
"54613",2007.75,2007.75,2007.75
"54614",2005.5,2007.25,2007.5
"54615",2007.5,2007.5,2010.75
"54616",2006.75,2007.5,2010.75
"54618",2005.5,2005.5,2005.5
"54619",2005,2005.5,2006
"54621",2005,2008,2010.5
"54622",2009.25,2012.5,2012.5
"54623",2005.5,2006.5,2009.5
"54624",2005,2005,2011.5
"54625",2008.5,2008.5,2008.5
"54626",2008.25,2008.25,2008.25
"54627",2006.75,2006.75,2006.75
"54628",2007.25,2007.25,2010.75
"54629",2008.5,2009.25,2010.75
"54630",2008,2008.5,2008.5
"54631",2007.25,2010.75,2010.75
"54632",2005,2009.25,2010.5
"54634",2007,2009.75,2009.75
"54635",2007.5,2007.5,2010.5
"54636",2005.5,2005.75,2006.75
"54637",2005.5,2005.5,2005.5
"54638",2006,2006,2007.25
"54639",2006,2006,2006
"54641",2010.5,2010.5,2010.5
"54642",2005.5,2005.5,2007
"54643",2005,2007.25,2009.5
"54644",2005.5,2005.5,2006.5
"54645",2007.25,2007.25,2007.25
"54646",2007.75,2008.5,2008.5
"54648",2005.5,2006,2007.25
"54650",2005,2005.5,2005.5
"54651",2006,2006,2006
"54652",2008,2010,2010.75
"54653",2005,2005.5,2006.5
"54654",2010.75,2010.75,9999
"54655",2010,2010.75,2010.75
"54656",2005.5,2007,2007
"54657",2010.75,2010.75,9999
"54658",2007.75,2009.5,2009.5
"54659",2005.5,2006.75,2009.75
"54660",2009.5,2009.5,2009.5
"54661",2008.5,2008.5,2008.5
"54664",2010,2010.75,2010.75
"54665",2005.5,2006.5,2010
"54666",2007.75,2007.75,2009.5
"54667",2005.5,2005.5,2005.5
"54669",2005.5,2005.5,2005.5
"54670",2006,2006,2006
"54701",2005.5,2005.5,2005.5
"54703",2005.5,2005.5,2005.5
"54720",2005.5,2005.5,2005.75
"54721",2008.75,2009.25,2009.5
"54722",2006.75,2006.75,2007.25
"54723",2008,2008.5,2009.5
"54724",2008.5,2008.75,2009.75
"54725",2006.75,2007,2007
"54726",2007.25,2007.25,2009.75
"54727",2008.75,2009.75,2009.75
"54728",2006,2008,2008
"54729",2006.5,2006.5,2006.5
"54730",2006,2006,2006
"54731",2008.5,2008.5,2008.5
"54732",2009.75,2009.75,2010.25
"54733",2007.25,2007.25,2007.25
"54734",2006.75,2006.75,2006.75
"54736",2007.75,2009.25,2009.25
"54737",2007,2009.25,2009.25
"54738",2007.5,2009.75,2010.5
"54739",2005.25,2006,2006
"54740",2008.75,2008.75,2008.75
"54741",2006.75,2006.75,2006.75
"54742",2007,2007,2007
"54745",2009,2009,2009.75
"54746",2006.5,2006.5,2006.5
"54747",2010.75,2010.75,2010.75
"54748",2008.75,2009.75,2010.25
"54749",2008.75,2008.75,2008.75
"54750",2008.5,2009.5,2012.5
"54751",2005.25,2005.75,2006.75
"54754",2005,2005,2006.5
"54755",2005.5,2009.25,2010.5
"54756",2010.75,2012.5,2013
"54757",2006,2006,2006
"54758",2007.5,2009.75,2010.5
"54759",2008.5,2009.5,2011.5
"54760",2009.75,2010.5,2010.75
"54761",2008.75,2009.5,2009.75
"54762",2007.25,2007.25,2007.25
"54763",2007.25,2007.25,2007.25
"54765",2005,2005,2005
"54766",2009,2009,2009
"54767",2008.75,2008.75,2009.5
"54768",2005.5,2005.5,2007
"54769",2008.5,2008.5,2008.5
"54770",2009.75,2010.5,2010.5
"54771",2005.5,2006.25,2007.25
"54772",2006.75,2007,2007
"54773",2010.75,2010.75,2010.75
"54801",2008.5,2009.75,2009.75
"54805",2006.25,2008.25,2008.25
"54806",2007.75,2007.75,2009.75
"54810",2008.5,2009.5,2009.5
"54812",2008,2008,2008.25
"54813",2005,2005,2006.75
"54814",2009.75,2012.5,9999
"54817",2008.5,2008.5,2008.5
"54819",2006,2008.5,2008.5
"54820",2007,2009.75,2010.5
"54821",2010.75,2012.75,2012.75
"54822",2008,2008,2008
"54824",2008,2008,2008
"54826",2006,2006,2006
"54827",2007.75,2012.5,2012.5
"54828",2010.75,2010.75,2010.75
"54829",2006,2006,2006
"54830",2010.5,2010.5,2010.5
"54832",2009,2010.75,2010.75
"54835",2010.75,2010.75,2010.75
"54836",2010.75,2010.75,2010.75
"54837",2008.5,2009.5,2009.75
"54838",2006.5,2006.5,2009
"54839",2007,2007,2007.75
"54840",2010.75,2010.75,2010.75
"54841",2006.5,2008.5,2008.5
"54842",2006,2006,2006
"54843",2010.75,2010.75,2012.75
"54844",2010.5,2012.5,2012.5
"54845",2008.5,2009.75,2009.75
"54846",2007.25,2009.75,2011.25
"54847",2007,2009,2010.75
"54848",2006.25,2008.5,2008.5
"54849",2006,2006.25,2006.25
"54850",9999,9999,9999
"54853",2008.5,2009.5,2009.5
"54854",2007,2007,2007
"54855",2007.25,2011.25,2012.75
"54856",2007.75,2007.75,2009
"54857",2008.5,2008.5,2008.5
"54858",2008,2008,2009.5
"54859",2010,2010.5,2010.5
"54861",2009.75,2009.75,2009.75
"54862",2010.75,2010.75,2010.75
"54864",2006,2007,2007
"54865",2012.5,2012.5,2012.5
"54867",2010.75,2010.75,2010.75
"54868",2006,2006.5,2006.5
"54870",2006,2008.5,2008.5
"54871",2006,2006.5,2006.5
"54872",2006,2006,2006
"54873",2007.5,2009,2009.75
"54874",2009.75,2009.75,2009.75
"54875",2005.75,2010,2010
"54876",2010.5,2010.75,2010.75
"54880",2006,2009.75,2010
"54888",2009.75,2010,2010.5
"54889",2006.25,2006.25,2006.25
"54891",2007.75,2009.75,2012.5
"54893",2009.5,2009.5,2009.75
"54895",2006,2006,2008
"54896",2013,2014.5,2014.5
"54901",2005,2005,2005
"54902",2005.25,2005.25,2005.25
"54904",2005,2005,2005.25
"54909",2005.75,2005.75,2005.75
"54911",2005.75,2006.5,2006.75
"54913",2005.25,2005.25,2005.75
"54914",2005.25,2005.25,2005.75
"54915",2009,2009,2009
"54921",2007,2007,2008.25
"54922",2007,2007,2009
"54923",2005.5,2005.75,2005.75
"54927",2005.5,2005.5,2005.5
"54928",2010,2010.75,2010.75
"54929",2005.25,2005.25,2005.5
"54930",2007.5,2007.5,2007.5
"54931",2005,2005.25,2005.25
"54932",2005.25,2006.25,2006.25
"54933",2005.25,2005.25,2005.25
"54934",2005.5,2005.5,2005.5
"54935",2006.25,2006.25,2006.25
"54937",2005.5,2006.25,2006.25
"54940",2007.5,2007.5,2007.5
"54941",2008.75,2009,2009.5
"54942",2005.25,2005.25,2005.25
"54943",2007.5,2007.5,2007.5
"54944",2005.25,2005.25,2005.25
"54945",2005.5,2006.25,2006.25
"54946",2005.25,2005.25,2005.25
"54947",2005,2005,2005.25
"54948",2010.75,2010.75,2010.75
"54949",2007,2007,2007
"54950",2008,2008,2008
"54952",2009,2009,2009
"54956",2005.25,2005.75,2005.75
"54960",2005.75,2005.75,2005.75
"54961",2005.25,2005.5,2005.75
"54962",2006.25,2006.25,2006.25
"54963",2005.5,2005.5,2005.5
"54964",2004,2005,2005
"54965",2007.5,2007.5,2007.5
"54966",2009.5,2009.5,2009.5
"54967",2005.5,2005.5,2005.5
"54968",2005.75,2006,2008.75
"54970",2007.25,2007.25,2007.25
"54971",2007.75,2008.75,2009.5
"54974",2006,2006.75,2008.75
"54977",2006.25,2006.25,2006.25
"54979",2005.25,2005.25,2005.25
"54980",2005,2005,2005
"54981",2005.25,2005.25,2005.25
"54982",2006,2006,2006
"54983",2005.5,2005.5,2005.5
"54984",2005.75,2005.75,2006.75
"54985",2005,2005,2005
"54986",2005.5,2005.5,2005.5
"55001",2010.75,2010.75,2010.75
"55003",2005.25,2005.25,2005.25
"55005",2005.5,2005.5,2005.5
"55006",2007.5,2007.5,2007.5
"55007",2007.5,2007.5,2007.5
"55008",2007.75,2007.75,2008.75
"55009",2005.5,2005.5,2005.75
"55011",2005.5,2005.5,2005.5
"55012",2007,2009.75,2010.75
"55013",2005.75,2005.75,2005.75
"55014",2005.75,2005.75,2005.75
"55016",2006.75,2006.75,2006.75
"55017",2008.75,2010.75,2010.75
"55018",2005.5,2005.5,2005.75
"55019",2006.25,2006.75,2007
"55020",2000,2000,2000
"55021",2006.25,2006.25,2006.5
"55024",2000,2006.75,2006.75
"55025",2005.75,2005.75,2008.5
"55026",2008.5,2008.5,2008.5
"55027",2005.75,2005.75,2005.75
"55029",2007.75,2008.75,2010.5
"55030",2007.5,2007.5,2007.5
"55031",2004,2005,2005
"55032",2005.25,2005.25,2005.25
"55033",2006.5,2006.5,2006.75
"55036",2007.5,2009.75,2010.75
"55037",2009.75,2009.75,2010.25
"55038",2008.5,2008.5,2008.5
"55040",2006.75,2007.75,2007.75
"55041",2006,2006,2006
"55042",2005.5,2006.75,2006.75
"55043",2010.75,2010.75,2010.75
"55044",2000,2000,2008.5
"55045",2007,2007,2007
"55046",2006.5,2006.5,2006.75
"55047",2005.75,2005.75,2005.75
"55049",2006.5,2006.5,2007
"55051",2007.5,2007.5,2008
"55052",2006.25,2006.5,2006.5
"55053",2005.5,2005.75,2007
"55054",2000,2000,2000
"55055",2005.5,2005.5,2005.5
"55056",2007,2007.75,2008.75
"55057",2006.75,2008.25,2008.25
"55060",2005.25,2006.5,2006.75
"55063",2008.75,2010.75,2010.75
"55065",2005.5,2005.5,2005.75
"55066",2005.75,2005.75,2006
"55068",2006.25,2006.25,2006.75
"55069",2005.25,2005.25,2005.25
"55070",2005.5,2005.5,2005.75
"55071",2006.75,2006.75,2006.75
"55072",2009.75,2010.25,2010.5
"55073",2005.75,2005.75,2006.25
"55074",2007,2007,2007
"55075",2005.5,2005.5,2005.5
"55076",2006.5,2006.75,2006.75
"55077",2006.25,2006.25,2006.25
"55079",2005.75,2005.75,2005.75
"55080",2007.75,2008.75,2010.75
"55082",2005.25,2005.75,2006.75
"55084",2009.75,2010.75,2010.75
"55085",2004,2005,2005
"55087",2006.5,2006.5,2006.5
"55088",2006.75,2006.75,2007
"55089",2006,2006.5,2008
"55090",2006.75,2006.75,2006.75
"55092",2005.5,2005.5,2005.5
"55101",2005,2005,2005
"55102",2005,2005,2005
"55103",2005,2005,2005
"55104",2005,2005,2005
"55105",2005,2005,2005
"55106",2005.5,2005.5,2005.5
"55107",2005,2005,2005
"55108",2005,2005,2005.5
"55109",2006.75,2006.75,2006.75
"55110",2006.75,2006.75,2006.75
"55111",2005,2005,2005
"55112",2006.5,2006.5,2006.5
"55113",2006.5,2006.5,2006.5
"55114",2005,2005,2005
"55115",2006.75,2006.75,2006.75
"55116",2005,2005,2005
"55117",2006.5,2006.5,2006.5
"55118",2005,2005,2005
"55119",2005.5,2005.5,2005.5
"55120",2005,2005,2005
"55121",2005,2005,2005
"55122",2006.25,2006.25,2006.25
"55123",2006.25,2006.25,2006.25
"55124",2006.25,2006.25,2006.25
"55125",2005.5,2005.5,2005.5
"55126",2006.5,2006.5,2006.5
"55127",2006.5,2006.5,2006.5
"55128",2005.5,2006.75,2006.75
"55129",2005.5,2005.5,2005.5
"55130",2005,2005,2005
"55150",2005,2005,2005
"55155",2005,2005,2005
"55301",2006.75,2006.75,2006.75
"55302",2006,2006.25,2006.5
"55303",2005.5,2005.5,2005.5
"55304",2005.5,2005.5,2005.5
"55305",2006.25,2006.25,2006.25
"55306",2007,2007,2007
"55307",2007.5,2007.5,2007.5
"55308",2006.25,2006.5,2006.75
"55309",2005.75,2006.25,2006.25
"55310",2008.75,2008.75,2008.75
"55311",2006.75,2006.75,2008
"55312",2010.25,2010.5,2010.5
"55313",2006,2006,2007.25
"55314",2010.25,2010.5,2010.5
"55315",2006.75,2008,2008
"55316",2005.25,2005.25,2005.25
"55317",2007,2007,2007
"55318",2007,2008,2008
"55319",2007,2007.75,2007.75
"55320",2006,2006,2006.75
"55321",2006.5,2007.25,2008.5
"55322",2006.25,2006.5,2006.5
"55324",2006.5,2010,2010.5
"55325",2006.5,2007.75,2008.5
"55327",2005.25,2005.25,2006.75
"55328",2006.75,2008.25,2011
"55329",2008,2008.75,2008.75
"55330",2006.5,2006.5,2006.5
"55331",2007,2007,2007
"55332",2009,2009,2010.5
"55333",2009,2009,2010.5
"55334",2007.5,2007.5,2008.25
"55335",2009,2010.5,2010.5
"55336",2009.5,2009.5,2009.5
"55337",2007,2007,2007
"55338",2006.5,2007.25,2007.25
"55339",2006.5,2006.5,2006.5
"55340",2008,2008,2008
"55341",2006.75,2006.75,2006.75
"55342",2009,2010.5,2010.5
"55343",2006.25,2006.25,2006.25
"55344",2006.25,2006.25,2006.25
"55345",2007,2007,2007
"55346",2007,2007,2007
"55347",2007,2007,2007
"55349",2006.25,2006.25,2006.25
"55350",2006.5,2006.5,2006.5
"55352",2006.75,2006.75,2006.75
"55353",2006,2006,2006
"55354",2006.5,2006.5,2007.75
"55355",2007.25,2007.25,2008.75
"55356",2008,2008,2008
"55357",2008,2008,2008
"55358",2006,2006,2006
"55359",2008,2008,2008
"55360",2006.5,2006.5,2006.5
"55362",2005.5,2006,2006.5
"55363",2006.25,2006.25,2006.25
"55364",2007,2007,2007
"55366",2009.5,2009.5,2009.5
"55367",2006.5,2006.5,2006.5
"55368",2006.5,2006.5,2006.5
"55369",2005.25,2006.75,2006.75
"55370",2006.5,2006.5,2006.5
"55371",2007.75,2010.25,2010.75
"55372",2007,2007,2008.5
"55373",2007,2008.25,2010.75
"55374",2006.75,2006.75,2006.75
"55375",2006.25,2006.5,2007.25
"55376",2006.75,2006.75,2006.75
"55378",2007,2007,2007
"55379",2008,2008,2008
"55381",2008.5,2010.5,2010.5
"55382",2006,2006,2006.25
"55384",2007,2007,2007
"55385",2010.25,2010.5,2010.5
"55386",2007,2007,2007
"55387",2006.25,2006.5,2007
"55388",2006.25,2006.5,2006.5
"55389",2005.75,2006,2006
"55390",2006.25,2006.25,2006.25
"55391",2007,2007,2007
"55395",2006.5,2006.5,2006.5
"55396",2006.75,2006.75,2006.75
"55397",2006.5,2006.5,2006.5
"55398",2006.25,2006.25,2006.25
"55401",2006.5,2006.75,2006.75
"55402",2006.25,2006.25,2006.25
"55403",2006.25,2006.25,2006.25
"55404",2005,2005,2005
"55405",2006.25,2006.25,2006.25
"55406",2005,2005,2005
"55407",2005,2005,2005
"55408",2006.25,2006.25,2006.25
"55409",2006.25,2006.25,2006.25
"55410",2006.25,2006.25,2006.25
"55411",2006.75,2006.75,2006.75
"55412",2006.75,2006.75,2006.75
"55413",2006.5,2006.5,2006.5
"55414",2005,2005,2006.5
"55415",2005,2005,2005
"55416",2006.25,2006.25,2006.25
"55417",2005,2005,2005
"55418",2006.5,2006.5,2006.5
"55419",2006.25,2006.25,2006.25
"55420",2006.25,2006.25,2007
"55421",2006.5,2006.5,2006.5
"55422",2006.75,2006.75,2006.75
"55423",2006.25,2006.25,2006.25
"55424",2006.25,2006.25,2006.25
"55425",2005,2005,2005
"55426",2006.25,2006.25,2006.25
"55427",2006.75,2006.75,2006.75
"55428",2006.75,2006.75,2006.75
"55429",2006.75,2006.75,2006.75
"55430",2006.75,2006.75,2006.75
"55431",2007,2007,2007
"55432",2006.5,2006.5,2006.5
"55433",2005.25,2005.25,2005.25
"55434",2005.75,2005.75,2005.75
"55435",2006.25,2006.25,2006.25
"55436",2006.25,2006.25,2006.25
"55437",2006.25,2007,2007
"55438",2006.25,2007,2007
"55439",2006.25,2006.25,2006.25
"55441",2006.75,2006.75,2006.75
"55442",2006.75,2006.75,2006.75
"55443",2005.25,2006.75,2006.75
"55444",2006.75,2006.75,2006.75
"55445",2005.25,2005.25,2006.75
"55446",2008,2008,2008
"55447",2008,2008,2008
"55448",2005.25,2005.25,2005.25
"55449",2005.75,2005.75,2005.75
"55450",2005,2005,2005
"55454",2005,2005,2005
"55455",2005,2005,2005
"55601",2007,2007,2007
"55602",2012.75,2014.75,2015
"55603",2008.25,2010.5,2012.75
"55604",9999,9999,9999
"55605",9999,9999,9999
"55606",9999,9999,9999
"55607",2010.5,2010.5,2010.5
"55609",2010.25,2010.5,2011
"55612",2007.5,2008.25,2014.5
"55613",2008.25,2008.25,2013.25
"55614",2010.5,2012.75,2014.75
"55615",2012.75,2014,9999
"55616",2010,2011,2014.75
"55702",2009.25,2009.25,2009.25
"55703",2007.75,2007.75,2008.5
"55704",2010.25,2010.75,2010.75
"55705",2009.5,2009.5,2009.5
"55706",2008.25,2008.25,2008.25
"55707",2010.25,2010.5,2010.75
"55708",2005.5,2007.5,2008.5
"55709",2007.5,2008,2010.25
"55710",2007.75,2007.75,2007.75
"55711",2009.25,2009.5,2009.75
"55712",2010.75,2011.75,2011.75
"55713",2007.5,2007.5,2008.5
"55716",2009.75,2010.25,2010.25
"55717",2006.5,2006.5,2008.25
"55718",2009.5,2010.25,2010.5
"55719",2008.5,2008.5,2008.5
"55720",2006.25,2006.25,2009.25
"55721",2005.75,2005.75,2006
"55722",2005.75,2005.75,2005.75
"55723",2008.75,2008.75,2009.5
"55724",2008.25,2009.5,2009.75
"55725",2012.25,2015,9999
"55726",2010.25,2010.5,2010.75
"55731",2010.5,2013.25,2013.25
"55732",2008.25,2009.5,2009.75
"55733",2006.25,2006.25,2009.75
"55734",2007.5,2007.5,2008.75
"55735",2010.25,2010.75,2010.75
"55736",2010.25,2010.25,2010.25
"55738",2008.5,2009.75,2009.75
"55741",2005.5,2005.5,2005.5
"55742",2010.25,2010.25,2010.25
"55744",2006.75,2006.75,2007.5
"55746",2008,2009.75,2009.75
"55748",2006.75,2006.75,2008.5
"55749",2010.25,2010.75,2011.75
"55750",2009.75,2009.75,2011.5
"55751",2007.5,2007.5,2007.5
"55752",2010.25,2010.25,2010.25
"55753",2006.75,2006.75,2006.75
"55756",2010.75,2010.75,2010.75
"55757",2007.75,2008.75,2008.75
"55758",2007.5,2007.5,2007.5
"55760",2008.75,2010.25,2010.75
"55763",2009.5,2009.75,2012.75
"55764",2009.75,2010.25,2010.25
"55765",2009.75,2009.75,2009.75
"55766",2009.75,2009.75,2012.25
"55767",2008.75,2010.25,2010.5
"55768",2007.5,2007.5,2007.5
"55769",2009.75,2009.75,2009.75
"55771",2010.5,2010.5,2012.25
"55772",2006.5,2006.5,2006.5
"55775",2007.75,2009.75,2010.25
"55779",2006.25,2008.25,2009.25
"55780",2009.5,2009.5,2010.25
"55781",2008.75,2009.75,2009.75
"55782",2005.25,2005.25,2005.25
"55783",2010.25,2010.75,2010.75
"55784",2010.25,2010.5,2010.75
"55785",2010.25,2010.25,2010.25
"55786",2007.5,2007.5,2009.5
"55787",2010.75,2010.75,2010.75
"55790",2009.5,2009.5,2010.5
"55792",2005.5,2007.5,2007.75
"55793",2010.5,2010.75,2010.75
"55795",2010.75,2010.75,2010.75
"55797",2010.25,2010.25,2010.25
"55798",2010.5,2010.75,2010.75
"55802",2005.75,2005.75,2006
"55803",2008.25,2008.25,2008.25
"55804",2008.25,2008.25,2008.25
"55805",2005.75,2005.75,2005.75
"55806",2005.75,2005.75,2005.75
"55807",2006,2006,2006
"55808",2006,2006,2006
"55810",2005.75,2006,2006
"55811",2005.75,2005.75,2005.75
"55812",2007.5,2007.5,2007.5
"55814",2005.75,2005.75,2005.75
"55901",2001,2006.5,2006.5
"55902",2005.25,2005.5,2006.25
"55904",2005.5,2005.5,2005.5
"55905",2001,2006.5,2006.5
"55906",2006.25,2006.5,2007.75
"55909",2005.5,2006.75,2007
"55910",2007.75,2008.5,2008.5
"55912",2006.75,2007.75,2007.75
"55917",2006.75,2006.75,2006.75
"55918",2007.75,2008,2008
"55919",2009.25,2009.25,2009.25
"55920",2006,2006.5,2006.5
"55921",2007.5,2008.5,2009.25
"55922",2009.5,2009.5,2009.5
"55923",2005.5,2005.5,2006.5
"55924",2005.25,2005.25,2005.25
"55925",2005,2007,2008.75
"55926",2006.75,2006.75,2006.75
"55927",2005.25,2005.25,2005.25
"55929",2006.5,2006.5,2006.5
"55931",2009.25,2009.25,2009.25
"55932",2006.5,2007.75,2008.5
"55933",2007,2007,2007
"55934",2005.5,2006.25,2007.75
"55935",2009.5,2009.5,2009.5
"55936",2006.75,2006.75,2006.75
"55939",2009.5,2009.5,2009.5
"55940",2001.5,2006,2006.75
"55941",2006.75,2006.75,2006.75
"55943",2008.75,2009.25,2010.25
"55944",2006,2006.25,2006.5
"55945",2007.75,2007.75,2009.5
"55946",2005.75,2006.5,2007
"55947",2005,2006.75,2006.75
"55949",2009.5,2009.5,2009.5
"55950",2007.75,2008,2008
"55951",2008,2009.25,2009.25
"55952",2008.5,2009.5,2009.5
"55953",2005.5,2005.5,2006.5
"55954",2009.25,2009.5,2009.5
"55955",2006.5,2006.5,2006.5
"55956",2005.5,2005.75,2005.75
"55957",2006.5,2006.5,2007.75
"55959",2005.75,2005.75,2007
"55960",2005.5,2005.5,2005.5
"55961",2008,2008,2009.25
"55962",2009.5,2009.5,2009.5
"55963",2006.5,2008,2008
"55964",2007.75,2007.75,2007.75
"55965",2009.25,2009.25,2009.5
"55967",2006.5,2006.5,2006.75
"55968",2009.5,2012.5,2015.25
"55969",2008.5,2009.25,2009.25
"55970",2007,2007,2007.75
"55971",2009.5,2010.25,2010.25
"55972",2006.75,2008.5,2008.5
"55973",2006.75,2006.75,2006.75
"55974",2009.25,2009.25,2009.25
"55975",2008.5,2009.25,2009.25
"55976",2005.25,2005.5,2005.5
"55977",2005.5,2005.5,2007
"55979",2009.5,2009.5,2009.5
"55981",2009.5,2011.5,2011.5
"55982",2007,2007.75,2008
"55983",2005.75,2005.75,2006.5
"55985",2005.75,2006.25,2007
"55987",2006.5,2006.75,2007
"55990",2008,2008.5,2009.25
"55991",2005.75,2005.75,2006
"55992",2005.75,2005.75,2005.75
"56001",2008.75,2008.75,2008.75
"56003",2007.25,2008.75,2009
"56007",2006.5,2006.5,2006.75
"56009",2008.75,2008.75,2008.75
"56010",2009.75,2009.75,2010.5
"56011",2008,2009,2009
"56013",2008.75,2008.75,2008.75
"56014",2009,2009.75,2010.5
"56016",2006.5,2006.5,2006.75
"56017",2006.5,2007.25,2008
"56019",2007,2007,2007
"56020",2008.5,2008.75,2008.75
"56021",2006.5,2007.25,2010.5
"56022",2007,2007,2007
"56023",2010.25,2010.5,2010.5
"56024",2008.75,2008.75,2008.75
"56025",2010.5,2010.5,2010.5
"56026",2006.5,2006.5,2006.75
"56027",2008,2008.75,2008.75
"56028",2009,2009,2009
"56029",2006.5,2006.5,2007.75
"56031",2006.75,2006.75,2006.75
"56032",2010.5,2010.5,2010.5
"56033",2009.75,2009.75,2010.5
"56034",2006.5,2006.5,2006.5
"56035",2006.5,2006.5,2006.5
"56036",2006.5,2006.5,2006.5
"56037",2006.5,2006.5,2006.5
"56039",2006,2006,2006
"56041",2007,2010.5,2010.5
"56042",2009.75,2009.75,2010.5
"56043",2006.5,2006.5,2006.5
"56044",2007.25,2007.25,2007.25
"56045",2006.5,2006.75,2007
"56046",2006.5,2006.5,2006.5
"56047",2006,2006,2006
"56048",2009,2009,2010.25
"56050",2006.5,2006.5,2006.5
"56051",2007.75,2009,2009
"56052",2008,2008,2008
"56054",2009,2010.5,2010.5
"56055",2006.5,2007.25,2008.75
"56056",2010.5,2010.5,2010.5
"56057",2007.25,2008,2009
"56058",2007.25,2007.25,2007.25
"56060",2010.5,2010.5,2010.5
"56062",2007.25,2008.75,2010.5
"56063",2008.75,2008.75,2009
"56065",2009.75,2010.25,2010.25
"56068",2010.25,2010.25,2010.25
"56069",2006.5,2006.5,2006.5
"56071",2006.5,2006.75,2006.75
"56072",2009.75,2009.75,2009.75
"56073",2008.25,2009,2010.5
"56074",2007.25,2007.25,2007.25
"56075",2006.75,2006.75,2010.5
"56078",2010.25,2010.25,2010.25
"56080",2009,2010.25,2010.5
"56081",2006,2010.5,2010.5
"56082",2006.5,2007.25,2007.25
"56083",2007,2007,2009.75
"56085",2007,2007,2008.25
"56087",2007,2007.5,2010.5
"56088",2006.75,2010.5,2010.5
"56089",2008.5,2008.75,2008.75
"56090",2006.5,2006.5,2007.25
"56091",2010.25,2010.25,2010.25
"56093",2005.75,2005.75,2005.75
"56096",2006.5,2006.75,2007
"56097",2006.5,2006.5,2006.5
"56098",2006.5,2008.75,2009.75
"56101",2006.75,2006.75,2007
"56110",2006.75,2007,2007
"56111",2005.5,2006.75,2009.5
"56113",2009.5,2010.5,2012
"56114",2007,2008,2011.25
"56115",2007,2007,2007
"56116",2005.5,2010,2010.5
"56117",2007,2009,2009
"56118",2007,2008.5,2008.5
"56119",2006.75,2006.75,2006.75
"56120",2006,2006,2007
"56121",2006.75,2008.5,2009.5
"56122",2007,2007,2008
"56123",2005.5,2005.5,2005.5
"56125",2005.5,2005.5,2005.5
"56127",2005.5,2008,2009.5
"56128",2007,2007,2011.75
"56129",2006.75,2006.75,2006.75
"56131",2007,2007,2008
"56132",2007,2007,2008
"56134",2010.25,2011.75,2011.75
"56136",2007,2007,2012
"56137",2007,2007,2007
"56138",2006.75,2006.75,2006.75
"56139",2007,2007,2007
"56140",2006.75,2006.75,2006.75
"56141",2005.5,2007,2007
"56142",2007,2009,2011.75
"56143",2006,2006.75,2007
"56144",2006.75,2007,2010.5
"56145",2007,2008.5,2008.5
"56146",2007,2007,2010.5
"56147",2006.75,2007,2011.75
"56149",2007,2010.5,2011.75
"56150",2006,2006,2006.75
"56151",2007,2007,2007
"56152",2007,2008.5,2010.5
"56153",2006.75,2007,2007
"56155",2006.75,2007,2007
"56156",2005.5,2006.75,2012.25
"56157",2007,2007,2007
"56158",2006.75,2007,2010.5
"56159",2007,2007,2007
"56160",2010.5,2010.5,2010.5
"56161",2006.75,2007,2007
"56162",2010.5,2010.5,2010.5
"56164",2007,2007,2007
"56165",2007,2007,2007
"56166",2007,2007,2010.5
"56167",2005.5,2006,2006.75
"56168",2006.75,2007,2007
"56169",2007,2007,2007
"56170",2007,2007,2007
"56171",2010.25,2010.5,2010.5
"56172",2005.5,2007,2008
"56173",2006.75,2006.75,2006.75
"56174",2010.5,2010.5,2011.25
"56175",2006.75,2007,2007
"56176",2010.5,2010.5,2010.5
"56177",2006.75,2006.75,2006.75
"56178",2007,2007,2009.75
"56180",2006.75,2007,2007
"56181",2008.5,2010.5,2010.5
"56183",2008.5,2010.5,2011.25
"56185",2007,2007,2007
"56186",2007,2007,2007
"56187",2006.75,2007,2007
"56201",2008.75,2008.75,2008.75
"56207",2007.5,2007.5,2007.5
"56208",2008.25,2008.5,2009.5
"56209",2007.25,2008.5,2008.5
"56210",2009.5,2010.5,2011
"56211",2010.5,2010.5,2010.5
"56212",2006.5,2008.5,2008.5
"56214",2008.25,2008.25,2008.25
"56215",2008.75,2008.75,2008.75
"56216",2009.75,2010.5,2010.5
"56218",2005.5,2005.5,2006.25
"56219",2010.5,2010.5,2010.5
"56220",2006.75,2006.75,2007.5
"56221",2008,2008,2008
"56222",2010.5,2010.75,2010.75
"56223",2006.25,2006.25,2007
"56224",2007,2010.5,2011.75
"56225",2008.75,2009.5,2009.5
"56226",2008.75,2010.5,2010.5
"56227",2008.5,2008.5,2008.5
"56228",2007.25,2008.75,2008.75
"56229",2008.25,2008.5,2009.75
"56230",2008.75,2009.75,2010.75
"56231",2008.25,2008.75,2008.75
"56232",2005.5,2005.5,2005.5
"56235",2009.5,2009.5,2010.25
"56236",2008,2009.5,2009.5
"56237",2008.25,2008.25,2008.25
"56239",2007,2007,2007
"56240",2009.5,2009.5,2010.5
"56241",2008.25,2008.25,2010.5
"56243",2008.5,2008.75,2010
"56244",2008,2008.25,2008.25
"56245",2005.5,2005.5,2008
"56248",2008.5,2008.5,2010.25
"56249",2008.25,2008.25,2008.75
"56251",2008.75,2008.75,2008.75
"56252",2008.75,2009.75,2010.5
"56253",2008.75,2008.75,2010.5
"56255",2010.5,2011.75,2011.75
"56256",2008.5,2009.25,2010.5
"56257",2008.5,2008.75,2010.5
"56258",2007,2007,2007
"56260",2008.75,2009.75,2010.5
"56262",2007.75,2007.75,2007.75
"56263",2008.25,2008.5,2008.5
"56264",2007,2007,2007
"56265",2007.75,2008.5,2008.5
"56266",2007,2007,2008.25
"56267",2007.5,2007.5,2008
"56270",2010.5,2010.5,2012
"56271",2008.75,2009.75,2010.5
"56273",2007.5,2007.5,2007.5
"56274",2008.5,2008.5,2008.5
"56276",2008.5,2008.5,2008.5
"56277",2006.75,2008.75,2008.75
"56278",2009.5,2009.5,2009.5
"56279",2008.5,2008.5,2009.75
"56280",2006.75,2006.75,2007
"56281",2010.5,2010.75,2010.75
"56282",2010.5,2010.5,2010.5
"56283",2007.5,2007.5,2010.5
"56284",2008.75,2009.75,2010.75
"56285",2008.25,2008.25,2008.5
"56287",2010.5,2010.5,2011.75
"56288",2007.5,2007.5,2007.5
"56289",2008.5,2008.5,2008.5
"56291",2007,2007,2007
"56292",2010.5,2010.5,2010.5
"56293",2010.5,2011.75,2011.75
"56294",2010.5,2010.5,2010.5
"56295",2007.75,2007.75,2007.75
"56296",2009.5,2010.5,2010.5
"56297",2005.5,2005.5,2007
"56301",2006,2006,2006
"56303",2005.75,2005.75,2005.75
"56304",2006.75,2007.75,2007.75
"56307",2008,2008,2009.5
"56308",2007.25,2007.25,2007.75
"56309",2007,2007.75,2008.25
"56310",2005.5,2005.5,2005.5
"56311",2008.25,2008.25,2008.25
"56312",2005.5,2005.5,2007.5
"56313",2008.75,2008.75,2008.75
"56314",2009.25,2009.5,2009.5
"56315",2007.75,2007.75,2007.75
"56316",2006.5,2006.5,2008.75
"56318",2006.75,2006.75,2006.75
"56319",2007.75,2007.75,2007.75
"56320",2005.5,2005.75,2005.75
"56321",2005.5,2005.5,2005.5
"56323",2008,2008,2008.25
"56324",2007,2007,2007
"56325",2005.25,2005.25,2005.25
"56326",2008,2008.25,2010
"56327",2007.75,2007.75,2008
"56328",2009.25,2009.25,2009.5
"56329",2005.75,2006.75,2008
"56330",2010.25,2010.25,2010.25
"56331",2005.75,2005.75,2005.75
"56332",2007.75,2007.75,2007.75
"56334",2006.5,2006.75,2008
"56335",2005,2005.5,2008
"56336",2006.75,2008.25,2008.25
"56338",2005.25,2005.25,2005.25
"56339",2008.25,2010.25,2010.25
"56340",2006.75,2008.75,2009.5
"56342",2006.25,2007.5,2008
"56343",2007.75,2008,2010.25
"56345",2006.75,2009.25,2010.25
"56347",2008,2008,2008.25
"56349",2006.75,2006.75,2006.75
"56350",2010.75,2010.75,2010.75
"56352",2005.75,2008.75,2009.75
"56353",2008.75,2008.75,2008.75
"56354",2007.75,2007.75,2007.75
"56355",2007.25,2007.75,2007.75
"56356",2005,2005.5,2008
"56357",2010,2010.25,2010.25
"56358",2010.75,2010.75,2010.75
"56359",2007.75,2010.25,2010.5
"56360",2007.25,2007.25,2007.25
"56361",2007.75,2008.75,2008.75
"56362",2007.25,2008,2008
"56363",2008.75,2008.75,2008.75
"56364",2009.25,2010.5,2010.75
"56367",2005.75,2005.75,2005.75
"56368",2008,2008,2008
"56369",2005.5,2005.75,2006.25
"56371",2008,2008,2008
"56373",2006.75,2006.75,2006.75
"56374",2005.5,2005.75,2005.75
"56375",2005.75,2005.75,2005.75
"56376",2008,2008,2008
"56377",2005.75,2005.75,2005.75
"56378",2005.25,2005.25,2007.25
"56379",2005.75,2005.75,2005.75
"56381",2008,2008,2008
"56382",2006.75,2006.75,2006.75
"56384",2005.75,2005.75,2005.75
"56385",2007.75,2007.75,2008
"56386",2007.5,2008,2010.5
"56387",2005.75,2005.75,2006
"56389",2005.25,2007.25,2007.25
"56401",2006.75,2006.75,2007
"56425",2009.75,2009.75,2009.75
"56431",2006.25,2008.75,2008.75
"56433",2009.5,2009.5,2010.5
"56434",2009.75,2009.75,2010.75
"56435",2006.75,2010.5,2010.5
"56436",2010.5,2010.5,2010.5
"56437",2008.75,2008.75,2008.75
"56438",2008.75,2009.75,2009.75
"56440",2009.75,2009.75,2009.75
"56441",2006.25,2006.25,2006.25
"56442",2007,2009.75,2009.75
"56443",2008.75,2008.75,2008.75
"56444",2005.5,2005.5,2006.25
"56446",2008.75,2009.5,2009.75
"56447",2006.75,2006.75,2006.75
"56448",2010.5,2010.5,2010.5
"56449",2007,2007.25,2009.75
"56450",2006.75,2010.5,2010.5
"56452",2006.25,2007.25,2009.5
"56453",2008.75,2008.75,2008.75
"56455",2006.25,2006.25,2006.25
"56456",2006.75,2007.25,2007.25
"56458",2010.75,2010.75,2012.5
"56461",2009.5,2010.5,2010.5
"56464",2010.25,2010.25,2010.5
"56465",2006.25,2006.25,2006.25
"56466",2006.5,2007,2007
"56467",2009.75,2010.5,2010.5
"56468",2007,2007,2007
"56469",2009.75,2010.5,2010.5
"56470",2010.25,2010.5,2010.5
"56472",2007,2007,2007.25
"56473",2008.75,2009.75,2009.75
"56474",2007.25,2009.75,2010.5
"56475",2006.5,2006.5,2008.75
"56477",2009.75,2009.75,2010.5
"56479",2008.75,2008.75,2010.5
"56481",2008.75,2009.75,2010.5
"56482",2008.75,2008.75,2010.5
"56484",2009.5,2010.5,2010.5
"56501",2008,2008,2008.5
"56510",2008.75,2008.75,2008.75
"56511",2006.5,2006.5,2006.5
"56514",2009.75,2009.75,2009.75
"56515",2007.5,2007.5,2007.5
"56516",2010.5,2010.5,2010.5
"56517",2010.5,2010.5,2010.5
"56518",2008.75,2009.5,2010.5
"56519",2006.75,2006.75,2006.75
"56520",2008.5,2008.5,2009.75
"56521",2009.75,2009.75,2010.5
"56522",2008.5,2010,2010.5
"56523",2010.5,2010.5,2010.5
"56524",2007.5,2007.5,2007.75
"56525",2007.5,2008.5,2010.5
"56527",2009.5,2009.5,2010.5
"56528",2009.75,2010.25,2010.5
"56529",2006.75,2006.75,2006.75
"56531",2008.25,2008.25,2008.25
"56533",2010,2010.25,2010.25
"56534",2010,2010.25,2010.25
"56535",2008.75,2008.75,2010.5
"56536",2006.75,2006.75,2006.75
"56537",2005.75,2008.25,2010
"56540",2010.5,2010.5,2010.5
"56541",2009.75,2009.75,2009.75
"56542",2005.75,2008.75,2010.5
"56543",2009.75,2010.5,2010.5
"56544",2008.5,2008.5,2010.25
"56545",2010.5,2010.5,2010.5
"56546",2006.75,2006.75,2006.75
"56547",2006.75,2006.75,2006.75
"56548",2008.75,2008.75,2008.75
"56549",2006.75,2006.75,2006.75
"56550",2006.75,2006.75,2008.75
"56551",2007.5,2008.75,2009.5
"56552",2006.75,2010.5,2010.5
"56553",2008.5,2009.75,2010.5
"56554",2006.75,2006.75,2008
"56556",2008.75,2008.75,2008.75
"56557",2010.5,2010.5,2010.5
"56560",2006,2006,2006.75
"56565",2008.5,2010.5,2010.5
"56566",2010.5,2010.5,2012.75
"56567",2010.5,2010.5,2010.5
"56568",2010.5,2010.5,2010.5
"56569",2009.75,2009.75,2009.75
"56570",2010.25,2010.25,2010.25
"56571",2007,2007,2007
"56572",2008,2009.75,2010
"56573",2010.5,2010.5,2010.5
"56574",2006.75,2006.75,2006.75
"56575",2010.25,2010.25,2010.5
"56576",2009.5,2010,2010.25
"56577",2009.75,2010.5,2010.5
"56578",2010.25,2010.25,2010.5
"56579",2010,2010.25,2010.5
"56580",2005.75,2006.75,2008.5
"56581",2010.5,2010.5,2010.5
"56583",2008.5,2008.5,2008.5
"56584",2009.75,2010.5,2010.5
"56585",2006.75,2009.75,2009.75
"56586",2007.5,2007.5,2010
"56587",2008.5,2008.5,2008.5
"56588",2007.5,2007.75,2009.5
"56589",2010.5,2010.5,2010.5
"56590",2008.25,2008.25,2008.5
"56591",2009.75,2009.75,2009.75
"56592",2008.75,2008.75,2008.75
"56593",2010.25,2010.25,2010.25
"56594",2008.5,2008.5,2008.5
"56601",2006.75,2006.75,2007.5
"56621",2010.5,2010.5,2010.5
"56623",2010.5,2012.75,2012.75
"56626",2010.25,2010.25,2012
"56627",2011.75,2012,2012.25
"56628",2006.75,2007.5,2010.5
"56629",2012,2012.25,2015.25
"56630",2008.75,2008.75,2011.75
"56633",2010.25,2010.25,2010.25
"56634",2010.5,2010.5,2010.5
"56636",2007.25,2007.75,2009
"56637",2006.75,2006.75,2010.5
"56639",2012.25,2013.75,2013.75
"56641",2009.5,2010.5,2010.5
"56644",2010.5,2010.5,2010.5
"56646",2005.25,2007.25,2007.25
"56647",2007.75,2007.75,2008.75
"56649",2008,2008,2009.75
"56650",2011.75,2011.75,2011.75
"56651",2010.5,2010.5,2010.5
"56652",2010.5,2011.25,2012.5
"56653",2012,2012,2013
"56654",2012,2012,2012.25
"56655",2010.5,2010.5,2010.5
"56657",2007.25,2007.25,2007.75
"56658",2012.25,2012.25,2012.25
"56659",2006.75,2007,2010.5
"56660",2011.75,2011.75,2012.25
"56661",2011.75,2011.75,2012.25
"56662",2006.75,2006.75,2010.25
"56663",2007.75,2011.75,2012
"56666",2011.75,2011.75,2011.75
"56667",2006.75,2006.75,2006.75
"56668",2008,2008,2009.75
"56669",2008,2008,2010.5
"56670",2007.75,2011.75,2011.75
"56671",2010.5,2011.25,2015.5
"56672",2010.25,2010.25,2010.5
"56673",2010.5,2010.5,2010.5
"56676",2006.75,2006.75,2007.5
"56678",2005.75,2006.75,2006.75
"56680",2006.75,2006.75,2010.5
"56681",2010.5,2011.75,2011.75
"56683",2006.75,2006.75,2006.75
"56684",2007.25,2007.25,2007.25
"56685",2011,2011,2011.75
"56686",2010.5,2010.5,2010.5
"56687",2006.75,2006.75,2006.75
"56688",2007,2011.75,2017
"56701",2010.5,2010.5,2010.5
"56710",2007.75,2007.75,2007.75
"56711",9999,9999,9999
"56713",2010.5,2010.5,2010.5
"56714",2005.75,2005.75,2005.75
"56715",2010.5,2010.5,2010.5
"56716",2009.75,2009.75,2010.5
"56720",2010.5,2010.5,2010.5
"56721",2006.75,2007.75,2010.5
"56722",2009.75,2010.5,2010.5
"56723",2010.5,2010.5,2010.5
"56724",2010.5,2010.5,2010.5
"56725",2007.25,2010.5,2010.5
"56726",2005.75,2005.75,2010.5
"56727",2012.5,2012.5,2015.5
"56728",2008.5,2008.5,2010.5
"56729",2010.5,2010.5,2010.5
"56731",2008.5,2008.5,2008.5
"56732",2010.5,2010.5,2010.5
"56733",2010.5,2010.5,2010.5
"56734",2010.5,2010.5,2010.5
"56735",2008.5,2010.5,2010.5
"56736",2010.5,2010.5,2010.5
"56737",2008.75,2008.75,2010.5
"56738",2010.5,2010.5,2010.5
"56741",9999,9999,9999
"56742",2007.25,2007.25,2008.75
"56744",2007.75,2007.75,2008
"56748",2010.5,2010.5,2010.5
"56750",2010.5,2010.5,2010.5
"56751",2007.75,2010,2010
"56754",2010.5,2010.5,2010.5
"56755",2008.5,2008.5,2008.5
"56756",2010,2010,2010
"56757",2010.5,2010.5,2010.5
"56758",2010.5,2010.5,2010.5
"56759",2010.5,2010.5,2010.5
"56760",2010.5,2010.5,2010.5
"56761",2010.5,2010.5,2010.5
"56762",2008.75,2010.5,2010.5
"56763",2010,2010,2010
"57001",2006.75,2007.5,2007.5
"57002",2005.75,2005.75,2005.75
"57003",2008.5,2010.5,2010.5
"57004",2007.5,2007.75,2007.75
"57005",2006.75,2006.75,2008.75
"57006",2005.75,2005.75,2005.75
"57010",2006.25,2006.75,2007.75
"57012",2007.5,2010.5,2010.5
"57013",2008.25,2008.5,2008.5
"57014",2007.75,2008,2008.25
"57015",2006.75,2006.75,2006.75
"57016",2007.5,2007.5,2007.5
"57017",2007.5,2007.5,2007.5
"57018",2008.25,2008.5,2008.5
"57020",2007.5,2007.5,2008.5
"57021",2008.75,2008.75,2010.25
"57022",2007.5,2007.5,2008.5
"57024",2007.5,2007.5,2008.5
"57025",2006.75,2006.75,2006.75
"57026",2005.75,2005.75,2006.75
"57027",2010.5,2010.5,2011.75
"57028",2006.75,2006.75,2006.75
"57029",2006.75,2007.75,2007.75
"57030",2010.5,2010.5,2010.5
"57031",2008,2009.25,2010.5
"57032",2000,2008.25,2008.25
"57033",2007.5,2007.5,2007.5
"57034",2006.75,2006.75,2007.5
"57035",2000,2006.5,2006.5
"57036",2010.25,2010.25,2010.25
"57037",2008,2008,2008.25
"57038",2001.25,2001.25,2001.25
"57039",2008.75,2008.75,2008.75
"57040",2008,2008,2008
"57041",2008.5,2008.5,2008.5
"57042",2007.5,2007.5,2007.5
"57043",2010.5,2010.5,2010.5
"57045",2005.75,2007.75,2008
"57046",2007,2007,2008
"57047",2010.25,2010.5,2010.5
"57048",2007.5,2008.25,2009.5
"57049",2008.5,2009.75,2009.75
"57050",2005.75,2006.5,2007.5
"57051",2006.75,2006.75,2006.75
"57052",2005.75,2007.75,2007.75
"57053",2006.75,2006.75,2010.25
"57054",2006.75,2007.5,2007.5
"57055",2005.5,2005.5,2005.5
"57057",2007.5,2007.5,2007.5
"57058",2010.5,2010.5,2010.5
"57059",2008,2008,2008
"57061",2005.75,2005.75,2006.5
"57062",2009.5,2009.5,2009.5
"57063",2008.5,2010.5,2010.5
"57064",2006.5,2006.5,2006.5
"57065",2007.5,2007.5,2007.5
"57066",2008,2008,2010
"57067",2007,2007,2007
"57068",2009.5,2009.5,2010.5
"57069",2006.25,2007.5,2007.75
"57070",2007.75,2007.75,2007.75
"57071",2005.75,2005.75,2005.75
"57072",2008.25,2008.25,2008.25
"57073",2008.25,2008.25,2008.25
"57075",2007.5,2007.5,2007.5
"57076",2006.75,2006.75,2007.5
"57077",2008.5,2008.5,2008.75
"57078",2006.75,2007,2007
"57103",2005.5,2005.5,2008.25
"57104",2005.5,2005.5,2005.5
"57105",2000,2000,2008.25
"57106",2006.5,2006.5,2006.5
"57107",2007.5,2007.5,2007.5
"57108",2000,2008.25,2008.25
"57110",2000,2008.25,2008.25
"57117",2000,2000,2008.25
"57197",2000,2000,2008.25
"57201",2005.75,2007.75,2009
"57212",2010.5,2010.5,2010.5
"57213",2007,2007,2007.75
"57214",2010.5,2010.5,2010.5
"57216",2008.75,2008.75,2009.5
"57217",2010.5,2010.5,2010.5
"57218",2007.75,2007.75,2007.75
"57219",2010.5,2010.5,2010.5
"57220",2006.5,2007.75,2008.75
"57221",2010.5,2010.5,2010.5
"57223",2008.5,2008.75,2010.5
"57224",2006.75,2010.5,2010.5
"57225",2010.5,2010.5,2010.5
"57226",2005.75,2005.75,2007.5
"57227",2008.75,2008.75,2008.75
"57231",2010.5,2010.5,2010.5
"57232",2006.75,2006.75,2008.5
"57233",2006.5,2010.25,2010.5
"57234",2008.75,2008.75,2008.75
"57235",2005.75,2010.5,2010.5
"57236",2010.5,2010.5,2010.5
"57237",2005.75,2006.75,2007.5
"57238",2006.5,2006.5,2006.5
"57239",2010.5,2010.5,2010.5
"57241",2010.5,2010.5,2010.5
"57242",2010.5,2010.5,2010.5
"57243",2010.5,2010.5,2010.5
"57245",2006.5,2006.5,2006.5
"57246",2008.75,2008.75,2008.75
"57247",2006.75,2008.5,2010.5
"57248",2010.5,2010.5,2010.5
"57249",2006.5,2006.5,2006.5
"57251",2010.5,2010.5,2010.5
"57252",2005,2008.5,2008.5
"57255",2006.75,2010.5,2010.5
"57256",2010.5,2010.5,2010.5
"57257",2010.5,2010.5,2010.5
"57258",2010.5,2010.5,2010.5
"57259",2008.5,2008.75,2008.75
"57260",2010.5,2010.5,2010.5
"57261",2010.5,2010.5,2010.5
"57262",2006.75,2006.75,2006.75
"57263",2006.5,2006.5,2008.75
"57264",2008.5,2008.5,2008.75
"57265",2006.5,2006.5,2006.5
"57266",2010.5,2010.5,2010.5
"57268",2007.5,2007.75,2007.75
"57269",2008.75,2008.75,2010.25
"57270",2010.5,2010.5,2010.5
"57271",2010.5,2010.5,2010.5
"57272",2010.5,2010.5,2010.5
"57273",2010.5,2010.5,2010.5
"57274",2010.5,2010.5,2010.5
"57276",2007,2007,2007
"57278",2010.5,2010.5,2010.5
"57279",2010.5,2010.5,2010.5
"57301",2007,2007.5,2008.5
"57311",2008.5,2008.5,2008.5
"57312",2009.5,2010.5,2010.5
"57313",2010.5,2010.5,2010.5
"57314",2010.5,2010.5,2010.5
"57315",2010,2010.5,2010.5
"57317",2010,2010,2010
"57319",2007.75,2010.5,2010.5
"57321",2008.5,2010.5,2010.5
"57322",2010.5,2010.5,2010.5
"57323",2010.25,2010.5,2010.5
"57324",2010.5,2010.5,2010.5
"57325",2010.5,2010.5,2010.5
"57328",2010.5,2010.5,2010.5
"57329",2010,2010,2010
"57330",2010.5,2010.5,2010.5
"57331",2007.75,2007.75,2007.75
"57332",2008.5,2010.5,2010.5
"57334",2007.75,2007.75,2008.5
"57335",2010,2010.5,2010.5
"57337",2010.5,2010.5,2010.5
"57339",2010,2010.25,2010.25
"57340",2008.5,2010.5,2010.5
"57341",2010.5,2010.5,2010.5
"57342",2010.5,2010.5,2010.5
"57344",2010.5,2010.5,2010.5
"57345",2010.5,2010.5,2010.5
"57346",2010.5,2010.5,2010.5
"57348",2010.5,2010.5,2010.5
"57349",2006.75,2006.75,2006.75
"57350",2010.5,2010.5,2010.5
"57353",2010.5,2010.5,2010.5
"57355",2010.5,2010.5,2010.5
"57356",2010.5,2010.5,2010.5
"57358",2009.5,2010.5,2010.5
"57359",2008.5,2010.5,2010.5
"57361",2005,2007.75,2008
"57362",2009.5,2009.5,2010.5
"57363",2007.5,2007.5,2007.5
"57364",2005.75,2010.5,2010.5
"57365",2010.25,2010.5,2010.5
"57366",2007.75,2007.75,2007.75
"57367",2005,2007.75,2008
"57368",2007,2008.25,2009.5
"57369",2010.5,2010.5,2010.5
"57370",2010.25,2010.25,2010.5
"57371",2009.5,2009.5,2009.5
"57373",2009.5,2010.5,2010.5
"57374",2008.5,2010.5,2010.5
"57375",2007.5,2010.5,2010.5
"57376",2008,2008,2008
"57379",2008.25,2008.25,2009.5
"57380",2010,2010,2010.5
"57381",2010.5,2010.5,2010.5
"57382",2008.25,2008.25,2008.25
"57383",2005.75,2008.25,2010.5
"57384",2010.5,2010.5,2010.5
"57385",2010.5,2010.5,2010.5
"57386",2010.5,2010.5,2010.5
"57401",2007.75,2009,2009
"57420",2010.25,2010.5,2010.5
"57421",2008.5,2008.5,2008.5
"57422",2007.75,2007.75,2007.75
"57424",2010.5,2010.5,2010.5
"57426",2010.5,2010.5,2010.5
"57427",2007.75,2009,2009
"57428",2010.75,2010.75,2010.75
"57429",2010.5,2010.5,2010.5
"57430",2008.5,2008.5,2008.5
"57432",2008.5,2008.5,2008.5
"57433",2010.5,2010.5,2010.5
"57434",2010.5,2010.5,2010.5
"57435",2010.5,2010.5,2010.5
"57436",2010.5,2010.5,2010.5
"57437",2010.5,2010.5,2010.5
"57438",2006.25,2009.5,2009.5
"57439",2005.75,2005.75,2005.75
"57440",2010.5,2010.5,2010.5
"57441",2010.5,2010.5,2010.5
"57442",2010.5,2010.5,2010.5
"57445",2007.75,2007.75,2007.75
"57446",2010.5,2010.5,2010.5
"57448",2010.5,2010.5,2010.75
"57449",2010.5,2010.5,2010.5
"57450",2010.25,2010.25,2010.25
"57451",2008,2008,2008
"57452",2010.5,2010.5,2010.5
"57454",2008.5,2008.5,2008.5
"57455",2010.5,2010.5,2010.5
"57456",2010.5,2010.5,2010.5
"57457",2010.5,2010.5,2010.5
"57460",2010.5,2010.5,2010.5
"57461",2010.5,2010.5,2010.5
"57465",2010.5,2010.5,2010.5
"57466",2010.25,2010.5,2010.5
"57467",2009.5,2009.5,2010.5
"57468",2007.75,2008.5,2010.5
"57469",2009,2009,2010.5
"57470",2009.5,2009.5,2009.5
"57471",2008,2010.5,2010.75
"57472",2010.5,2010.5,2010.5
"57473",2010.5,2010.5,2010.5
"57474",2009,2009.5,2010.5
"57475",2010.25,2010.25,2010.25
"57476",2010.5,2010.5,2010.5
"57477",2010.5,2010.5,2010.5
"57479",2007.75,2009,2009.5
"57481",2010.5,2010.5,2010.5
"57501",2007,2008.25,2010.5
"57520",2010.5,2010.5,2010.5
"57521",2010.5,2010.5,2010.5
"57522",2008.25,2008.25,2010.5
"57523",2010.25,2010.5,2010.5
"57528",2010.25,2010.5,2010.5
"57529",2010.25,2010.5,2010.5
"57531",2010.5,2010.5,2010.5
"57532",2010.25,2010.5,2010.5
"57533",2010.5,2010.5,2010.5
"57534",2010.5,2010.5,2010.5
"57536",2010.5,2010.5,2010.5
"57537",2010.5,2010.5,2012.25
"57538",2010,2010,2010.5
"57540",2010.5,2010.5,2010.5
"57541",2010.5,2010.5,2010.5
"57543",2010.5,2010.5,2010.5
"57544",2010.25,2010.25,2010.25
"57547",2010.5,2010.5,2010.5
"57548",2010,2010.25,2010.25
"57551",2010.5,2010.5,2010.5
"57552",2010.5,2010.5,2010.5
"57553",2010.5,2010.5,2010.5
"57555",2010.5,2010.5,2010.5
"57559",2010.5,2010.5,2010.5
"57560",2010.5,2010.5,2010.5
"57562",2010.5,2010.5,2010.5
"57563",2010.25,2010.25,2010.25
"57564",2008.25,2008.25,2010.5
"57566",2010.5,2010.5,2010.5
"57567",2009.5,2009.5,2010.5
"57568",2010.25,2010.25,2010.25
"57569",2010,2010,2010.25
"57570",2010.5,2010.5,2010.5
"57571",2007.75,2007.75,2008
"57572",2007,2007,2007
"57574",2007,2007,2007
"57576",2010.5,2010.5,2010.5
"57577",2010.5,2010.5,2010.5
"57579",2010.5,2010.5,2010.5
"57580",2010.25,2010.5,2010.5
"57584",2010.5,2010.5,2010.5
"57585",2010.25,2010.25,2010.25
"57601",2010.5,2010.5,2010.5
"57620",2009.5,2011.25,2012.5
"57621",2013,2016.75,9999
"57622",2010.5,2010.5,2012.5
"57623",2010.5,2012.5,2012.75
"57625",2010.5,2010.5,2010.5
"57626",2010.5,2010.5,2010.5
"57630",2011.5,2012.5,2012.5
"57631",2010.5,2010.5,2010.5
"57632",2007.25,2007.25,2007.25
"57633",2011,2011,2012.5
"57634",2009,2009,2009
"57636",2010.5,2010.5,2010.5
"57638",2009.5,2009.5,2010.25
"57639",2009,2009,2013
"57640",2010.5,2010.5,2011
"57641",2016.75,9999,9999
"57642",2009,2009,2009
"57644",2009.5,2011,2012.5
"57645",2008,2008,9999
"57646",2007.25,2007.5,2009
"57648",2007.5,2008,2009
"57649",2011.25,2011.25,2011.25
"57650",2011,2011,2011.25
"57651",2010.5,2011.25,2011.25
"57652",2012.75,2013.5,2013.5
"57656",2011.5,2011.5,2011.5
"57657",2011.5,2012.5,2013
"57658",2010.5,2010.5,2010.5
"57660",9999,9999,9999
"57661",2011.5,2011.5,2011.5
"57701",2007.25,2007.25,2007.25
"57702",2009.5,2009.75,2009.75
"57703",2007.25,2009.5,2010.5
"57706",2007.25,2007.25,2007.25
"57714",2010.5,2010.5,2010.5
"57716",2010.5,2010.5,2010.5
"57717",2008.25,2010.5,2010.5
"57718",2010.5,2010.5,2010.5
"57719",2007,2007,2007
"57720",2010.5,2010.5,2010.5
"57722",2010.5,2010.5,2010.5
"57724",2011.25,2011.25,2011.25
"57725",2009.25,2009.25,2009.5
"57730",2007.5,2009.5,2010.5
"57732",2007.5,2008.25,2008.25
"57735",2010.5,2010.5,2010.5
"57738",2010.5,2010.5,2010.5
"57741",2006,2006,2006
"57744",2010.5,2010.5,2010.5
"57745",2009.75,2010.5,2012.5
"57747",2010.5,2010.5,2010.5
"57748",2010.5,2010.5,2010.5
"57750",2010.5,2010.5,2010.5
"57751",2009.5,2009.5,2009.5
"57752",2010.5,2010.5,2010.5
"57754",2007.5,2007.5,2008.5
"57755",2010.5,2010.5,2010.5
"57756",2010.5,2010.5,2010.5
"57758",2008,2008,2010.5
"57759",2006,2008.25,2008.25
"57760",2007,2007,2007
"57761",2007,2007,2009.25
"57762",2007,2007,2007.5
"57763",2010.5,2010.5,2010.5
"57764",2010.5,2010.5,2010.5
"57766",2010.5,2010.5,2010.5
"57767",2009.25,2009.25,2009.25
"57769",2008.25,2010.25,2010.5
"57770",2010.5,2010.5,2010.5
"57772",2010.5,2010.5,2010.5
"57773",2007.5,2007.5,2007.5
"57775",2009.25,2009.5,2009.5
"57776",2007,2007,2007
"57779",2007.5,2007.5,2007.5
"57780",2009.25,2010.5,2010.5
"57782",2010.5,2010.5,2010.5
"57783",2007.5,2007.5,2007.5
"57785",2007,2008.25,2010.5
"57787",2008,2010.5,2010.5
"57788",2008.25,2008.25,2008.25
"57790",2010.5,2010.5,2010.5
"57791",2010.5,2010.5,2010.5
"57792",2009.25,2010.5,2010.5
"57793",2006,2006,2007.5
"57794",2010.5,2010.5,2010.5
"57799",2007.5,2007.5,2007.5
"58001",2008.5,2010.5,2010.5
"58002",2010.5,2010.5,2010.5
"58004",2008.5,2008.5,2008.5
"58005",2006.75,2006.75,2006.75
"58006",2008.5,2008.5,2008.5
"58007",2010.5,2010.5,2010.5
"58008",2010.5,2010.5,2010.5
"58009",2010.5,2010.5,2010.5
"58011",2009.75,2010.5,2010.5
"58012",2006,2007.5,2008.5
"58013",2010.5,2010.5,2010.5
"58015",2007.5,2009.75,2010.5
"58016",2010.5,2010.5,2010.5
"58017",2010.5,2010.5,2010.5
"58018",2010.5,2010.5,2010.5
"58021",2006,2006,2006
"58027",2006.25,2006.25,2006.25
"58029",2010.5,2010.5,2010.5
"58030",2006.5,2008.5,2010.5
"58031",2006.25,2008.5,2008.5
"58032",2008.5,2010.5,2011.5
"58033",2007.5,2007.5,2007.5
"58035",2010.5,2010.5,2010.5
"58036",2008.75,2009.75,2010.5
"58038",2010.5,2010.5,2010.5
"58040",2008,2008,2010.5
"58041",2006.5,2006.5,2010.5
"58042",2005.25,2005.25,2006
"58043",2008.5,2008.5,2010.5
"58045",2010.5,2011.25,2011.25
"58046",2007.5,2008,2009.5
"58047",2006,2006,2006
"58048",2010.5,2010.5,2010.5
"58049",2009.5,2009.5,2009.5
"58051",2008,2010.5,2010.5
"58052",2007.5,2008,2008
"58053",2006.5,2006.5,2010.5
"58054",2007.5,2007.5,2007.5
"58056",2009.5,2009.5,2010.5
"58057",2005.75,2005.75,2008
"58058",2010.5,2010.5,2010.5
"58059",2006,2006,2007.5
"58060",2010.5,2010.5,2010.5
"58061",2010.5,2010.5,2010.5
"58062",2008.5,2009.5,2009.5
"58063",2008.5,2009.75,2009.75
"58064",2010.5,2010.5,2010.5
"58065",2010.5,2010.5,2010.5
"58067",2008.5,2010.5,2010.5
"58068",2006.25,2006.25,2006.25
"58069",2007.5,2007.5,2007.5
"58071",2008.5,2008.5,2009.75
"58072",2008.5,2008.5,2009.5
"58075",2010.5,2010.5,2010.5
"58076",2008.5,2008.5,2008.5
"58077",2010.5,2010.5,2010.5
"58078",2005.75,2006,2006
"58079",2008.5,2008.5,2008.5
"58081",2005.75,2005.75,2005.75
"58102",2005.25,2005.25,2005.25
"58103",2006,2006,2006
"58104",2006,2006,2006
"58105",2005.25,2005.25,2005.25
"58201",2006,2006.75,2007.75
"58202",2006.75,2006.75,2006.75
"58203",2006,2006,2006
"58204",2008.5,2010.5,2010.5
"58205",2008.5,2010.5,2010.5
"58210",2010.5,2010.5,2011.5
"58212",2010.5,2010.5,2010.5
"58214",2008.5,2008.5,2009.5
"58216",2008.25,2008.5,2008.5
"58218",2010.5,2010.5,2010.5
"58219",2010.5,2010.5,2011.75
"58220",2008,2008,2008.25
"58222",2008.75,2008.75,2008.75
"58223",2010.5,2010.5,2010.5
"58224",2010.5,2010.5,2010.5
"58225",2008,2008,2010.5
"58227",2008.75,2008.75,2008.75
"58228",2007.75,2010.5,2010.5
"58229",2006.25,2010.5,2010.5
"58230",2008,2008,2008
"58231",2010.5,2010.5,2010.5
"58233",2007.75,2007.75,2008.5
"58235",2007.75,2008.5,2010.5
"58237",2008,2008,2008
"58238",2008,2008,2010.5
"58239",2010,2010,2010.75
"58240",2009.5,2009.5,2010.5
"58241",2008,2008.75,2008.75
"58243",2008,2008.75,2008.75
"58244",2008.5,2010.5,2010.5
"58249",2008,2008,2008.75
"58250",2011.5,2011.5,2011.5
"58251",2008.5,2010.5,2010.5
"58254",2008.5,2008.5,2010.5
"58256",2010.5,2010.5,2010.5
"58257",2010.5,2010.5,2010.5
"58258",2007.75,2008.5,2010.5
"58259",2010.5,2010.5,2010.5
"58260",2006.25,2008,2008.75
"58261",2007.75,2007.75,2008
"58262",2008,2008.25,2008.75
"58265",2008.25,2008.25,2008.25
"58266",2010.5,2010.5,2010.5
"58267",2010.5,2010.5,2010.5
"58269",2006.25,2008,2008
"58270",2008.75,2008.75,2010.5
"58271",2008.5,2008.5,2008.5
"58272",2010.5,2010.5,2010.5
"58273",2008.75,2010.5,2010.5
"58274",2009.5,2009.5,2009.5
"58275",2006.75,2010.5,2010.5
"58276",2008.75,2010.5,2010.5
"58277",2010.5,2010.5,2010.5
"58278",2010.5,2010.5,2010.5
"58281",2008,2008,2008
"58282",2008,2008.25,2008.25
"58301",2006,2006,2006.75
"58311",2008,2008,2008
"58316",2010,2010.5,2010.5
"58317",2008.75,2008.75,2008.75
"58318",2006.25,2006.25,2008.75
"58321",2010.5,2010.5,2010.5
"58323",2010,2010,2010
"58324",2008.5,2008.5,2008.5
"58325",2005.75,2005.75,2005.75
"58327",2007.5,2010.5,2010.5
"58329",2008.75,2008.75,2008.75
"58330",2010.5,2010.5,2011.5
"58331",2010.5,2010.5,2010.5
"58332",2008,2008,2008
"58335",2006.75,2006.75,2006.75
"58338",2010,2010.5,2010.5
"58339",2008.75,2008.75,2010
"58341",2008,2008,2008
"58343",2010.5,2010.5,2010.5
"58344",2010.5,2010.5,2010.5
"58345",2010.5,2010.5,2010.5
"58346",2010.5,2010.5,2010.5
"58348",2005.75,2005.75,2006
"58351",2005.75,2005.75,2006
"58352",2010,2010,2010
"58353",2008.75,2010.5,2010.5
"58355",2006.25,2006.25,2006.25
"58356",2006.5,2006.5,2006.5
"58357",2010.5,2010.5,2010.5
"58361",2008.5,2008.5,2008.5
"58362",2005.75,2005.75,2005.75
"58363",2010.5,2010.5,2010.5
"58365",2010.5,2010.5,2010.5
"58366",2009,2009,2010.5
"58367",2010,2010.5,2010.5
"58368",2008,2008,2010.5
"58369",2009,2010.5,2010.5
"58370",2006,2006.75,2006.75
"58372",2010,2010.5,2010.5
"58374",2006.75,2006.75,2006.75
"58377",2008.5,2008.75,2010
"58379",2006.75,2006.75,2006.75
"58380",2008.5,2008.5,2008.5
"58381",2006.75,2006.75,2006.75
"58382",2008.5,2010.5,2010.5
"58384",2006.25,2008,2008
"58385",2008.75,2010.5,2010.5
"58386",2010.5,2010.5,2010.5
"58401",2010,2010.5,2010.5
"58402",2001.5,2010,2010
"58405",2010.5,2010.5,2010.5
"58413",2010.5,2010.5,2010.5
"58415",2008,2008,2008
"58416",2010.5,2010.5,2010.5
"58418",2006,2008.75,2008.75
"58420",2006.5,2010.5,2010.5
"58421",2006.25,2006.25,2006.25
"58422",2006,2006.25,2006.25
"58423",2008.75,2008.75,2008.75
"58424",2006.5,2010.5,2010.5
"58425",2008,2008,2009.5
"58426",2008,2009.5,2010.5
"58428",2006,2006,2008.75
"58429",2008,2009.5,2009.5
"58430",2009,2009,2009
"58431",2010.5,2010.5,2010.5
"58433",2010.5,2010.5,2010.5
"58436",2010.5,2010.5,2010.5
"58438",2006,2006,2006
"58439",2005.75,2010.5,2010.5
"58440",2010.5,2010.5,2010.5
"58441",2008,2008,2010.5
"58442",2009.5,2009.5,2009.5
"58443",2007.5,2007.5,2007.5
"58444",2009,2009,2009
"58445",2007.5,2007.5,2007.5
"58448",2009.5,2009.5,2009.5
"58451",2008,2008.75,2009
"58452",2010.5,2010.5,2010.5
"58454",2010.5,2010.5,2010.5
"58455",2007.5,2007.5,2007.5
"58456",2010.5,2010.5,2010.5
"58458",2008,2008,2008
"58460",2010.5,2010.5,2010.5
"58461",2008,2009.5,2009.5
"58463",2009,2009,2009
"58464",2007.5,2007.5,2008.5
"58466",2008,2009.5,2010.5
"58467",2009.5,2010.5,2010.5
"58472",2010.5,2010.5,2010.5
"58474",2008,2010.5,2010.5
"58475",2010.75,2010.75,2010.75
"58476",2007.5,2010.5,2010.5
"58477",2007.25,2007.25,2007.25
"58478",2008.75,2008.75,2008.75
"58479",2008,2008.5,2008.5
"58480",2005.75,2008.5,2008.5
"58481",2005.75,2008.5,2009.75
"58482",2006,2006,2008.75
"58483",2009.5,2009.5,2009.5
"58484",2008,2009.5,2009.5
"58486",2008,2008,2010.5
"58487",2009.5,2009.5,2010.5
"58488",2008.75,2008.75,2008.75
"58490",2007.5,2007.5,2007.5
"58492",2008,2009.5,2010.5
"58494",2007.25,2007.25,2007.25
"58495",2009.5,2010.5,2010.5
"58496",2010.75,2010.75,2010.75
"58497",2010.5,2010.5,2010.5
"58501",2006,2006.25,2007
"58503",2007,2010.25,2010.25
"58504",2006,2006.25,2007
"58505",2002.5,2004,2006
"58520",2007.5,2008.75,2008.75
"58521",2007.25,2010.25,2010.5
"58523",2006,2007.25,2007.25
"58524",2007.75,2007.75,2007.75
"58528",2008.75,2009,2009
"58529",2007.5,2007.5,2008
"58530",2010.5,2010.5,2010.5
"58531",2005.75,2006.75,2007
"58532",2007.25,2008.75,2008.75
"58533",2007.5,2007.5,2007.5
"58535",2008.75,2008.75,2008.75
"58538",2009,2009,2009
"58540",2006.75,2007.25,2007.25
"58541",2009.5,2010.5,2010.5
"58542",2007.5,2008,2010.5
"58544",2008.75,2008.75,2009
"58545",2006,2007.25,2008.75
"58549",2007.75,2007.75,2007.75
"58552",2008.75,2009,2009
"58554",2007,2008.75,2008.75
"58558",2007,2009,2010.5
"58559",2008,2008,2008
"58560",2010.5,2010.5,2010.5
"58561",2007.75,2009.5,2009.5
"58562",2008,2008,2008
"58563",2005.5,2008.75,2009.5
"58564",2009,2011.5,2012.5
"58565",2005,2005,2005
"58566",2008.75,2008.75,2008.75
"58568",2008,2009,2009
"58569",2009,2009,2011.5
"58570",2009,2009,2009
"58571",2008,2008.75,2010.5
"58572",2010.5,2010.5,2010.5
"58573",2008,2008,2008
"58575",2007.75,2007.75,2007.75
"58576",2007,2007,2007
"58577",2008,2008,2008
"58579",2008,2010.25,2010.5
"58580",2009.5,2010.5,2010.5
"58581",2010.5,2010.5,2010.5
"58601",2006,2006,2006.75
"58620",2006.5,2006.5,2006.5
"58621",2008.75,2009.75,2010.5
"58622",2009.5,2010.5,2010.5
"58623",2007,2008.5,2008.5
"58625",2010.5,2010.5,2010.5
"58626",2008.5,2008.5,2009.5
"58627",2010.5,2010.5,2010.5
"58630",2006,2006.75,2008.5
"58631",2009.5,2009.5,2009.5
"58632",2010.5,2010.5,2014.75
"58634",2008.5,2008.5,2010.5
"58636",2009.5,2009.5,2009.5
"58638",2009.5,2010.5,2010.5
"58639",2010.5,2010.5,2010.5
"58640",2008,2008.5,2008.5
"58641",2009.5,2010.25,2010.25
"58642",2008.5,2008.5,2008.5
"58643",2011,2011,2014.25
"58645",2008.75,2010.5,2010.5
"58646",2010.5,2010.5,2010.5
"58647",2009.5,2009.5,2009.5
"58649",2010.5,2010.5,2012.5
"58650",2009.5,2010.25,2010.5
"58651",2008.5,2008.5,2013.5
"58652",2006,2009.5,2010.5
"58653",2008.5,2010.5,2010.5
"58654",2008.75,2010.5,2010.5
"58655",2006,2006,2007
"58656",2006,2006,2008.5
"58701",2005.75,2006.25,2006.25
"58702",2006.25,2006.25,2006.25
"58703",2007,2008.25,2008.25
"58704",2008.25,2009,2010.5
"58705",2008.25,2009,2010.5
"58707",2006.25,2006.25,2006.25
"58710",2007.75,2007.75,2007.75
"58711",2011.25,2011.25,2011.25
"58712",2007.75,2007.75,2007.75
"58713",2010.5,2010.5,2010.75
"58716",2005.75,2005.75,2005.75
"58718",2005.75,2006.5,2006.5
"58721",2008.25,2008.25,2008.25
"58722",2005.75,2005.75,2007
"58723",2007.75,2009,2009
"58725",2005.75,2005.75,2005.75
"58727",2008.25,2008.25,2008.25
"58730",2008,2008,2008
"58731",2008.25,2010.5,2010.5
"58733",2005.75,2005.75,2007
"58734",2006.5,2007.75,2010.5
"58735",2005.75,2007,2008.5
"58736",2007.75,2007.75,2007.75
"58737",2008.25,2008.25,2008.25
"58740",2008.25,2009,2010.5
"58741",2006,2006,2006.25
"58744",2010.5,2010.5,2010.5
"58746",2007.75,2007.75,2008.25
"58748",2006.25,2006.5,2006.5
"58750",2008.75,2010.5,2011.25
"58752",2008.25,2008.75,2009
"58755",2008.25,2008.25,2008.25
"58756",2007,2007,2008.75
"58757",2010.5,2010.5,2010.5
"58758",2007.75,2007.75,2007.75
"58759",2005.75,2005.75,2005.75
"58760",2012.75,2012.75,2012.75
"58761",2008.75,2009.5,2011.25
"58762",2006.5,2010.5,2012.75
"58763",2008.75,2009.75,2010.75
"58765",2009.5,2009.5,2009.5
"58768",2006.25,2007.5,2007.5
"58769",2008.25,2008.25,2008.25
"58770",2009.75,2009.75,2009.75
"58771",2008.75,2008.75,2009.75
"58772",2008.25,2008.25,2008.25
"58773",2008.25,2008.25,2008.25
"58775",2007.25,2007.25,2008.5
"58776",2006.75,2006.75,2007
"58778",2005.75,2007.75,2007.75
"58779",2007,2007.25,2008.5
"58781",2005.75,2005.75,2006.25
"58782",2007.25,2007.25,2007.25
"58783",2006.25,2006.5,2006.5
"58784",2007.75,2008.25,2008.25
"58785",2006.25,2008.25,2009
"58787",2007.25,2008.25,2009.5
"58788",2006,2006,2006.25
"58789",2006.25,2010.5,2010.5
"58790",2007.5,2010.5,2010.5
"58792",2010.5,2010.5,2010.5
"58793",2012.75,2012.75,2012.75
"58794",2006.75,2006.75,2006.75
"58795",2008.75,2008.75,2009.75
"58801",2006.5,2008,2009
"58830",2008.75,2009.25,2009.5
"58831",2010.5,2010.5,2010.5
"58833",2006,2008,2008
"58835",2009,2010.5,2010.5
"58838",2010.5,2010.5,2010.5
"58843",2006.5,2006.5,2006.5
"58844",2006,2006,2006
"58845",2007,2008.75,2014.75
"58847",2010.75,2010.75,2010.75
"58849",2007,2007,2007
"58852",2007,2007,2008.25
"58853",2008,2008,2008
"58854",2006.5,2008,2010.5
"58856",2006.5,2006.5,2006.5
"59001",2010.5,2010.5,2010.5
"59002",2006.5,2007.5,2010.5
"59003",2012.75,2015.75,2016
"59006",2006.5,2006.5,2010.5
"59007",2010.5,2010.5,2010.5
"59008",2005.75,2007.25,2007.25
"59010",2010.5,2010.5,2010.5
"59011",2010.5,2010.5,2010.5
"59012",9999,9999,9999
"59013",2007.25,2008.25,2009.25
"59014",2007.25,2007.25,2007.25
"59015",2010.5,2010.5,2010.5
"59016",2015.75,9999,9999
"59018",2010.5,2010.5,2010.5
"59019",2010.5,2010.5,2010.5
"59020",2011.25,9999,9999
"59022",2009.75,2010.5,2010.5
"59024",2010.5,2010.5,2010.5
"59025",2008.5,2008.5,2013.25
"59026",2009.25,2009.25,2009.25
"59027",2010.5,2014.75,2014.75
"59028",2011.25,2011.25,2011.25
"59029",2007.25,2008.25,2009.25
"59030",2014.75,2014.75,2014.75
"59031",2009.75,2009.75,2009.75
"59032",2010.5,9999,9999
"59033",2010.5,2010.5,2010.5
"59034",2009.75,2009.75,2009.75
"59035",2009.75,2009.75,2009.75
"59036",2010.5,2010.5,2010.5
"59037",2006.5,2006.5,2007.5
"59038",2010.5,2010.5,2010.5
"59039",9999,9999,9999
"59041",2008.25,2009.25,2009.25
"59043",2015.75,2015.75,2015.75
"59044",2006.5,2008,2009.25
"59046",2008,2008,2008
"59047",2010.5,2010.5,2010.5
"59050",2009.75,2009.75,2009.75
"59052",2011.25,2011.75,9999
"59053",9999,9999,9999
"59054",9999,9999,9999
"59055",2010.5,2010.5,2010.5
"59057",2010.5,2010.5,2010.5
"59058",9999,9999,9999
"59059",9999,9999,9999
"59061",2011.25,2011.25,9999
"59062",2012.75,2012.75,9999
"59063",2009.25,2009.25,2010.5
"59064",2010.5,2010.5,2010.5
"59065",2014.75,2014.75,2014.75
"59066",2009.25,2010.5,2010.5
"59067",2010.5,2010.5,2014.25
"59068",2010.5,2010.5,2011.25
"59069",2010.5,2010.5,2010.5
"59070",2007.25,2008.25,2008.25
"59071",2010.5,2010.5,2011.25
"59072",2010.5,2010.75,2010.75
"59074",2008,2008,2010.5
"59075",2009.75,2009.75,2009.75
"59076",2008.75,2008.75,2010.5
"59077",2017.75,2017.75,9999
"59078",2010.5,2010.5,2010.5
"59079",2010.5,2010.5,2010.5
"59081",2011.25,9999,9999
"59082",2010.5,2010.5,2010.5
"59085",2009,2009,2010.5
"59086",9999,9999,9999
"59087",2017.75,2017.75,9999
"59088",2010.5,2010.5,2010.5
"59089",2009.75,2010.5,2010.5
"59101",2007.5,2009.25,2009.75
"59102",2005.5,2005.5,2005.5
"59105",2005.5,2006.5,2006.5
"59106",2005.5,2005.5,2006.5
"59201",2012,2013.75,2015.75
"59211",2014.75,2015.5,2015.5
"59212",2010.5,2011,2012
"59213",2007,2012,9999
"59214",2011,2011,2011
"59215",2011,2011,2015.5
"59217",2010.25,2010.25,2010.5
"59218",2011,2011,2012
"59219",2011,2011,2014.75
"59221",2007.75,2010.25,2010.5
"59222",2014.75,2016.25,9999
"59223",2006.5,2017.75,9999
"59225",2014.75,2014.75,2014.75
"59226",2011,2011,2012
"59230",2013.75,9999,9999
"59231",2007,2007,2007.75
"59240",2015.5,9999,9999
"59241",2014.75,2015.5,9999
"59242",2006.75,2012,2012
"59243",2012.25,9999,9999
"59244",2015.5,9999,9999
"59247",2010.5,2012,2014.75
"59248",2013.75,2014.75,2014.75
"59250",2015.5,9999,9999
"59252",2014.75,9999,9999
"59253",2015.25,9999,9999
"59254",2014.75,2014.75,2015.5
"59255",2012,2014.75,2015.5
"59256",2014.75,2015.5,9999
"59257",2014.75,2014.75,2017.75
"59258",2011,2014.75,2017.75
"59259",9999,9999,9999
"59260",9999,9999,9999
"59261",2014.75,2014.75,2014.75
"59262",2012.75,2012.75,2012.75
"59263",2014.75,2016.25,9999
"59270",2010.5,2010.5,2011.75
"59274",2012,9999,9999
"59275",2014.75,2015.5,2015.5
"59276",9999,9999,9999
"59301",2008.5,2010.5,2014.25
"59311",2009.75,2011.25,2014
"59312",2010.75,2010.75,2010.75
"59313",2011,2011,2013.5
"59314",2012.75,9999,9999
"59315",2012.75,9999,9999
"59317",2012.75,2012.75,2012.75
"59318",2017.75,2017.75,9999
"59322",2010.75,2010.75,9999
"59323",2010.5,2010.5,2010.5
"59324",2013.5,2013.5,2013.75
"59326",2010.5,2010.5,2010.5
"59327",2010.5,2010.5,2010.5
"59330",2010.5,2010.5,2011.5
"59332",2009.75,2009.75,2014
"59333",2010.5,2010.5,2010.5
"59336",9999,9999,9999
"59337",2006.5,2011,9999
"59338",2008.5,2008.5,2008.5
"59339",2010.5,2010.5,2015.5
"59343",2010.5,2010.5,9999
"59344",2011,2011,2013.5
"59347",2010.5,2010.5,2010.5
"59349",2010.5,2010.5,2010.75
"59351",2010.5,2017.75,9999
"59353",2010.5,2010.5,2011
"59354",2011,2011,2011
"59401",2006.75,2006.75,2006.75
"59404",2008,2008,2010.5
"59405",2008,2010.5,2010.5
"59410",2009.75,2011.5,9999
"59411",9999,9999,9999
"59412",2009.5,2009.5,2009.5
"59414",2006.75,2006.75,2006.75
"59416",2010.5,2010.5,2010.5
"59417",9999,9999,9999
"59418",2010.5,2010.5,2010.5
"59419",2009.5,2010.5,2012.25
"59420",2008,2008,2010.5
"59421",2010.5,2010.5,2010.5
"59422",2010.5,2011.5,2012.25
"59424",2005.5,2005.5,2005.5
"59425",2010.5,2010.5,2010.5
"59427",2010.5,2010.5,2010.5
"59430",2010.5,2010.5,2010.5
"59432",2009.75,2009.75,2009.75
"59433",2010.5,2010.5,2010.5
"59434",9999,9999,9999
"59436",2009.75,2010.5,2010.5
"59440",2008,2008,2008
"59441",2010.5,2010.5,2010.5
"59442",2010.5,2010.5,2010.5
"59443",2010.5,2010.5,2011.5
"59444",2010.5,2010.5,2010.5
"59446",2010.5,2016.25,2016.5
"59447",2009.5,2009.5,2009.5
"59448",2009.75,2009.75,2009.75
"59450",2009.5,2009.5,2010.5
"59451",2010.5,2010.5,2016.25
"59452",2010.5,2010.5,9999
"59453",2010.5,2010.5,2010.5
"59454",2010.5,2010.5,2010.5
"59456",2010.5,2010.75,2012.5
"59457",2010.5,2010.5,2010.5
"59460",2010.5,2010.5,2010.5
"59461",2011.75,2011.75,2011.75
"59462",2010.5,2010.5,2010.5
"59463",2009.5,2010.5,2011.75
"59464",2010.5,2010.5,2010.5
"59465",9999,9999,9999
"59466",2010.5,2010.5,2010.5
"59467",2009.75,2009.75,2012.25
"59468",2010.5,2010.5,2010.5
"59469",2009.5,2009.5,2009.5
"59471",2010.5,2013.25,2014.5
"59472",2005.25,2005.25,2009.5
"59474",2010.5,2010.5,2010.5
"59477",2010.5,2010.5,2011.5
"59479",2005.5,2005.5,2009.5
"59480",2009.5,2010.5,2010.5
"59482",2010.5,2010.5,2015
"59483",2010.5,2010.5,2010.5
"59484",2010.5,2015,2015
"59485",2006.75,2010.5,2010.5
"59486",2009.75,2009.75,2010.5
"59487",2010.5,2010.5,2010.5
"59489",2014.5,2014.5,2016.25
"59501",2010.5,2010.5,2010.5
"59520",9999,9999,9999
"59521",2007.25,2010.75,2014
"59522",2010.5,2010.75,2011.75
"59523",2010.75,2012,2012.75
"59524",2013.25,2013.25,2013.25
"59525",2010.75,2010.75,2010.75
"59526",2012,2013.25,2013.25
"59527",2014.5,2014.5,2014.5
"59528",2010.75,2010.75,2010.75
"59529",2012,2012,2012
"59530",2010.75,2010.75,2010.75
"59531",2010.75,2010.75,2010.75
"59532",2010.5,2010.75,2010.75
"59535",2013.5,2014.5,2014.5
"59537",2013.25,2013.25,2017
"59538",2013.25,2013.25,2013.25
"59540",2010.75,2010.75,2010.75
"59542",2012,2012,2012
"59544",9999,9999,9999
"59545",2010.5,2010.5,2010.5
"59546",2014.5,2014.5,2014.5
"59547",2010.75,2012,2012
"59601",2006.75,2006.75,2008
"59602",2006.75,2006.75,2008
"59631",2010.5,2010.5,2010.5
"59632",2010.5,2010.5,2010.5
"59633",2010.5,2010.5,2010.5
"59634",2006,2006,2006.75
"59635",2006.75,2006.75,2006.75
"59636",2006.75,2006.75,2006.75
"59638",2006,2006.75,2008
"59639",2012,2014.5,9999
"59640",2008,2008,2008
"59642",2013,9999,9999
"59643",2010.5,2010.5,2010.5
"59644",2010.5,2010.5,2011.75
"59645",2011.75,2013,2013.25
"59647",2010.5,2010.5,2010.5
"59648",2010.5,2010.5,2010.5
"59701",2010.5,2010.5,2010.5
"59703",2010.5,2010.5,2010.5
"59710",9999,9999,9999
"59711",2007.75,2009,2009.5
"59713",2010.25,2010.5,2010.5
"59714",2009.75,2010.5,2010.75
"59715",2010,2010.5,2015.25
"59716",2010.5,2010.5,2010.5
"59718",2010,2010.5,2010.75
"59720",2010.5,2010.5,2010.5
"59721",2010.5,2010.5,2010.5
"59722",2007.75,2007.75,2008.75
"59724",9999,9999,9999
"59725",2007.25,2007.75,2010.5
"59727",2007.75,2007.75,2007.75
"59728",2008.75,2008.75,2008.75
"59729",2010.5,2010.5,2010.75
"59730",2010.5,2010.75,9999
"59731",2007.75,2008.75,2010.5
"59732",2010.5,2010.5,2010.5
"59733",2007.75,2007.75,2008.75
"59735",2010.5,2010.5,2010.5
"59736",9999,9999,9999
"59739",2010.5,9999,9999
"59740",2010.5,2013.75,9999
"59741",2007,2010.5,2010.75
"59743",2007.75,2010.5,2010.5
"59745",2010.75,2010.75,2010.75
"59746",2010.5,9999,9999
"59747",2010.5,2010.5,2010.5
"59748",2010.5,2010.5,2010.5
"59749",2013.75,2013.75,2013.75
"59750",2007.75,2007.75,2007.75
"59751",2010.5,2010.5,2010.5
"59752",2010.5,2010.5,2010.5
"59754",2007.25,2010.5,2010.5
"59755",9999,9999,9999
"59756",2009,2009.5,2010.5
"59758",2010.5,2010.5,2010.5
"59759",2010.5,2010.5,2010.5
"59760",2010.5,2010.5,2010.5
"59761",2007.25,9999,9999
"59762",9999,9999,9999
"59801",2006.75,2006.75,2006.75
"59802",2006.75,2008.75,2009.25
"59803",2006.75,2006.75,2006.75
"59804",2009.25,2009.25,2010.5
"59808",2009.25,2009.25,2009.25
"59820",2013.25,2013.25,9999
"59821",2009.25,2010.5,2010.5
"59823",2009.25,2009.25,2009.25
"59824",2010.5,2010.5,2010.5
"59825",2008.75,2010.5,2010.5
"59826",2010.5,2015.75,9999
"59827",2010.5,2010.5,2010.5
"59828",2010.5,2010.5,2010.5
"59829",9999,9999,9999
"59830",2005.75,2005.75,2010.5
"59831",2009,2009,2009.25
"59832",2009.75,2009.75,2009.75
"59833",2008.75,2008.75,2010.5
"59834",2009.25,2009.25,2009.25
"59837",2006.75,2006.75,2009.75
"59840",2010.5,2010.5,2010.5
"59841",2010.5,2010.5,2010.5
"59842",2010.5,2010.5,2010.5
"59843",2010.5,2012,2012
"59844",9999,9999,9999
"59845",2009.75,2010.5,2010.5
"59846",2009,2009,2009.25
"59847",2015,9999,9999
"59848",2009.75,2009.75,2014.75
"59851",2006.75,2006.75,2006.75
"59853",9999,9999,9999
"59854",2009.75,2010.5,2012
"59855",2010,2010,2010
"59856",2009.25,2009.25,2009.25
"59858",2007,2007,2007
"59859",2009.25,2009.75,2010.5
"59860",2010,2010.5,2010.5
"59863",2010.5,2010.5,2010.5
"59864",2006,2009,2010
"59865",2009.25,2009.25,2010.5
"59866",2010.5,2010.5,2010.5
"59867",2007,2008,9999
"59868",2009.25,2009.25,2010.5
"59870",2007,2010.5,2010.5
"59871",2010.5,2010.5,9999
"59872",2010.5,2010.5,2013.25
"59873",2008,2010.5,2014.25
"59874",9999,9999,9999
"59875",2010.5,2010.5,2010.5
"59901",2006.5,2007,2009
"59910",2010.5,2010.5,2010.5
"59911",2010.5,2010.5,2011.75
"59912",2009,2009,2009
"59913",2009,2010.5,2010.5
"59914",2010.5,2010.5,2010.5
"59915",2010.5,2010.5,2010.5
"59916",9999,9999,9999
"59917",2010.5,2010.5,2010.5
"59918",2010.5,2010.5,2010.5
"59919",9999,9999,9999
"59920",2007,2007,2007
"59922",2010.5,2010.5,2010.5
"59923",9999,9999,9999
"59925",2009.75,2010.5,2014.25
"59926",2009,2009,2009
"59927",2010.5,2010.5,2017.25
"59928",2010.5,2010.5,9999
"59929",2010.5,2010.5,2010.5
"59930",2010.5,2010.5,2010.5
"59931",2010.5,2010.5,2010.5
"59932",2010.5,2010.5,2010.5
"59933",2010.5,2010.5,9999
"59934",2010.5,9999,9999
"59935",9999,9999,9999
"59936",9999,9999,9999
"59937",2010.5,2010.5,2010.5
"60002",2005.25,2005.25,2005.25
"60004",2005.25,2005.25,2005.25
"60005",2005.25,2005.25,2005.25
"60007",2005.25,2005.25,2005.25
"60008",2005.25,2005.25,2005.25
"60010",2006,2006,2006
"60012",2006,2006,2006
"60013",2006,2006,2006
"60014",2005.25,2005.25,2005.25
"60015",2006,2006,2006
"60016",2005.25,2005.25,2005.25
"60018",2005.25,2005.25,2005.25
"60020",2005.25,2005.25,2005.25
"60021",2006,2006,2006
"60022",2006,2006,2006
"60025",2005.25,2005.25,2005.25
"60026",2006,2006,2006
"60029",2005.25,2005.25,2005.25
"60030",2005.5,2005.5,2005.5
"60031",2005.5,2005.5,2005.5
"60033",2007.5,2008.25,2008.25
"60034",2006.5,2006.5,2006.5
"60035",2006,2006,2006
"60040",2006,2006,2006
"60041",2006,2006,2006
"60042",2006,2006,2006
"60043",2006,2006,2006
"60044",2009.5,2009.5,2009.5
"60045",2006,2006,2006.25
"60046",2005.25,2006.5,2006.5
"60047",2005.25,2005.25,2005.25
"60048",2005.5,2005.5,2005.5
"60050",2006,2006,2006
"60051",2006,2006,2006
"60053",2005.25,2005.25,2005.25
"60056",2005.25,2005.25,2005.25
"60060",2005.5,2005.5,2005.5
"60061",2005.25,2005.25,2005.5
"60062",2006,2006,2006
"60064",2009.5,2009.5,2009.5
"60067",2005.25,2005.25,2005.25
"60068",2005.25,2005.25,2005.25
"60069",2005.25,2005.25,2005.25
"60070",2005.25,2005.25,2005.25
"60071",2006.5,2006.5,2006.5
"60072",2006.5,2006.5,2006.5
"60073",2006,2006,2006
"60074",2005.25,2005.25,2005.25
"60076",2005.25,2005.25,2005.25
"60077",2005.25,2005.25,2005.25
"60081",2005.25,2005.25,2005.25
"60083",2006.5,2006.5,2006.5
"60084",2006,2006,2006
"60085",2006,2006.5,2009.5
"60087",2006,2006,2006
"60088",2009.5,2009.5,2009.5
"60089",2005.25,2005.25,2005.25
"60090",2005.25,2005.25,2005.25
"60091",2005.25,2005.25,2005.25
"60093",2006,2006,2006
"60096",2006,2006,2006
"60097",2006.5,2006.5,2006.5
"60098",2006,2006.5,2006.5
"60099",2006,2006,2006.5
"60101",2006.25,2006.25,2006.25
"60102",2005.25,2005.25,2005.25
"60103",2005.5,2005.5,2005.5
"60104",2005.25,2005.25,2005.25
"60106",2005.25,2005.25,2005.25
"60107",2005.5,2005.5,2005.5
"60108",2005.5,2005.5,2006.25
"60109",2007.5,2007.5,2007.5
"60110",2005.25,2005.25,2006
"60111",2005.25,2005.25,2005.25
"60112",2006.75,2006.75,2006.75
"60113",2005.75,2005.75,2005.75
"60115",2006.75,2006.75,2006.75
"60118",2005.25,2005.25,2005.5
"60119",2005.5,2005.5,2005.5
"60120",2005.5,2005.5,2005.5
"60123",2006.25,2006.25,2006.25
"60124",2006.25,2006.25,2006.25
"60126",2006.25,2006.25,2006.25
"60129",2005.25,2005.25,2005.25
"60130",2005.25,2005.25,2005.25
"60131",2005.25,2005.25,2005.25
"60133",2005.5,2005.5,2005.5
"60134",2005.5,2005.5,2005.5
"60135",2006.5,2007.5,2008
"60136",2005.25,2005.25,2005.25
"60137",2006.25,2006.25,2006.25
"60139",2006.25,2006.25,2006.25
"60140",2006.5,2006.5,2006.5
"60141",2005.25,2005.25,2005.25
"60142",2005.25,2005.25,2005.25
"60143",2005.25,2005.25,2005.25
"60144",2007.5,2008.25,2010.75
"60145",2005.25,2005.25,2005.25
"60146",2005.25,2005.25,2005.25
"60148",2006.25,2006.25,2006.25
"60150",2005.75,2005.75,2005.75
"60151",2007.5,2007.5,2008.25
"60152",2006.5,2006.5,2006.5
"60153",2005.25,2005.25,2005.25
"60154",2005.25,2005.25,2005.25
"60155",2005.25,2005.25,2005.25
"60156",2005.25,2005.25,2005.25
"60157",2005.25,2005.25,2005.25
"60160",2005.25,2005.25,2005.25
"60162",2006.25,2006.25,2006.25
"60163",2006.25,2006.25,2006.25
"60164",2006.25,2006.25,2006.25
"60165",2005.25,2005.25,2005.25
"60169",2005.5,2005.5,2005.5
"60171",2005.25,2005.25,2005.25
"60172",2005.25,2005.5,2005.5
"60173",2005.25,2005.25,2005.25
"60174",2005.5,2005.5,2006.25
"60175",2005.5,2005.5,2006.25
"60176",2005.25,2005.25,2005.25
"60177",2006.25,2006.25,2006.25
"60178",2005.25,2006,2006.75
"60180",2006.5,2006.5,2006.5
"60181",2006.25,2006.25,2006.25
"60184",2005.5,2005.5,2006.75
"60185",2006.75,2006.75,2006.75
"60187",2006.75,2006.75,2006.75
"60188",2006.75,2006.75,2006.75
"60189",2006.75,2006.75,2006.75
"60190",2006.75,2006.75,2006.75
"60191",2005.25,2005.25,2005.25
"60192",2005.5,2005.5,2005.5
"60193",2005.5,2005.5,2005.5
"60194",2005.5,2005.5,2005.5
"60195",2005.5,2005.5,2005.5
"60201",2005.25,2005.25,2006.75
"60202",2006,2007.5,2007.5
"60203",2005.25,2005.25,2005.25
"60301",2005.25,2005.25,2005.25
"60302",2005.25,2005.25,2005.25
"60304",2005.25,2005.25,2005.25
"60305",2005.25,2005.25,2005.25
"60401",2005.75,2006.75,2008.25
"60402",2005.25,2005.25,2005.25
"60403",2005.25,2005.25,2005.25
"60404",2005,2005,2005.25
"60406",2005,2005,2005
"60407",2007.25,2007.25,2007.25
"60408",2007.25,2007.25,2007.25
"60409",2005.5,2005.5,2005.5
"60410",2005,2005,2005
"60411",2005.5,2005.5,2005.5
"60415",2005,2005,2005
"60416",2007.25,2007.25,2007.25
"60417",2005.75,2005.75,2005.75
"60419",2005.5,2005.5,2005.5
"60420",2006.75,2006.75,2009.75
"60421",2005,2005,2006
"60422",2005.5,2005.5,2005.5
"60423",2006.75,2006.75,2006.75
"60424",2006.75,2006.75,2006.75
"60425",2005.5,2005.5,2005.5
"60426",2005.5,2005.5,2005.5
"60428",2005.5,2005.5,2005.5
"60429",2005.5,2005.5,2005.5
"60430",2005.5,2005.5,2005.5
"60431",2005.25,2005.25,2005.25
"60432",2005.75,2005.75,2005.75
"60433",2006,2006,2006
"60435",2005.25,2005.25,2005.25
"60436",2005,2005,2005.25
"60437",2005,2006.75,2006.75
"60438",2005.5,2005.5,2005.5
"60439",2005.5,2005.5,2005.5
"60440",2005.5,2005.5,2005.5
"60441",2005.75,2005.75,2005.75
"60442",2006,2006,2006
"60443",2005.75,2006.25,2006.75
"60444",2006.75,2007,2007
"60445",2005.75,2005.75,2005.75
"60446",2005.25,2005.5,2005.75
"60447",2007.5,2007.5,2007.5
"60448",2005.75,2005.75,2005.75
"60449",2006.75,2006.75,2006.75
"60450",2007,2007,2007
"60451",2005.75,2005.75,2006
"60452",2005.75,2005.75,2005.75
"60453",2005,2005,2005
"60455",2005,2005,2005
"60456",2005,2005,2005
"60457",2005,2005,2005
"60458",2005,2005,2005
"60459",2005,2005,2005
"60460",2009.75,2009.75,2009.75
"60461",2005.5,2005.5,2005.5
"60462",2005.75,2005.75,2005.75
"60463",2005,2005,2005
"60464",2005,2005,2005
"60465",2005,2005,2005
"60466",2005.75,2005.75,2005.75
"60467",2005.75,2005.75,2005.75
"60468",2006.25,2006.25,2006.25
"60469",2005.5,2005.5,2005.5
"60470",2006,2006.75,2006.75
"60471",2006.75,2006.75,2006.75
"60472",2005.5,2005.5,2005.5
"60473",2005.5,2005.5,2005.5
"60474",2010.75,2010.75,2010.75
"60475",2005.75,2005.75,2005.75
"60476",2005.5,2005.5,2005.5
"60477",2005.75,2005.75,2005.75
"60478",2005.75,2005.75,2005.75
"60479",2005,2005,2006.5
"60480",2005,2005,2005
"60481",2007.25,2007.25,2007.25
"60482",2005,2005,2005
"60484",2005.75,2005.75,2005.75
"60487",2005.75,2005.75,2005.75
"60490",2005.5,2005.5,2005.5
"60491",2005.75,2005.75,2005.75
"60501",2005,2005,2005
"60502",2005.5,2005.5,2005.5
"60503",2005.5,2005.5,2005.5
"60504",2005.5,2005.5,2005.5
"60505",2005.75,2005.75,2005.75
"60506",2005.75,2005.75,2005.75
"60510",2005.5,2005.5,2006.25
"60511",2000,2000,2000
"60512",2005.75,2005.75,2005.75
"60513",2005.25,2005.25,2005.25
"60514",2005.5,2005.5,2005.5
"60515",2005.5,2006.25,2006.25
"60516",2005.5,2005.5,2005.5
"60517",2005.5,2005.5,2005.5
"60518",2005.5,2005.5,2008
"60519",2005.5,2005.5,2005.5
"60520",2009,2009.25,2009.25
"60521",2005.5,2005.5,2006.25
"60523",2006.25,2006.25,2006.25
"60525",2005,2005,2005
"60526",2005.25,2005.25,2005.25
"60527",2005.5,2005.5,2005.5
"60530",2007.5,2008.75,2009
"60531",2010.5,2010.5,2010.5
"60532",2005.5,2005.5,2005.5
"60534",2005.25,2005.25,2005.25
"60536",2008.75,2008.75,2008.75
"60537",2008.75,2008.75,2008.75
"60538",2005.75,2005.75,2005.75
"60539",2005.5,2005.5,2005.5
"60540",2005.5,2005.5,2005.5
"60541",2006.5,2007.5,2007.5
"60542",2005.5,2005.5,2005.75
"60543",2005.75,2005.75,2006.75
"60544",2005.25,2005.25,2005.25
"60545",2000,2008.75,2008.75
"60546",2005.25,2005.25,2005.25
"60548",2008.75,2008.75,2008.75
"60549",2008,2008,2008
"60550",2008.75,2009.25,2009.25
"60551",2008,2008.75,2008.75
"60552",2009.25,2010.5,2010.5
"60553",2005.75,2005.75,2005.75
"60554",2005.75,2005.75,2005.75
"60555",2006.75,2006.75,2006.75
"60556",2009.25,2009.25,2009.25
"60557",2008,2008,2008
"60558",2005.5,2005.5,2006.25
"60559",2005.5,2005.5,2005.5
"60560",2007.5,2007.5,2007.5
"60561",2005.5,2005.5,2005.5
"60563",2005.5,2005.5,2005.5
"60564",2005.5,2005.5,2005.5
"60565",2005.5,2005.5,2005.5
"60585",2005.25,2005.25,2005.5
"60586",2005.25,2005.25,2005.25
"60601",2005.5,2005.5,2005.5
"60602",2005.5,2005.5,2005.5
"60603",2005.5,2005.5,2005.5
"60604",2005.5,2005.5,2005.5
"60605",2005.5,2005.5,2005.5
"60606",2005.5,2005.5,2005.5
"60607",2005.5,2005.5,2005.5
"60608",2005.5,2005.5,2005.5
"60609",2005.5,2005.5,2005.5
"60610",2005.5,2005.5,2005.5
"60611",2005.5,2005.5,2005.5
"60612",2005.5,2005.5,2005.5
"60613",2008,2008.75,2009.75
"60614",2005.5,2005.5,2005.5
"60615",2005.5,2005.5,2005.5
"60616",2005.5,2005.5,2005.5
"60617",2005,2005,2005
"60618",2005.25,2005.25,2005.5
"60619",2005,2005,2005
"60620",2005,2005,2005
"60621",2005,2005,2005
"60622",2005.5,2005.5,2005.5
"60623",2005.25,2005.25,2005.25
"60624",2005.25,2005.25,2005.25
"60625",2005.25,2005.25,2006.75
"60626",2008,2008.75,2009.75
"60628",2005,2005,2005
"60629",2005,2005,2005
"60630",2005.25,2005.25,2005.25
"60631",2005.25,2005.25,2005.25
"60632",2005.25,2005.25,2005.25
"60633",2005,2005,2005
"60634",2005.25,2005.25,2005.25
"60636",2005,2005,2005
"60637",2005,2005,2005
"60638",2005,2005,2005
"60639",2005.25,2005.25,2005.25
"60640",2008,2008.75,2009.75
"60641",2005.25,2005.25,2005.25
"60642",2005.5,2005.5,2005.5
"60643",2005,2005,2005
"60644",2005.25,2005.25,2005.25
"60645",2005.25,2006,2007.5
"60646",2005.25,2005.25,2005.25
"60647",2005.25,2005.25,2005.25
"60649",2005,2005,2005
"60651",2005.25,2005.25,2005.25
"60652",2005,2005,2005
"60653",2005.5,2005.5,2005.5
"60654",2005.5,2005.5,2005.5
"60655",2005,2005,2005
"60656",2005.25,2005.25,2005.25
"60657",2006.25,2007.5,2007.75
"60659",2005.25,2005.25,2005.25
"60660",2008,2008.75,2009.75
"60661",2005.5,2005.5,2005.5
"60706",2005.25,2005.25,2005.25
"60707",2005.25,2005.25,2005.25
"60712",2005.25,2005.25,2005.25
"60714",2005.25,2005.25,2005.25
"60803",2005,2005,2005
"60804",2005.25,2005.25,2005.25
"60805",2005,2005,2005
"60827",2005,2005,2005.5
"60901",2005.25,2006,2006
"60910",2006,2006,2006
"60911",2006,2007.25,2008.75
"60912",2005.5,2005.5,2005.5
"60913",2005.25,2005.25,2005.25
"60914",2005.5,2006,2006
"60915",2006,2006,2006
"60917",2009,2009.75,2010
"60918",2009.25,2009.25,2009.25
"60919",2009,2009.75,2009.75
"60920",2009.75,2009.75,2009.75
"60921",2006.75,2006.75,2006.75
"60922",2006.25,2006.25,2006.75
"60924",2006.75,2006.75,2006.75
"60926",2006.75,2006.75,2006.75
"60927",2007,2007.25,2008.75
"60928",2010.75,2010.75,2011.75
"60929",2007.25,2007.25,2007.25
"60930",2006,2006.5,2007.25
"60931",2007,2007,2007
"60932",2010.75,2010.75,2010.75
"60933",2008.75,2010.75,2010.75
"60934",2009.75,2009.75,2009.75
"60935",2010.75,2010.75,2010.75
"60936",2007.25,2007.25,2007.25
"60938",2006.75,2006.75,2006.75
"60940",2006.75,2007.25,2011.25
"60941",2008.75,2009.25,2010
"60942",2010.75,2010.75,2010.75
"60945",2007,2007,2007
"60946",2007.25,2007.25,2007.25
"60948",2009.25,2009.25,2009.25
"60949",2006.75,2006.75,2006.75
"60950",2006.25,2006.25,2006.25
"60951",2006.25,2007,2007
"60952",2007.25,2007.25,2007.25
"60953",2007.5,2007.5,2007.5
"60954",2005.75,2006.25,2007
"60955",2006.75,2006.75,2007.25
"60957",2006.75,2007.25,2008.5
"60958",2005.5,2005.5,2006
"60959",2006.75,2006.75,2007.25
"60960",2010.75,2010.75,2010.75
"60961",2010,2010.75,2010.75
"60962",2006.75,2007.25,2007.25
"60963",2010.75,2010.75,2010.75
"60964",2005.5,2006,2006.25
"60966",2007.5,2007.5,2007.5
"60968",2006.75,2006.75,2006.75
"60969",2010.75,2010.75,2010.75
"60970",2007.25,2007.5,2007.5
"60973",2007,2007,2007
"60974",2007.5,2007.5,2007.5
"61001",2006.75,2006.75,2009
"61006",2005.75,2005.75,2005.75
"61007",2006.75,2006.75,2006.75
"61008",2005.25,2007.5,2007.5
"61010",2007.5,2007.75,2007.75
"61011",2005.25,2005.25,2009.25
"61012",2005.75,2005.75,2007.5
"61013",2008.5,2009.75,2009.75
"61014",2008.25,2008.25,2008.25
"61015",2007.5,2007.5,2007.5
"61016",2005.25,2005.25,2005.25
"61018",2005.25,2005.75,2006.75
"61019",2006.75,2006.75,2006.75
"61020",2007,2007,2007
"61021",2005.5,2005.5,2005.75
"61024",2006.75,2006.75,2006.75
"61025",2005.75,2005.75,2006.5
"61027",2009.25,2009.75,2009.75
"61028",2010,2010,2010
"61030",2005.25,2005.25,2006.75
"61031",2005.75,2005.75,2005.75
"61032",2005.25,2006.75,2007
"61036",2006.75,2006.75,2006.75
"61037",2005.25,2005.25,2005.25
"61038",2007.5,2007.5,2007.5
"61039",2006.75,2006.75,2006.75
"61041",2010,2010.25,2010.25
"61042",2009.5,2009.75,2009.75
"61043",2007.5,2007.5,2007.5
"61044",2005.75,2005.75,2005.75
"61046",2006.75,2008.25,2009.25
"61047",2007.5,2007.75,2007.75
"61048",2006.75,2007,2009
"61049",2005.25,2005.25,2005.25
"61050",2007,2007,2007
"61051",2009.25,2009.25,2009.75
"61052",2005.25,2005.25,2005.25
"61053",2005.75,2008.25,2008.25
"61054",2005.25,2005.25,2005.25
"61057",2005.75,2007,2009.25
"61059",2009.75,2010.25,2010.25
"61060",2007,2007,2007
"61061",2007,2007.5,2009
"61062",2005.75,2005.75,2006.75
"61063",2005.25,2005.25,2005.25
"61064",2005.25,2005.25,2005.5
"61065",2005.75,2007.5,2007.5
"61067",2005.25,2005.25,2005.25
"61068",2005.75,2005.75,2005.75
"61070",2005.25,2005.25,2006.75
"61071",2005.25,2005.25,2005.25
"61072",2005.5,2005.5,2005.5
"61073",2009.25,2009.25,2009.25
"61074",2005.75,2008.25,2010
"61075",2006.75,2006.75,2006.75
"61077",2007.75,2007.75,2007.75
"61078",2006.75,2008.5,2009.75
"61079",2005.5,2005.5,2005.5
"61080",2009.25,2009.25,2009.25
"61081",2005.25,2005.75,2009
"61084",2007,2007,2007
"61085",2007,2010,2010
"61087",2009,2010.25,2010.25
"61088",2006.5,2006.5,2007
"61089",2007,2007,2007.75
"61091",2005.5,2005.5,2005.5
"61101",2006.5,2006.5,2006.5
"61102",2007,2007,2007
"61103",2006.5,2006.5,2006.5
"61104",2006.5,2007,2007
"61107",2005.25,2005.25,2005.25
"61108",2005.25,2005.25,2005.25
"61109",2005.25,2006.75,2007
"61111",2005.25,2005.25,2005.25
"61112",2005.25,2005.25,2005.25
"61114",2005.25,2005.25,2005.25
"61115",2005.25,2005.25,2005.25
"61201",2005,2005,2005
"61230",2007.25,2007.25,2007.25
"61231",2009,2009.25,2009.25
"61232",2005,2005,2005
"61234",2008.75,2009.25,2010.5
"61235",2007.25,2007.5,2007.5
"61236",2001,2008.5,2008.5
"61238",2005,2005,2007.25
"61239",2001,2008.5,2008.5
"61240",2005,2005.25,2008.5
"61241",2001,2008.5,2008.5
"61242",2005.5,2007.25,2007.25
"61243",2005.75,2005.75,2005.75
"61244",2005,2005,2008.5
"61250",2009.25,2009.25,2009.25
"61251",2007.25,2008.25,2008.75
"61252",2005.75,2005.75,2005.75
"61254",2007.5,2007.5,2007.5
"61256",2000,2000,2005
"61257",2006.5,2008.5,2009.25
"61258",2009.25,2010.5,2010.5
"61259",2009,2009,2009.5
"61260",2008.75,2008.75,2008.75
"61261",2007.25,2008.75,2009.25
"61262",2001.25,2008.75,2009.25
"61263",2008.5,2008.5,2008.5
"61264",2005,2005,2006.5
"61265",2005,2005,2005
"61270",2005.75,2007.25,2009
"61272",2008.75,2009,2009.25
"61273",2008.5,2008.5,2008.5
"61274",2001.25,2009,2009.5
"61275",2000,2000,2005
"61276",2008.5,2008.5,2008.5
"61277",2008.75,2008.75,2008.75
"61278",2000,2000,2005
"61279",2009,2009,2009.25
"61281",2008.5,2008.5,2008.5
"61282",2005,2008.5,2008.5
"61283",2005.75,2005.75,2005.75
"61284",2005,2005.25,2008.25
"61285",2005.5,2005.75,2005.75
"61301",2005.75,2006.75,2006.75
"61310",2005.75,2005.75,2005.75
"61311",2010,2010,2010
"61312",2006.75,2006.75,2006.75
"61313",2007.25,2009.75,2009.75
"61314",2009.25,2009.5,2010.5
"61315",2010,2010,2010
"61316",2005.5,2005.5,2005.5
"61317",2006.75,2006.75,2006.75
"61318",2005.75,2005.75,2005.75
"61319",2009.75,2010,2010
"61320",2005.5,2005.5,2005.5
"61321",2010,2010.25,2010.25
"61322",2010,2010,2010
"61323",2007.25,2008.75,2009
"61324",2005.5,2005.75,2005.75
"61325",2006.25,2006.25,2006.5
"61326",2005.5,2005.5,2005.75
"61327",2007,2007,2007.25
"61328",2007.25,2009.5,2010.25
"61329",2005.5,2005.5,2005.5
"61330",2006.75,2007,2008.75
"61331",2005.5,2005.75,2005.75
"61332",2007.75,2007.75,2007.75
"61333",2010,2010,2010.25
"61334",2006.75,2007,2007.25
"61335",2006,2006.75,2007
"61336",2006.5,2007,2007
"61337",2007.25,2008.75,2009
"61338",2009.5,2010.5,2010.5
"61340",2005.5,2005.5,2005.5
"61341",2006.25,2006.25,2006.25
"61342",2005.75,2005.75,2006.75
"61344",2009.25,2009.5,2010.5
"61345",2009.25,2010.5,2010.5
"61346",2009.5,2010.5,2010.5
"61348",2005.75,2005.75,2005.75
"61349",2009,2009.5,2009.75
"61350",2006.25,2006.25,2008
"61353",2007.5,2008.75,2009
"61354",2005.5,2005.5,2005.5
"61356",2007.25,2009.5,2009.5
"61358",2010.25,2010.25,2010.75
"61359",2010,2010,2010
"61360",2005,2005,2006.5
"61361",2009.25,2009.5,2010.5
"61362",2005.5,2005.5,2005.5
"61363",2005.5,2005.5,2005.5
"61364",2006.75,2006.75,2007.75
"61367",2005.75,2006.75,2008.75
"61368",2006.75,2006.75,2007.25
"61369",2006.5,2006.75,2008.75
"61370",2007.75,2007.75,2007.75
"61372",2006.75,2006.75,2006.75
"61373",2005.75,2010.75,2010.75
"61374",2009.25,2009.5,2009.75
"61375",2006.5,2006.5,2007.25
"61376",2007.25,2009.5,2010
"61377",2010,2010.25,2010.25
"61378",2005.75,2005.75,2005.75
"61379",2006.75,2007,2009.25
"61401",2007.75,2007.75,2007.75
"61410",2007.75,2007.75,2008.25
"61411",2009.25,2009.25,2009.75
"61412",2008.5,2009.25,2009.5
"61413",2007.75,2008.5,2008.5
"61414",2008.25,2009,2009.25
"61415",2007.75,2008.25,2008.25
"61416",2009,2009,2009.25
"61417",2008.25,2008.5,2009
"61418",2007,2007,2007
"61419",2009.25,2009.75,2010.25
"61420",2009,2009.75,2010.5
"61421",2010.25,2010.5,2010.5
"61422",2008.25,2008.25,2008.25
"61423",2006.25,2006.25,2006.25
"61424",2008.75,2009,2010.25
"61425",2005.25,2005.25,2005.25
"61426",2010.25,2010.5,2010.5
"61427",2007.5,2007.5,2008.5
"61428",2009,2009.25,2009.75
"61430",2007.75,2007.75,2007.75
"61431",2005.5,2005.5,2005.5
"61432",2009.75,2009.75,2009.75
"61433",2009.75,2009.75,2009.75
"61434",2009.5,2010.5,2010.5
"61435",2008.75,2009.5,2009.5
"61436",2007.75,2008.25,2009
"61437",2007,2007,2007
"61438",2009,2009.75,2010.75
"61439",2008.25,2009,2009.5
"61440",2009.25,2009.75,2010
"61441",2008.75,2008.75,2008.75
"61442",2006.75,2008.75,2008.75
"61443",2009,2009.25,2010.5
"61447",2007,2007,2009.5
"61448",2007.75,2007.75,2007.75
"61449",2009,2009.25,2010.5
"61450",2006.25,2008,2009.75
"61451",2009.25,2009.25,2009.25
"61452",2008.75,2008.75,2008.75
"61453",2006.75,2007,2008.75
"61454",2005.25,2005.25,2005.25
"61455",2008.5,2008.75,2008.75
"61458",2009,2009,2009
"61459",2008.5,2008.5,2008.5
"61460",2009.25,2009.25,2009.25
"61462",2007,2007.75,2009.25
"61465",2008.5,2008.5,2008.5
"61466",2008.5,2008.5,2008.5
"61467",2008.25,2008.25,2008.5
"61468",2001.25,2009.25,2009.5
"61469",2006.75,2006.75,2007
"61470",2008.25,2008.25,2008.25
"61471",2009.25,2009.25,2009.25
"61472",2008.25,2008.5,2008.75
"61473",2008.25,2009.75,2009.75
"61474",2007.75,2008.25,2008.5
"61475",2009.75,2010.75,2010.75
"61476",2006.75,2006.75,2008.75
"61477",2008.5,2008.5,2008.5
"61478",2008.25,2009.75,2009.75
"61479",2009,2009,2009
"61480",2009,2009.25,2009.25
"61482",2008.5,2008.75,2009
"61483",2009,2009.25,2010.5
"61484",2009.25,2009.75,2010
"61485",2008.25,2008.25,2008.25
"61486",2008.5,2008.5,2008.5
"61488",2008.25,2009,2009.5
"61489",2009,2009.25,2009.25
"61490",2008.25,2008.5,2008.75
"61491",2009,2009,2009.25
"61501",2008.75,2009.25,2010
"61516",2009.5,2009.5,2009.5
"61517",2007.75,2007.75,2009.25
"61519",2007.5,2007.5,2007.5
"61520",2009.25,2009.25,2009.25
"61523",2007.5,2007.5,2007.5
"61524",2006.25,2006.25,2006.25
"61525",2007.75,2007.75,2007.75
"61526",2007.5,2007.5,2007.5
"61528",2006.25,2006.25,2006.25
"61529",2009.25,2009.25,2009.25
"61530",2007.5,2007.5,2007.5
"61531",2009,2009.25,2009.25
"61532",2008.75,2008.75,2008.75
"61533",2006.5,2006.5,2009.25
"61534",2007.75,2008.75,2009.75
"61535",2005,2005,2005
"61536",2006.25,2006.25,2006.25
"61537",2007.75,2009,2010.25
"61539",2006.5,2006.5,2006.5
"61540",2005.5,2007,2008.75
"61541",2006.5,2006.5,2006.75
"61542",2007.5,2008.5,2009
"61543",2006.25,2006.25,2006.25
"61544",2007.75,2009,2009
"61545",2010.25,2010.25,2010.25
"61546",2007.75,2009.25,2010.25
"61547",2006.5,2006.5,2006.5
"61548",2007.5,2007.5,2007.5
"61550",2006.25,2007.5,2007.5
"61552",2007.5,2007.5,2007.5
"61553",2009.25,2009.25,2009.25
"61554",2005,2005,2006.25
"61559",2007.75,2007.75,2007.75
"61560",2007,2007,2007
"61561",2008,2008,2008
"61562",2007.5,2007.5,2007.5
"61563",2007.5,2007.5,2007.5
"61564",2006.25,2006.25,2006.25
"61565",2008.25,2009,2009
"61567",2009.25,2010.25,2010.75
"61568",2006.25,2006.25,2006.25
"61569",2009.25,2009.25,2009.25
"61570",2009.5,2009.5,2010.25
"61571",2007.5,2007.5,2007.5
"61572",2009,2009,2009.25
"61602",2006.5,2006.5,2006.5
"61603",2006.5,2006.5,2006.5
"61604",2006.25,2006.5,2006.5
"61605",2006.5,2006.5,2006.5
"61606",2006.5,2006.5,2006.5
"61607",2006.5,2006.5,2006.5
"61610",2005,2005,2005
"61611",2006.5,2006.5,2006.5
"61614",2006.5,2006.5,2006.5
"61615",2006.25,2006.5,2006.5
"61616",2006.5,2006.5,2006.5
"61625",2006.5,2006.5,2006.5
"61701",2004.5,2005.5,2005.5
"61704",2004.5,2005.5,2005.5
"61705",2005.5,2005.75,2007.25
"61720",2009,2010,2010.25
"61721",2007.75,2007.75,2007.75
"61722",2008.5,2008.5,2009
"61723",2007.25,2007.25,2007.75
"61724",2006.5,2008,2008.5
"61725",2009.75,2009.75,2009.75
"61726",2009,2009,2010.25
"61727",2007.25,2007.25,2007.25
"61728",2008.5,2008.75,2009
"61729",2009.75,2009.75,2009.75
"61730",2008.5,2008.5,2008.5
"61731",2010,2010.25,2010.25
"61732",2009.25,2009.75,2009.75
"61733",2007.5,2007.5,2007.5
"61734",2006.25,2007.75,2007.75
"61735",2008,2009,2009
"61736",2007.25,2007.25,2007.25
"61737",2007.25,2007.25,2007.25
"61738",2005.5,2005.5,2006.25
"61739",2007.5,2010,2010.25
"61740",2007.25,2007.25,2007.25
"61741",2006.75,2006.75,2006.75
"61742",2007.5,2009.25,2009.75
"61743",2007.25,2007.25,2007.25
"61744",2005.5,2006,2007.25
"61745",2009,2009,2009
"61747",2007.75,2007.75,2007.75
"61748",2005.75,2005.75,2005.75
"61749",2007.25,2007.75,2008
"61750",2007.25,2009,2009
"61751",2005.25,2005.25,2005.25
"61752",2008,2008.5,2008.5
"61753",2008.5,2008.5,2008.5
"61754",2007.25,2007.25,2007.25
"61755",2007.5,2007.5,2007.75
"61756",2008.25,2008.75,2009.75
"61759",2007.75,2007.75,2007.75
"61760",2007.25,2007.25,2007.25
"61761",2005.75,2005.75,2005.75
"61764",2006,2006,2007.25
"61769",2007.5,2007.5,2007.5
"61770",2007.25,2007.25,2008.5
"61771",2008,2008,2008
"61772",2005.5,2005.5,2007.25
"61773",2010,2010.25,2010.25
"61774",2009.25,2009.25,2009.25
"61775",2006.75,2007.25,2009
"61776",2008.5,2008.5,2008.5
"61777",2008,2009,2009
"61778",2007.25,2007.25,2008.75
"61801",2004.25,2005.5,2005.5
"61802",2005.5,2005.5,2005.5
"61810",2007.5,2009.5,2009.5
"61811",2006.75,2006.75,2006.75
"61812",2006.25,2006.25,2006.25
"61813",2006.75,2006.75,2006.75
"61814",2005.75,2006.75,2006.75
"61815",2006.25,2006.5,2007.25
"61816",2006,2006.75,2006.75
"61817",2006.75,2009.25,2009.25
"61818",2006.75,2006.75,2007
"61820",2004.25,2005.5,2005.5
"61821",2004.25,2005.5,2005.5
"61822",2005.5,2005.5,2005.5
"61830",2007.25,2008,2008.5
"61831",2006.25,2006.25,2006.25
"61832",2009.25,2009.25,2009.25
"61833",2009.25,2009.25,2009.25
"61834",2006.75,2006.75,2009.25
"61839",2008,2008.25,2008.75
"61840",2007,2007,2007
"61841",2007.25,2008.5,2009.5
"61842",2008.5,2008.5,2008.5
"61843",2001.5,2006.5,2006.5
"61844",2004.25,2004.25,2004.25
"61845",2007,2007.25,2007.25
"61846",2006.75,2006.75,2008.25
"61847",2006.5,2006.75,2006.75
"61848",2006.75,2006.75,2006.75
"61849",2006.75,2006.75,2007.25
"61850",2006,2006.75,2006.75
"61851",2007,2007.5,2008.5
"61852",2006,2006,2006
"61853",2006.5,2006.5,2006.5
"61854",2006.5,2007.25,2008.5
"61855",2006.5,2006.75,2006.75
"61856",2006.75,2007.5,2008.5
"61857",2004.25,2004.25,2004.25
"61858",2007.25,2009.25,2009.25
"61859",2004.25,2005.5,2006.25
"61862",2006.25,2006.25,2006.25
"61863",2006.5,2006.5,2006.5
"61864",2006.75,2006.75,2006.75
"61865",2006.25,2006.25,2006.75
"61866",2006.5,2007,2007
"61870",2006,2006,2006
"61871",2005.5,2005.5,2005.5
"61872",2007,2007.5,2007.75
"61873",2005.5,2005.5,2005.5
"61874",2004.25,2006.75,2007
"61875",2006.5,2007,2007.75
"61876",2007.5,2009.25,2009.5
"61877",2006.75,2006.75,2006.75
"61878",2006.25,2007,2007
"61880",2006.5,2006.75,2007.5
"61882",2007.25,2008.75,2009
"61883",2006.75,2007.25,2009.25
"61884",2006.5,2007,2007.75
"61910",2006.5,2007.25,2007.5
"61911",2006.5,2006.5,2006.5
"61912",2010.5,2010.5,2010.5
"61913",2007.5,2007.5,2010
"61914",2006.25,2006.25,2006.25
"61917",2007.25,2010.5,2010.5
"61919",2006,2006.5,2007.25
"61920",2007.25,2010.25,2010.5
"61924",2006,2006,2006
"61925",2005.75,2005.75,2005.75
"61928",2010.5,2010.5,2010.75
"61929",2006.5,2006.75,2006.75
"61930",2010.5,2010.5,2010.75
"61931",2007.25,2007.25,2007.25
"61932",2007.5,2009.5,2009.5
"61933",2010.5,2010.75,2010.75
"61936",2006.75,2007.75,2007.75
"61937",2007.25,2008.75,2009.25
"61938",2007.25,2007.25,2010.25
"61940",2007.25,2007.5,2009.5
"61941",2006,2006,2006
"61942",2006,2006,2006
"61943",2010.5,2010.5,2010.75
"61944",2006,2007.25,2008.5
"61949",2010.5,2010.5,2010.75
"61951",2007.25,2007.25,2010
"61953",2006.5,2006.5,2006.5
"61955",2006,2006.75,2007.75
"61956",2006,2006,2006
"61957",2010,2010,2010.5
"62001",2005.5,2007.75,2009
"62002",2005.25,2005.5,2005.5
"62006",2006.5,2006.5,2006.5
"62009",2008.75,2008.75,2008.75
"62010",2005.25,2005.25,2005.5
"62011",2007,2007,2009.25
"62012",2005.5,2005.5,2005.5
"62013",2009,2009,2009
"62014",2006.25,2009,2009
"62015",2006,2007,2008.75
"62016",2010.5,2012.25,2012.25
"62017",2005.75,2006.5,2006.5
"62018",2005.25,2005.25,2005.25
"62019",2005.75,2005.75,2005.75
"62021",2009,2009,2009
"62022",2006.25,2006.25,2006.25
"62023",2008.75,2008.75,2008.75
"62024",2005.25,2005.25,2005.25
"62025",2005.25,2005.25,2005.25
"62027",2012.25,2012.25,2014.5
"62028",2006.25,2006.25,2006.25
"62030",2010.5,2010.5,2012.75
"62031",2012,2012,2014.5
"62032",2006.5,2006.5,2007
"62033",2008.75,2008.75,2008.75
"62034",2005.25,2005.25,2005.25
"62035",2005.5,2005.5,2006.25
"62036",2005.25,2005.5,2005.5
"62037",2009,2009,2009
"62040",2005.25,2005.25,2005.25
"62044",2010.25,2011.5,2012.25
"62045",2010.25,2014.5,2014.75
"62046",2006,2008.25,2009
"62047",2006.5,2006.5,2009
"62048",2005.25,2005.25,2005.25
"62049",2006,2006.5,2006.5
"62050",2012.75,2014.75,2014.75
"62051",2006.5,2006.5,2006.5
"62052",2007.5,2009.25,2009.25
"62053",2014.5,2014.5,2014.75
"62054",2009,2009.25,2009.25
"62056",2006,2007.75,2008.75
"62058",2005.25,2005.25,2005.25
"62059",2005.25,2005.25,2005.25
"62060",2005.25,2005.25,2005.25
"62061",2006,2006,2006
"62062",2005.25,2005.25,2005.25
"62063",2009.25,2010.5,2011.5
"62065",2012,2014.5,2014.75
"62067",2005.25,2005.25,2006.25
"62069",2008.25,2008.75,2008.75
"62070",2014.75,2014.75,2015
"62074",2005.25,2005.25,2005.5
"62075",2006.5,2007,2007.25
"62076",2006.5,2009.25,2010
"62077",2005.75,2005.75,2005.75
"62078",2012.75,2014.75,2014.75
"62079",2010.5,2010.5,2012.75
"62080",2007,2007.25,2010.25
"62081",2005.75,2010.25,2011.5
"62082",2011,2012.25,2012.25
"62083",2006,2006,2006
"62084",2005.25,2005.25,2005.25
"62085",2008.75,2008.75,2008.75
"62086",2005.75,2005.75,2005.75
"62087",2005.25,2005.25,2005.25
"62088",2005.25,2005.25,2005.25
"62089",2006,2006,2006
"62090",2005.25,2005.25,2005.25
"62091",2005.75,2005.75,2005.75
"62092",2012.25,2012.25,2012.75
"62093",2005.25,2005.25,2005.25
"62094",2006.5,2006.5,2007.25
"62095",2005.25,2005.25,2005.25
"62097",2005.25,2005.5,2009
"62098",2012.25,2012.25,2012.25
"62201",2005.25,2005.25,2005.25
"62203",2005.25,2005.25,2005.25
"62204",2005.25,2005.25,2005.25
"62205",2005.25,2005.25,2005.25
"62206",2005.25,2005.25,2005.25
"62207",2005.25,2005.25,2005.25
"62208",2005.25,2005.25,2005.25
"62214",2008,2009.75,2009.75
"62215",2005,2005,2007.5
"62216",2005,2005.25,2008
"62217",2006.5,2006.5,2007.25
"62218",2005,2005.5,2005.5
"62219",2005,2005.5,2005.5
"62220",2006.25,2006.25,2006.25
"62221",2005.25,2005.25,2005.5
"62223",2005.25,2005.25,2005.25
"62225",2007.5,2007.5,2007.5
"62226",2005.25,2005.25,2005.25
"62230",2005.5,2008,2008
"62231",2005.5,2006,2006.5
"62232",2005.25,2005.25,2005.25
"62233",2008.25,2008.25,2008.25
"62234",2005.25,2005.25,2005.25
"62236",2005.25,2005.25,2005.5
"62237",2005.75,2006.75,2007
"62238",2006,2006,2006.75
"62239",2005.25,2005.25,2005.25
"62240",2005.25,2005.25,2005.25
"62241",2008.25,2008.25,2009.75
"62242",2009,2009,2009
"62243",2006.25,2006.25,2006.25
"62244",2006.5,2006.5,2008.5
"62245",2005,2005,2005
"62246",2005.75,2006,2006.75
"62248",2007.5,2007.5,2007.5
"62249",2006,2008,2008
"62250",2006,2006,2006
"62253",2006.5,2006.75,2008
"62254",2007.5,2007.5,2007.5
"62255",2007.25,2007.25,2007.25
"62257",2007.25,2007.25,2007.25
"62258",2007.25,2007.25,2007.25
"62260",2005.25,2005.25,2005.25
"62261",2008.75,2009.75,2010.5
"62262",2006.5,2006.75,2007
"62263",2008,2009.75,2010.5
"62264",2007.25,2007.5,2007.5
"62265",2007.25,2007.5,2007.5
"62266",2007.5,2008.25,2009.75
"62268",2007.25,2009.75,2009.75
"62269",2005.25,2005.25,2005.25
"62271",2008,2009.75,2009.75
"62272",2006,2006,2006
"62273",2005.25,2008,2008
"62274",2007,2007,2007
"62275",2005.75,2008,2008
"62277",2006.5,2007.5,2008.75
"62278",2007.5,2007.5,2008.75
"62279",2006.5,2008.5,2008.75
"62280",2009.75,2010.75,2010.75
"62281",2006,2006,2006
"62282",2006.75,2007.25,2007.25
"62284",2006.5,2006.75,2007.75
"62285",2006.25,2006.25,2006.25
"62286",2006.5,2006.5,2007.25
"62288",2006,2007.25,2008.25
"62289",2007.5,2007.5,2007.5
"62292",2005.75,2007.25,2007.25
"62293",2007.25,2007.5,2007.5
"62294",2005.25,2005.25,2006
"62295",2008.75,2008.75,2008.75
"62297",2007.25,2008.25,2008.25
"62298",2006.5,2006.5,2006.5
"62301",2006.75,2006.75,2006.75
"62305",2006.75,2007.75,2009
"62311",2010,2010.75,2012.75
"62312",2005.75,2005.75,2005.75
"62313",2007.5,2007.5,2007.75
"62314",2005.75,2007.25,2008.25
"62316",2008.75,2008.75,2008.75
"62319",2008.75,2008.75,2008.75
"62320",2007.75,2007.75,2007.75
"62321",2006.25,2007.5,2008.75
"62323",2007.25,2007.25,2007.25
"62324",2008.25,2008.75,2011
"62325",2007.75,2007.75,2007.75
"62326",2008.75,2009,2009
"62330",2005.25,2005.25,2005.25
"62334",2007.5,2007.5,2007.5
"62336",2005,2005,2005
"62338",2005.75,2005.75,2005.75
"62339",2006.75,2006.75,2008.5
"62340",2005.75,2005.75,2007.25
"62341",2007.5,2007.5,2007.5
"62343",2007.25,2007.25,2007.25
"62344",2011.75,2012.75,2012.75
"62345",2005.75,2005.75,2005.75
"62346",2010.75,2011.75,2012.75
"62347",2009,2009,2009
"62348",2008.5,2008.5,2008.5
"62349",2005.75,2005.75,2006.75
"62351",2005.75,2005.75,2005.75
"62352",2005.25,2005.75,2011
"62353",2007.25,2008.25,2008.25
"62354",2005.5,2005.5,2007.5
"62355",2011.5,2012.75,2014.5
"62356",2008.5,2010,2010.25
"62357",2005.75,2006.5,2007.25
"62358",2005.25,2005.25,2005.25
"62359",2005.75,2005.75,2005.75
"62360",2009,2009,2009
"62361",2012.25,2012.75,2014.5
"62362",2005.75,2005.75,2005.75
"62363",2007.25,2011,2011.5
"62365",2007.25,2007.25,2007.25
"62366",2008.5,2008.5,2008.5
"62367",2008.75,2008.75,2008.75
"62370",2007.25,2008.5,2010.25
"62373",2007.25,2007.5,2007.5
"62374",2009,2009,2009
"62375",2008.5,2011,2011
"62376",2008.5,2008.5,2008.5
"62378",2007.25,2007.25,2007.25
"62379",2005.75,2006.25,2007.5
"62380",2007.5,2007.5,2007.5
"62401",2009.25,2009.25,2009.25
"62410",2008.75,2008.75,2009.5
"62411",2005.75,2006.75,2007.25
"62413",2008.5,2008.5,2008.5
"62414",2005.75,2005.75,2005.75
"62417",2005.5,2005.5,2006.25
"62418",2006.75,2006.75,2006.75
"62419",2010.75,2011.75,2011.75
"62420",2005.25,2006,2008.5
"62421",2011.75,2011.75,2011.75
"62422",2006.75,2009.75,2010
"62423",2009,2009,2009
"62424",2009.5,2010,2010.75
"62425",2010.5,2010.5,2010.5
"62426",2007.25,2007.25,2009.5
"62427",2006.25,2009.5,2010.75
"62428",2005.25,2005.25,2007.5
"62431",2006,2006,2007.25
"62432",2010.75,2010.75,2010.75
"62433",2010.75,2010.75,2012.5
"62434",2010.75,2010.75,2011.5
"62436",2010.75,2010.75,2010.75
"62438",2009.75,2010,2010
"62439",2006.25,2008,2008
"62440",2007.25,2007.25,2007.25
"62441",2008.25,2008.5,2009
"62442",2006,2007.25,2008.5
"62443",2007.25,2007.25,2007.25
"62444",2006,2006,2007.25
"62445",2009.5,2010,2010.75
"62446",2009,2010.75,2011.25
"62447",2009.5,2010.5,2010.5
"62448",2010.5,2010.75,2010.75
"62449",2006,2008.5,2008.5
"62450",2007.25,2010.5,2010.5
"62451",2010.75,2010.75,2010.75
"62452",2010.75,2012.25,2012.25
"62454",2008.75,2010.75,2010.75
"62458",2005.25,2005.25,2005.25
"62459",2010.75,2010.75,2012.75
"62460",2005.75,2008,2008.75
"62461",2006,2009.25,2009.25
"62462",2007.25,2009.5,2010
"62463",2006,2006,2006
"62465",2006,2006,2007.25
"62466",2011.75,2011.75,2011.75
"62467",2009.5,2009.5,2009.5
"62468",2010.75,2010.75,2010.75
"62469",2007.25,2009.25,2010.5
"62471",2006.75,2007,2007
"62473",2007.25,2009.25,2010
"62474",2006,2006,2007.25
"62475",2010.5,2010.5,2010.75
"62476",2010.75,2012.25,2012.25
"62477",2008.5,2008.5,2008.5
"62478",2008.5,2008.5,2010.75
"62479",2009.5,2010,2010.75
"62480",2008.5,2010.5,2010.75
"62481",2010.75,2010.75,2010.75
"62501",2007.75,2007.75,2007.75
"62510",2005.75,2006.25,2006.5
"62512",2008,2009,2009.25
"62513",2006.5,2006.5,2006.5
"62514",2006.5,2009.25,2009.25
"62515",2006.5,2006.5,2006.5
"62517",2006.5,2006.5,2006.5
"62518",2001,2007,2007
"62519",2006.5,2006.5,2006.5
"62520",2006.5,2006.5,2006.5
"62521",2005.75,2006.5,2007.75
"62522",2005.75,2005.75,2005.75
"62523",2005.75,2005.75,2005.75
"62526",2005.75,2005.75,2006.5
"62530",2005.25,2005.25,2005.25
"62531",2006.5,2006.5,2006.75
"62532",2006.5,2009.25,2009.25
"62533",2010.25,2010.25,2010.25
"62534",2006.25,2006.25,2006.25
"62535",2005.75,2005.75,2005.75
"62536",2005.25,2005.25,2005.25
"62537",2005.75,2005.75,2005.75
"62538",2007.25,2009.25,2010.25
"62539",2006.5,2006.75,2006.75
"62540",2006.5,2006.5,2006.5
"62541",2007,2007.25,2007.25
"62543",2001,2007,2007
"62544",2005.75,2006.5,2009.25
"62545",2006.75,2006.75,2006.75
"62546",2006.75,2007,2009.25
"62547",2006.5,2006.5,2006.5
"62548",2007,2007,2007
"62549",2005.75,2005.75,2005.75
"62550",2005.75,2005.75,2005.75
"62551",2006.75,2006.75,2007
"62553",2006,2006,2007
"62554",2007.75,2007.75,2008
"62555",2006,2006,2006
"62556",2006.75,2007,2009.25
"62557",2006,2006.5,2008
"62558",2005.25,2005.25,2005.25
"62560",2008.75,2009.25,2010.25
"62561",2006.25,2006.25,2006.25
"62563",2005.25,2005.25,2005.25
"62565",2009.75,2009.75,2009.75
"62567",2006.5,2006.5,2006.5
"62568",2006.5,2006.5,2006.5
"62570",2006.5,2006.5,2006.5
"62571",2008,2009.75,2009.75
"62572",2006,2006,2008.75
"62573",2007,2007,2007.75
"62601",2006.5,2008.5,2008.5
"62610",2005.25,2005.25,2005.25
"62611",2006.25,2006.5,2007.25
"62612",2005.75,2005.75,2006.5
"62613",2006.25,2006.75,2006.75
"62615",2005.5,2006.5,2007
"62617",2010.75,2010.75,2010.75
"62618",2006.25,2006.5,2008.75
"62621",2010.75,2010.75,2010.75
"62622",2006.25,2006.25,2006.25
"62624",2009.25,2010,2010.75
"62625",2005.75,2005.75,2005.75
"62626",2006,2008.75,2010.25
"62627",2006.5,2006.5,2009.25
"62628",2010.25,2010.25,2010.25
"62629",2005.75,2006.5,2006.75
"62630",2006.5,2009.25,2010.25
"62631",2005.75,2006.25,2006.5
"62633",2009.5,2010.75,2010.75
"62634",2006.75,2007,2007.25
"62635",2007.75,2007.75,2008.25
"62638",2007,2009.75,2010.75
"62639",2010.25,2010.75,2012.75
"62640",2006,2006,2009.25
"62642",2007.25,2007.5,2008.25
"62643",2007.75,2007.75,2007.75
"62644",2009,2010.25,2010.75
"62649",2008.5,2010.25,2010.25
"62650",2010.25,2010.25,2010.25
"62655",2010.75,2010.75,2010.75
"62656",2005.25,2005.5,2006.75
"62661",2006.5,2006.75,2006.75
"62663",2005.75,2005.75,2010.5
"62664",2008.25,2008.25,2008.75
"62665",2006.5,2008.5,2010.75
"62666",2007,2007.25,2007.75
"62667",2006,2008.5,2010.25
"62668",2005.75,2005.75,2010.5
"62670",2006.25,2006.5,2006.75
"62671",2007.75,2008.25,2008.75
"62672",2006,2006,2009.25
"62673",2009.25,2010.75,2010.75
"62674",2006,2010.25,2010.25
"62675",2007,2007.5,2009.25
"62677",2005.75,2005.75,2005.75
"62681",2008.75,2008.75,2009.25
"62682",2008.75,2009,2009.75
"62684",2006.25,2006.25,2006.25
"62685",2006,2006.5,2006.5
"62688",2005.75,2006.75,2008.25
"62689",2005.5,2006.5,2007
"62690",2005.5,2006,2007
"62691",2006.5,2006.5,2006.5
"62692",2007,2009.5,2010.25
"62693",2006.5,2006.75,2007
"62694",2005.75,2005.75,2010.25
"62695",2005.75,2008.5,2010.25
"62701",2006.25,2006.25,2006.25
"62702",2006.25,2006.25,2006.25
"62703",2005.25,2005.25,2005.25
"62704",2005.75,2006.5,2006.75
"62707",2005.75,2006.25,2006.25
"62711",2005.75,2005.75,2006.5
"62712",2005.25,2005.25,2005.25
"62801",2005.5,2006,2006
"62803",2008,2008,2008
"62806",2009,2009,2009
"62807",2006.5,2007.25,2007.25
"62808",2008,2008.5,2009.75
"62809",2009,2009,2009
"62810",2006.75,2008,2008
"62811",2007.5,2008.5,2009
"62812",2006.25,2006.25,2006.5
"62814",2008,2008,2010.75
"62815",2008.5,2009,2009
"62816",2006,2006.25,2006.25
"62817",2006.75,2010.75,2010.75
"62818",2007.5,2008.5,2009
"62819",2006.25,2006.25,2006.25
"62820",2009,2009,2009
"62821",2006.5,2006.5,2007.5
"62822",2006.25,2006.25,2006.25
"62823",2010.75,2010.75,2010.75
"62824",2010.75,2010.75,2010.75
"62825",2006.25,2006.25,2006.25
"62827",2006.5,2007.5,2007.5
"62828",2008,2008,2009
"62829",2006.75,2010.75,2010.75
"62830",2006,2008,2008
"62831",2009.75,2010,2010.5
"62832",2006.75,2006.75,2006.75
"62833",2009,2009,2009
"62835",2006.5,2009,2009
"62836",2006.25,2006.25,2006.25
"62837",2009,2010.75,2011.25
"62838",2007.25,2007.25,2010.75
"62839",2005.25,2007.25,2007.25
"62841",2005.25,2005.25,2005.25
"62842",2009,2010.75,2010.75
"62843",2009,2009,2009
"62844",2007.5,2007.5,2009
"62846",2006.25,2006.25,2006.25
"62848",2008,2008,2008
"62849",2007.25,2010.75,2010.75
"62850",2010.75,2010.75,2010.75
"62851",2008,2008,2010.75
"62852",2007.5,2008.5,2009
"62853",2006,2006.5,2008
"62854",2008.75,2010.75,2010.75
"62856",2006.5,2006.5,2006.5
"62858",2007.25,2007.25,2007.25
"62859",2006.75,2009,2012.5
"62860",2006.75,2008,2009
"62861",2007.5,2008.25,2009.25
"62862",2009,2009,2009
"62863",2008.5,2008.5,2008.75
"62864",2006,2008,2008
"62865",2006.25,2006.25,2006.25
"62867",2008.75,2008.75,2009.25
"62868",2010.75,2010.75,2010.75
"62869",2006.5,2007.5,2012.5
"62870",2005.5,2006,2006.5
"62871",2009.25,2010.75,2010.75
"62872",2008,2008,2008
"62874",2006.25,2006.25,2006.25
"62875",2006.5,2006.5,2006.5
"62876",2009.75,2010,2010.5
"62877",2008,2008,2008
"62878",2010.75,2010.75,2010.75
"62879",2010.75,2010.75,2010.75
"62880",2010.75,2010.75,2010.75
"62881",2006.5,2006.5,2007.25
"62882",2005.5,2006,2006.5
"62883",2006,2006,2006
"62884",2006,2006,2006
"62885",2006.75,2007,2007.25
"62886",2007.25,2009,2009
"62887",2009,2009,2009
"62888",2008,2008.5,2008.5
"62889",2006,2008,2010
"62890",2006,2006.5,2006.75
"62891",2006.25,2006.25,2006.25
"62892",2006.75,2007,2007.25
"62893",2005.5,2006,2006.5
"62894",2006,2006,2006
"62895",2008,2009,2012.5
"62896",2006.25,2006.5,2006.5
"62897",2006.25,2006.25,2006.25
"62898",2006,2006,2006
"62899",2010.75,2010.75,2010.75
"62901",2005.5,2005.5,2005.5
"62902",2006,2006,2006
"62903",2005.5,2005.5,2005.5
"62905",2007.25,2007.25,2007.25
"62906",2007.25,2007.25,2007.25
"62907",2009.75,2009.75,2009.75
"62908",2006.5,2006.5,2006.75
"62910",2006,2006,2006
"62912",2009.5,2009.5,2009.5
"62914",2009,2010,2010
"62915",2005.25,2005.25,2005.25
"62916",2006,2006.75,2006.75
"62917",2006.75,2006.75,2006.75
"62918",2005.25,2005.25,2005.25
"62919",2009.25,2011.25,2014.5
"62920",2010,2010,2010
"62921",2005.25,2005.25,2005.25
"62922",2008.5,2008.5,2008.75
"62923",2006.75,2006.75,2006.75
"62924",2006.5,2006.5,2006.5
"62926",2006.75,2007.25,2007.25
"62927",2006.75,2006.75,2006.75
"62928",2006.75,2009.25,2009.25
"62930",2010.5,2010.5,2010.75
"62931",2008,2008,2009.25
"62932",2006.5,2006.5,2006.75
"62933",2005.25,2005.25,2005.25
"62934",2010.75,2010.75,2013.5
"62935",2006,2006,2006
"62938",2008,2009,2010
"62939",2009.5,2009.5,2009.5
"62940",2009,2009,2009
"62941",2006.5,2006.5,2009.25
"62942",2009,2009,2009
"62943",2006.75,2006.75,2006.75
"62946",2006.75,2008,2009.25
"62947",2008,2008,2008.75
"62948",2005.25,2005.25,2005.25
"62949",2006.5,2006.5,2006.5
"62950",2010,2010.75,2012.25
"62951",2006,2008.5,2008.5
"62952",2007.25,2007.25,2009.5
"62953",2006.5,2006.5,2006.5
"62954",2010.75,2011.25,2013.5
"62956",2006.5,2006.5,2006.5
"62957",2010,2010.75,2012.75
"62958",2006,2009.5,2009.5
"62959",2008.5,2008.75,2008.75
"62960",2006,2006,2006.5
"62961",2007.25,2007.25,2007.25
"62962",2008,2008.5,2009.5
"62963",2008.25,2009,2010
"62964",2008.5,2009.25,2010
"62965",2010.5,2010.5,2010.75
"62966",2009,2009,2009.75
"62967",2009.25,2009.25,2009.25
"62969",2008,2008.5,2010
"62970",2009.25,2009.25,2009.25
"62972",2008.5,2008.5,2009.25
"62974",2006.75,2008.5,2008.5
"62975",2009,2009,2009
"62976",2008,2008,2008
"62977",2010.5,2010.5,2010.75
"62979",2009.25,2009.25,2010.75
"62982",2008,2008,2008
"62983",2005.25,2005.25,2006.25
"62984",2008.75,2008.75,2008.75
"62985",2006.75,2008.5,2009.25
"62987",2006.75,2006.75,2006.75
"62988",2008,2008,2008
"62990",2009.5,2010.75,2013.25
"62992",2008,2008,2008
"62994",2006.75,2006.75,2006.75
"62995",2006.75,2006.75,2006.75
"62996",2008,2008.5,2009.25
"62997",2006,2006,2006
"62998",2007.25,2007.25,2007.25
"62999",2005.25,2005.25,2005.25
"63005",2005.5,2005.5,2006.5
"63010",2005.5,2005.5,2005.75
"63011",2005.25,2005.25,2005.5
"63012",2007,2007,2007
"63013",2006.5,2006.5,2007.75
"63014",2010,2010.75,2012.75
"63015",2008.25,2008.25,2008.25
"63016",2007,2008.25,2008.25
"63017",2005.25,2005.25,2005.25
"63019",2008.75,2008.75,2008.75
"63020",2006,2006,2006.5
"63021",2005.25,2005.25,2005.25
"63023",2006.5,2006.5,2006.5
"63025",2007,2007,2007
"63026",2005.25,2005.25,2006.25
"63028",2006.5,2007,2008.5
"63030",2009,2009,2009
"63031",2005.25,2005.25,2005.25
"63033",2005.25,2005.25,2005.25
"63034",2005.25,2005.25,2005.25
"63036",2006.25,2006.25,2006.25
"63037",2007.75,2007.75,2007.75
"63038",2007,2007,2007
"63039",2006.5,2006.75,2006.75
"63040",2007,2007,2007
"63041",2006.5,2006.5,2006.5
"63042",2005.25,2005.25,2005.25
"63043",2005.25,2005.25,2005.25
"63044",2005.25,2005.25,2005.25
"63045",2005.25,2005.25,2005.25
"63047",2006,2006,2006
"63048",2008.75,2008.75,2008.75
"63049",2000.25,2006.25,2006.25
"63050",2006.5,2007,2007
"63051",2000,2006.25,2006.25
"63052",2006.25,2006.25,2006.25
"63053",2005.5,2005.5,2005.5
"63055",2001.25,2006.75,2006.75
"63056",2007.75,2007.75,2007.75
"63057",2008.75,2008.75,2008.75
"63060",2006.5,2006.5,2006.5
"63061",2006.5,2006.5,2006.5
"63068",2009.25,2010.75,2010.75
"63069",2007,2007,2008.25
"63070",2007,2007,2008.75
"63071",2006.5,2008.5,2008.5
"63072",2006.5,2006.5,2006.5
"63073",2007,2007,2007
"63074",2001.5,2001.5,2005.25
"63077",2006.5,2006.5,2006.5
"63079",2006.5,2006.5,2006.5
"63080",2006.5,2008.5,2008.75
"63084",2006.5,2006.5,2006.5
"63087",2006.5,2006.5,2006.5
"63088",2005.25,2005.25,2005.25
"63089",2006.5,2006.5,2006.5
"63090",2006.25,2006.25,2006.5
"63091",2007.75,2007.75,2007.75
"63101",2005.25,2005.25,2005.25
"63102",2005.25,2005.25,2005.25
"63103",2005.25,2005.25,2005.25
"63104",2005.25,2005.25,2005.25
"63105",2001.5,2005.25,2005.25
"63106",2005.25,2005.25,2005.25
"63107",2005.25,2005.25,2005.25
"63108",2001.5,2005.25,2005.25
"63109",2002,2005.25,2005.25
"63110",2005.25,2005.25,2005.25
"63111",2005.25,2005.25,2005.25
"63112",2001.5,2001.5,2005.25
"63113",2001.5,2005.25,2005.25
"63114",2001.5,2001.5,2005.25
"63115",2005.25,2005.25,2005.25
"63116",2002,2005.25,2005.25
"63117",2002,2005.25,2005.25
"63118",2005.25,2005.25,2005.25
"63119",2002,2005.25,2005.25
"63120",2001.5,2001.5,2005.25
"63121",2001.5,2001.5,2005.25
"63122",2005.25,2005.25,2005.25
"63123",2002,2005.25,2005.25
"63124",2005.25,2005.25,2005.25
"63125",2005.25,2005.25,2005.25
"63126",2002,2005.25,2005.25
"63127",2005.25,2005.25,2005.25
"63128",2005.25,2005.5,2005.5
"63129",2005.5,2005.5,2005.5
"63130",2001.5,2001.5,2005.25
"63131",2005.25,2005.25,2005.25
"63132",2001.5,2001.5,2005.25
"63133",2001.5,2001.5,2005.25
"63134",2001.5,2001.5,2005.25
"63135",2001.5,2001.5,2005.25
"63136",2001.5,2001.5,2005.25
"63137",2005.25,2005.25,2005.25
"63138",2005.25,2005.25,2005.25
"63139",2002,2005.25,2005.25
"63140",2001.5,2001.5,2005.25
"63141",2005.25,2005.25,2005.25
"63143",2002,2005.25,2005.25
"63144",2002,2005.25,2005.25
"63146",2005.25,2005.25,2005.25
"63147",2005.25,2005.25,2005.25
"63155",2005.25,2005.25,2005.25
"63301",2005.25,2005.25,2005.25
"63303",2005.25,2005.25,2005.25
"63304",2000.25,2000.25,2005.5
"63330",2009.5,2009.5,2010.25
"63332",2001.25,2006.75,2006.75
"63333",2008.5,2008.75,2009.25
"63334",2005.5,2009.5,2009.5
"63336",2009.25,2009.5,2009.5
"63339",2009.75,2009.75,2009.75
"63341",2005,2005.5,2005.5
"63343",2009.5,2009.5,2009.5
"63344",2009.25,2009.5,2009.5
"63345",2009.75,2010.25,2010.5
"63347",2006.5,2006.5,2008.5
"63348",2006,2006,2006
"63349",2006,2006,2007.25
"63350",2005.75,2005.75,2008
"63351",2008.25,2008.25,2008.25
"63352",2009.5,2009.5,2009.75
"63353",2006.5,2006.5,2006.5
"63357",2006.75,2009.25,2010.75
"63359",2009.75,2010,2012.5
"63361",2008.75,2008.75,2010.5
"63362",2006,2006,2008.5
"63363",2005.75,2005.75,2005.75
"63366",2005.5,2005.5,2005.5
"63367",2005.5,2005.5,2005.5
"63368",2000.25,2000.25,2000.25
"63369",2006.5,2006.5,2006.5
"63370",2009.25,2009.75,2009.75
"63373",2005.25,2006.25,2006.25
"63376",2005.5,2005.5,2005.5
"63377",2009.5,2009.5,2009.5
"63379",2006,2007.25,2008.5
"63381",2008.25,2008.5,2008.75
"63382",2009.75,2009.75,2009.75
"63383",2008.25,2008.25,2008.75
"63384",2006,2008.75,2010.5
"63385",2006,2006,2006
"63386",2005.25,2005.25,2005.25
"63387",2009.5,2009.5,2009.5
"63388",2006.5,2006.5,2006.5
"63389",2006.5,2006.5,2006.5
"63390",2007.25,2007.25,2007.25
"63401",2005.5,2005.5,2005.5
"63430",2005.75,2005.75,2005.75
"63431",2005.75,2005.75,2005.75
"63432",2009.25,2009.75,2010.75
"63433",2007.25,2009,2010
"63434",2009,2010.25,2010.5
"63435",2008.5,2009.5,2009.75
"63436",2009.5,2010.25,2010.25
"63437",2008.25,2009.75,2009.75
"63438",2009.25,2009.5,2009.5
"63439",2008.25,2009,2009
"63440",2009.5,2009.5,2009.5
"63441",2005.5,2005.5,2007.25
"63443",2008.25,2008.25,2008.25
"63445",2009.25,2009.25,2009.25
"63446",2010.75,2010.75,2010.75
"63447",2009.5,2009.5,2009.5
"63448",2009.5,2009.5,2009.5
"63450",2009.75,2009.75,2009.75
"63451",2006.75,2006.75,2006.75
"63452",2009.5,2009.5,2009.5
"63453",2009.25,2009.25,2009.25
"63454",2009.25,2009.25,2009.25
"63456",2009,2009.5,2009.5
"63457",2009.5,2010.5,2010.5
"63458",2006,2006,2006.75
"63459",2005.25,2005.5,2007.75
"63460",2006.75,2006.75,2006.75
"63461",2006.75,2007.75,2009.25
"63462",2009.25,2009.5,2010.5
"63463",2009,2009,2009
"63464",2006,2006,2006.75
"63465",2006.25,2006.25,2007
"63467",2009,2009.5,2010
"63468",2009,2009.5,2009.5
"63469",2009.25,2010.25,2010.5
"63471",2006.75,2006.75,2007.75
"63472",2007.25,2007.25,2007.25
"63473",2009.25,2009.5,2009.5
"63474",2009.25,2009.25,2009.25
"63501",2009,2010.5,2010.5
"63530",2010.25,2010.5,2010.5
"63531",2009,2009,2009
"63532",2008.25,2008.25,2008.25
"63533",2009,2009,2009.25
"63534",2008.25,2008.25,2008.5
"63535",2006,2006,2006
"63536",2008.75,2008.75,2008.75
"63537",2010.5,2010.75,2010.75
"63538",2006.75,2008.75,2008.75
"63539",2008.75,2008.75,2008.75
"63540",2009,2009,2009
"63541",2006,2007.75,2008.75
"63543",2009.75,2010.5,2010.75
"63544",2006.75,2007.25,2008.75
"63545",2005.25,2008.75,2009.5
"63546",2006,2008.75,2008.75
"63547",2009,2009,2010.5
"63548",2008.75,2008.75,2008.75
"63549",2005.5,2005.5,2005.5
"63551",2009.25,2009.75,2010
"63552",2005.75,2006.75,2008.25
"63555",2009.5,2009.75,2009.75
"63556",2009,2009.5,2010.25
"63557",2008.75,2009,2011.25
"63558",2008.5,2008.75,2009
"63559",2006.75,2008.75,2008.75
"63560",2009,2009,2009
"63561",2008.75,2008.75,2008.75
"63563",2009,2009,2009.5
"63565",2009,2009.25,2009.75
"63566",2010.75,2011.5,2012
"63567",2009,2009.75,2010.25
"63601",2006.5,2006.5,2006.5
"63620",2010.75,2010.75,2012.5
"63621",2010.75,2010.75,2012.5
"63622",2009.75,2009.75,2012.25
"63623",2009.75,2009.75,2014.75
"63624",2005,2005.25,2005.25
"63625",2009.75,2011.25,2014.75
"63626",2009,2009,2009
"63627",2006.25,2006.25,2006.5
"63628",2006.5,2006.5,2006.5
"63629",2015.75,9999,9999
"63630",2009,2009.5,2009.75
"63631",2005.25,2009.75,2009.75
"63633",2010.75,2011.25,9999
"63636",2011.25,2012.5,2012.75
"63637",2007.5,2007.5,2007.5
"63638",2011,2011.25,2012.75
"63640",2007.5,2007.5,2009.75
"63645",2009.75,2009.75,2010.5
"63648",2005.25,2005.25,2005.25
"63650",2009.75,2010.75,2010.75
"63653",2006.5,2006.5,2006.5
"63654",2009.25,2009.5,2010.75
"63655",2012.75,2013.75,2014.75
"63656",2009.25,2009.75,2010.75
"63660",2005.25,2006.25,2009
"63662",2009.25,2009.25,2009.5
"63663",2005,2010.75,2010.75
"63664",2008.75,2009.75,2012.25
"63665",2010.75,2010.75,2012.75
"63666",2011.25,2011.25,9999
"63670",2005.5,2005.5,2005.5
"63673",2005,2005,2005.25
"63674",2009.5,2009.75,2011.75
"63675",2010.75,2011.25,2012.5
"63701",2006.25,2009.5,2010
"63703",2006.25,2006.25,2006.25
"63730",2009.75,2009.75,2012.75
"63732",2010,2010,2012.75
"63735",2009.5,2009.5,2009.5
"63736",2009.5,2009.5,2009.5
"63738",2009.75,2012.75,2012.75
"63739",2009.5,2010,2012.75
"63740",2009.5,2009.5,2009.5
"63742",2001.25,2008.5,2008.5
"63743",2009.5,2009.5,2009.5
"63744",2009.5,2010,2012.5
"63745",2006.25,2006.25,2009.5
"63746",2006.5,2006.5,2006.5
"63747",2009.5,2009.5,2009.5
"63748",2009.75,2010,2011.75
"63750",2012.75,2012.75,2012.75
"63751",2013.75,2013.75,2013.75
"63755",2009.75,2010,2010.75
"63758",2006.25,2006.25,2009.5
"63760",2009.5,2012.5,2012.75
"63763",2012.75,2012.75,2012.75
"63764",2012.5,2012.5,2012.5
"63766",2009.5,2010,2012.75
"63767",2009.5,2009.5,2009.5
"63769",2009.5,2009.5,2009.5
"63770",2009.5,2009.5,2009.5
"63771",2009.5,2009.5,2009.5
"63774",2009.5,2009.5,2010
"63775",2006.5,2008.25,2008.75
"63780",2006.25,2008,2009.5
"63781",2009.5,2009.5,2012.5
"63782",2009.75,2012.75,2012.75
"63783",2009.75,2010,2010.75
"63784",2009.5,2009.5,2009.5
"63785",2009.5,2010,2012.5
"63787",2012.75,2012.75,2012.75
"63801",2006.25,2006.25,2009.25
"63820",2006.25,2006.25,2006.25
"63821",2006.75,2007.5,2009.75
"63822",2009.5,2009.5,2009.5
"63823",2006.25,2006.25,2009
"63824",2009.5,2009.5,2009.5
"63825",2005.75,2009.5,2009.75
"63826",2005.75,2008,2008
"63827",2008,2008,2008
"63828",2006.25,2006.25,2006.25
"63829",2006.75,2006.75,2009.75
"63830",2005.75,2007.5,2008
"63833",2006.25,2009.25,2009.5
"63834",2006.25,2009,2009.5
"63837",2005.25,2005.25,2006.25
"63839",2005.75,2005.75,2005.75
"63841",2005.25,2005.25,2008.25
"63845",2007.5,2009.25,2010.75
"63846",2009.25,2009.5,2009.5
"63847",2005.25,2005.25,2005.25
"63848",2005.25,2006.25,2009.75
"63849",2007.5,2007.5,2007.5
"63851",2008,2008,2008
"63852",2005.25,2005.25,2005.25
"63853",2005.75,2005.75,2005.75
"63855",2007.5,2007.5,2007.5
"63857",2007.5,2010.75,2010.75
"63860",2006.25,2006.25,2006.25
"63862",2006.25,2009.75,2009.75
"63863",2009.75,2009.75,2009.75
"63866",2009.75,2009.75,2010
"63867",2006.25,2006.25,2006.25
"63868",2006.25,2006.25,2006.25
"63869",2006.25,2009.25,2009.5
"63870",2009.5,2009.5,2009.75
"63873",2006.25,2006.25,2009.75
"63874",2009.75,2009.75,2009.75
"63876",2006.75,2007.5,2010
"63877",2005.75,2005.75,2007.5
"63878",2009.75,2009.75,2009.75
"63879",2008,2009.75,2010
"63880",2005.25,2005.25,2005.25
"63882",2009.5,2010.75,2010.75
"63901",2005.25,2008.25,2009
"63902",2005,2005.25,2006
"63932",2008.75,2009,2009.5
"63933",2009.5,2009.75,2009.75
"63934",2013.5,2013.5,2013.5
"63935",2006,2009.75,2012.75
"63936",2008.75,2009.5,2009.5
"63937",2005.5,2005.5,2006
"63939",2005.25,2005.25,2005.25
"63940",2008.75,2009.5,2009.75
"63941",2006.75,2008.25,2012.75
"63942",2011,2015.5,2015.5
"63943",2005.5,2005.5,2008.5
"63944",2012.5,2012.75,2013.5
"63945",2005.25,2005.25,2005.25
"63951",2012.75,2015.75,2015.75
"63952",2005.5,2006,2012.5
"63953",2005.75,2008.75,2009
"63954",2005.75,2005.75,2005.75
"63955",2005.75,2009,2009
"63956",2008.75,2012.5,2012.5
"63957",2012.5,2012.5,2012.5
"63960",2005.75,2005.75,2009.5
"63961",2009,2009.5,2009.5
"63962",2009.75,2009.75,2014.25
"63964",2012.75,2012.75,2013.5
"63965",2006.75,2008.25,2008.25
"63966",2005.75,2005.75,2005.75
"63967",2008.75,2008.75,2009
"64001",2005.5,2006.25,2006.25
"64011",2005.25,2005.5,2006.5
"64012",2005.75,2005.75,2005.75
"64014",2005.25,2005.25,2006.5
"64015",2005.5,2006,2006.5
"64016",2006.5,2006.5,2006.5
"64017",2005.5,2005.5,2005.5
"64018",2005.5,2006,2007.5
"64019",2005.5,2006,2007.25
"64020",2005.25,2005.25,2005.25
"64021",2005.25,2005.25,2005.25
"64022",2006.5,2006.5,2006.5
"64024",2005.25,2005.25,2005.5
"64029",2005.25,2005.25,2006.5
"64030",2006.25,2006.25,2006.25
"64034",2006.5,2006.5,2006.5
"64035",2006.5,2006.5,2006.5
"64036",2006.5,2006.5,2006.5
"64037",2005.25,2005.25,2005.25
"64040",2006,2006,2006
"64048",2005.5,2005.5,2007.5
"64050",2006,2006,2006
"64052",2006,2006,2006
"64053",2006,2006,2006
"64054",2006,2006,2006
"64055",2006,2006,2006
"64056",2006.5,2006.5,2006.5
"64057",2006,2006,2006.5
"64058",2005.5,2006,2006
"64060",2005.25,2007.5,2010.25
"64061",2005.75,2005.75,2006
"64062",2006.5,2007.5,2007.5
"64063",2005.5,2005.5,2005.5
"64064",2005.5,2005.5,2005.5
"64065",2005.5,2005.5,2005.5
"64066",2006.5,2006.5,2006.5
"64067",2006.5,2006.75,2010
"64068",2008,2008,2008
"64070",2005.25,2005.25,2005.75
"64071",2006.75,2006.75,2010
"64072",2005.5,2005.5,2005.5
"64074",2006.5,2006.5,2006.5
"64075",2005.25,2005.5,2006.5
"64076",2006.5,2006.5,2006.75
"64077",2005.5,2005.5,2005.5
"64078",2007.5,2007.5,2007.5
"64079",2006,2006,2006
"64080",2006.5,2006.5,2006.5
"64081",2005.5,2005.5,2005.5
"64082",2005.5,2005.5,2007.5
"64083",2007.5,2007.5,2007.5
"64084",2006.5,2006.5,2006.5
"64085",2006.5,2006.5,2010.75
"64086",2005.25,2005.25,2005.5
"64088",2005.5,2006.5,2006.5
"64089",2010,2010,2010
"64090",2006.5,2006.5,2006.5
"64092",2006.5,2006.5,2006.5
"64093",2005.75,2006,2006
"64096",2006.25,2006.25,2006.25
"64097",2006.5,2006.5,2006.5
"64098",2006,2006.25,2008.75
"64101",2003,2005.75,2005.75
"64102",2003,2005.75,2005.75
"64105",2003,2005.75,2005.75
"64106",2003,2005.75,2005.75
"64108",2003,2005.75,2005.75
"64109",2003,2005.75,2005.75
"64110",2003,2005.75,2005.75
"64111",2003,2005.75,2005.75
"64112",2003,2005.75,2005.75
"64113",2005.75,2005.75,2005.75
"64114",2006.25,2006.25,2006.25
"64116",2005.75,2006,2006
"64117",2006,2006,2007
"64118",2006,2006,2006
"64119",2006,2007,2008
"64120",2005.75,2006,2006
"64123",2005.75,2005.75,2005.75
"64124",2003,2005.75,2005.75
"64125",2006,2006,2006
"64126",2006,2006,2006
"64127",2003,2005.75,2005.75
"64128",2003,2005.75,2005.75
"64129",2006,2006,2006
"64130",2003,2005.75,2005.75
"64131",2006.25,2006.25,2006.25
"64132",2006.25,2006.25,2006.25
"64133",2006,2006,2006
"64134",2005.5,2005.5,2006.25
"64136",2006,2006,2006
"64137",2006.25,2006.25,2006.25
"64138",2005.5,2005.5,2005.5
"64139",2005.5,2005.5,2005.5
"64145",2006.25,2006.25,2006.25
"64146",2006.25,2006.25,2006.25
"64147",2005.75,2005.75,2005.75
"64149",2005.5,2007.5,2007.5
"64150",2006,2006,2006
"64151",2006,2006,2006
"64152",2006.5,2006.5,2006.5
"64153",2006.5,2006.5,2006.5
"64154",2006,2006,2007
"64155",2006,2006,2006
"64156",2007,2008,2008
"64157",2008,2008,2008
"64158",2008,2008,2008
"64161",2008,2008,2008
"64163",2010,2010,2010
"64164",2010,2010,2010
"64165",2010,2010,2010
"64166",2010,2010,2010
"64167",2010.25,2010.75,2011.25
"64192",2006.25,2006.25,2006.25
"64401",2005.5,2005.5,2005.5
"64402",2006.25,2006.25,2006.25
"64420",2008.5,2008.5,2008.5
"64421",2005.5,2005.5,2005.5
"64422",2007.75,2007.75,2009.25
"64423",2005.5,2005.75,2006
"64424",2005.5,2006.5,2006.5
"64426",2005.75,2005.75,2005.75
"64427",2005.5,2009.5,2009.5
"64428",2009.5,2010.25,2010.25
"64429",2006.25,2008.75,2009.25
"64430",2005.5,2006,2006
"64431",2006.25,2009.75,2010.25
"64432",2006.25,2008.5,2009.5
"64433",2006.25,2008.5,2009.5
"64434",2006,2007.75,2009.5
"64436",2005.5,2005.5,2005.5
"64437",2008.5,2008.5,2009.5
"64438",2005.5,2005.5,2005.5
"64439",2005.5,2005.5,2007.5
"64440",2005.5,2005.5,2005.5
"64441",2008.5,2008.5,2008.5
"64442",2005.75,2005.75,2006.25
"64443",2005.5,2005.5,2005.5
"64444",2007.5,2007.5,2007.5
"64445",2010.25,2010.25,2010.25
"64446",2008.75,2008.75,2008.75
"64448",2005.5,2005.5,2005.5
"64449",2005.5,2008,2009.5
"64451",2008.5,2009.75,2012.25
"64453",2008.5,2008.5,2008.5
"64454",2005.5,2005.5,2005.5
"64455",2005.75,2005.75,2005.75
"64456",2008.5,2008.5,2008.5
"64457",2005.75,2006.25,2008.5
"64458",2008.5,2008.5,2008.5
"64459",2005.5,2005.5,2005.5
"64461",2006,2006,2006
"64463",2005.5,2005.5,2005.5
"64465",2007.5,2007.5,2007.5
"64466",2005.75,2005.75,2005.75
"64467",2006.5,2008.5,2008.5
"64468",2005.5,2006,2006
"64469",2006,2007.75,2009.25
"64470",2009.75,2010.25,2010.75
"64471",2005.5,2006.25,2006.25
"64473",2005.5,2005.75,2008
"64474",2007.5,2007.75,2009.25
"64475",2005,2007,2008.5
"64476",2005,2006,2006
"64477",2005.5,2005.5,2005.5
"64479",2005,2005,2005
"64480",2005.5,2005.5,2005.75
"64481",2005.5,2005.75,2006.75
"64482",2008.75,2008.75,2008.75
"64483",2005.5,2009.5,2009.5
"64484",2005.5,2008.75,2008.75
"64485",2005.5,2005.5,2005.5
"64486",2008.5,2008.5,2008.5
"64487",2005.75,2008.75,2009.75
"64489",2005,2005,2005.75
"64490",2005.5,2006.25,2007.75
"64491",2008.75,2008.75,2008.75
"64492",2005.5,2007.25,2007.5
"64493",2006.25,2006.25,2006.25
"64494",2005.5,2005.5,2005.5
"64496",2008.75,2010.25,2010.75
"64497",2005.5,2005.5,2009.25
"64498",2008.75,2010.25,2010.25
"64499",2008.5,2008.5,2008.5
"64501",2005,2005,2005
"64503",2005,2005,2005
"64504",2005.5,2005.5,2005.5
"64505",2005,2005,2005
"64506",2005,2005,2005
"64507",2005.5,2005.5,2005.5
"64601",2005.5,2006.75,2009.5
"64620",2005.5,2005.5,2006.75
"64622",2005.75,2005.75,2005.75
"64623",2008.5,2009.5,2010.25
"64624",2008,2008.75,2008.75
"64625",2008.75,2009.5,2010.75
"64628",2008.75,2008.75,2010.25
"64630",2010.5,2011.5,2011.75
"64631",2008.75,2008.75,2008.75
"64632",2005.75,2006.5,2007.75
"64633",2006.25,2006.25,2006.5
"64635",2006,2006,2006.75
"64636",2006.5,2006.5,2006.75
"64637",2008.75,2008.75,2008.75
"64638",2006.75,2009.5,2009.5
"64639",2010.25,2010.25,2010.25
"64640",2005.5,2005.5,2005.75
"64641",2006.75,2009.5,2009.5
"64642",2007.75,2007.75,2008.5
"64643",2005.75,2005.75,2005.75
"64644",2008.75,2008.75,2009.25
"64645",2006.75,2006.75,2006.75
"64646",2009.5,2009.5,2009.5
"64647",2005.5,2005.5,2005.75
"64648",2005.75,2005.75,2005.75
"64649",2008.75,2008.75,2009.25
"64650",2008.75,2008.75,2008.75
"64651",2010.25,2010.25,2010.25
"64652",2006,2008.5,2009.5
"64653",2006.75,2010.25,2010.25
"64654",2006.75,2009.5,2009.5
"64655",2009,2009,2009
"64656",2009.5,2010.75,2010.75
"64657",2006.25,2006.5,2007
"64658",2005.5,2005.5,2005.5
"64659",2005.5,2005.5,2005.5
"64660",2009.5,2009.5,2009.5
"64661",2005.25,2005.5,2007.25
"64664",2009.5,2009.5,2009.5
"64667",2009,2009,2009
"64668",2006.5,2008,2008
"64670",2005.5,2006.5,2006.5
"64671",2008.75,2008.75,2008.75
"64672",2009,2009,2009
"64673",2007.25,2007.25,2007.75
"64674",2011.75,2011.75,2012.25
"64676",2009.5,2009.5,2010.25
"64679",2008.5,2009.5,2009.5
"64681",2009.5,2009.5,2010.25
"64682",2005.75,2005.75,2005.75
"64683",2006.75,2006.75,2007.75
"64686",2009.5,2009.5,2010.75
"64688",2005.5,2005.5,2005.5
"64689",2005.5,2006.75,2009.25
"64701",2005.75,2007.5,2008.5
"64720",2008.75,2009.75,2009.75
"64722",2008.25,2008.75,2008.75
"64723",2005.25,2008.25,2008.75
"64724",2006.5,2008.25,2008.25
"64725",2007.75,2008.5,2010.25
"64726",2005.5,2005.5,2005.75
"64728",2005,2005,2005
"64730",2006.5,2008.25,2009.75
"64733",2005.5,2005.5,2005.5
"64734",2008.5,2010.25,2010.25
"64735",2005,2005.5,2005.75
"64738",2005.5,2005.5,2005.5
"64739",2005.75,2006,2006
"64740",2005,2005,2005.25
"64741",2005,2005,2005
"64742",2007.75,2007.75,2007.75
"64743",2005.75,2005.75,2005.75
"64744",2008.75,2008.75,2009.5
"64745",2008.75,2008.75,2008.75
"64746",2008.5,2008.5,2010.25
"64747",2005.75,2005.75,2005.75
"64748",2005.75,2005.75,2005.75
"64750",2006.5,2006.5,2006.5
"64752",2006.5,2008.25,2008.75
"64755",2005.75,2007,2007
"64756",2008.75,2008.75,2008.75
"64759",2005.5,2005.75,2005.75
"64761",2006,2006,2006
"64762",2005,2005,2005.75
"64763",2005.5,2005.75,2006
"64765",2009.25,2009.75,2009.75
"64767",2009.25,2009.5,2009.5
"64769",2006.5,2008.25,2008.5
"64770",2008.25,2008.25,2008.25
"64771",2005,2005,2006.5
"64772",2009.25,2009.25,2009.25
"64776",2005.75,2006,2009
"64778",2009.25,2009.25,2009.5
"64779",2008.25,2009.25,2009.5
"64780",2006.5,2006.5,2006.5
"64781",2010.5,2010.5,2012.75
"64783",2006.5,2006.5,2006.5
"64784",2005.5,2005.75,2007.5
"64788",2006,2008.25,2010
"64790",2006.5,2006.5,2008.75
"64801",2005.25,2005.25,2005.25
"64804",2005.25,2005.25,2005.25
"64830",2005.25,2005.25,2005.5
"64831",2005.25,2005.25,2006.25
"64832",2005.5,2006.5,2008.5
"64833",2005.5,2005.5,2005.5
"64834",2005.5,2005.5,2005.5
"64835",2005.5,2005.5,2005.5
"64836",2005.25,2005.25,2005.5
"64840",2005.5,2005.5,2005.5
"64841",2005.25,2005.25,2005.25
"64842",2005,2005.75,2005.75
"64843",2006.25,2006.25,2006.25
"64844",2005.25,2005.25,2005.5
"64847",2005.25,2005.25,2005.25
"64848",2010,2010,2010
"64849",2005.5,2005.5,2005.5
"64850",2005.25,2005.25,2005.5
"64854",2005.25,2005.25,2008.25
"64855",2005.5,2005.5,2008.5
"64856",2005.25,2008.25,2008.75
"64857",2005.5,2005.5,2005.5
"64858",2005.25,2005.25,2005.25
"64859",2005.5,2005.5,2005.5
"64861",2005.5,2005.75,2006.75
"64862",2007.5,2007.5,2007.5
"64863",2006.5,2006.5,2006.5
"64865",2005.25,2006,2006.25
"64866",2005.5,2005.5,2005.5
"64867",2006.75,2006.75,2006.75
"64870",2005.5,2005.5,2005.5
"64873",2007.5,2007.5,2007.5
"64874",2005,2005.75,2005.75
"65001",2006.5,2006.5,2006.5
"65010",2006.5,2006.5,2006.5
"65011",2007.25,2007.5,2009
"65013",2006.5,2008.75,2009.25
"65014",2006.75,2008.75,2008.75
"65016",2006.75,2008.5,2009
"65017",2006.5,2006.5,2006.5
"65018",2005.25,2005.5,2008.5
"65020",2005.25,2005.25,2007.25
"65023",2006,2008.75,2008.75
"65024",2007.5,2009,2010
"65025",2005.25,2005.75,2006.75
"65026",2005.25,2007.25,2007.25
"65032",2005.75,2005.75,2005.75
"65034",2006,2006.75,2007
"65035",2006.5,2006.5,2006.5
"65037",2005.25,2005.25,2005.25
"65039",2005.25,2006.25,2008.75
"65040",2005.75,2005.75,2005.75
"65041",2005.75,2005.75,2005.75
"65043",2005.25,2005.25,2005.25
"65046",2005.25,2005.25,2005.25
"65047",2006.5,2006.5,2006.5
"65048",2006.5,2006.5,2006.5
"65049",2007.25,2007.25,2007.25
"65050",2006,2006.25,2006.75
"65051",2006.75,2008.75,2008.75
"65052",2005.25,2005.75,2006.5
"65053",2006,2006,2006
"65054",2006.5,2006.5,2006.5
"65058",2006.5,2006.75,2012.5
"65059",2006.75,2008.75,2009.25
"65061",2008.75,2010,2010
"65062",2008.75,2008.75,2010
"65063",2005.25,2006.5,2006.75
"65064",2005.25,2005.25,2005.25
"65065",2005.25,2005.25,2005.25
"65066",2006.75,2006.75,2007.75
"65067",2006.5,2008.75,2010
"65068",2005.25,2005.25,2005.25
"65069",2009.5,2010,2010
"65072",2007.25,2007.25,2007.25
"65074",2005.75,2005.75,2006
"65075",2006.5,2006.75,2010.5
"65076",2005.5,2005.75,2006.75
"65077",2006.5,2006.5,2006.5
"65078",2006.25,2006.75,2008
"65079",2005.25,2005.25,2005.25
"65080",2008.25,2009.25,2009.25
"65081",2005.25,2005.75,2006.75
"65082",2007.25,2007.25,2007.25
"65083",2006.5,2006.5,2007.25
"65084",2006.25,2006.25,2006.25
"65085",2006.5,2006.5,2006.5
"65101",2005.25,2005.25,2005.75
"65109",2005.75,2006,2006
"65201",2006.5,2006.5,2006.5
"65202",2005.5,2005.5,2006.25
"65203",2005.5,2008.5,2008.5
"65215",2005.5,2005.5,2005.5
"65230",2008.75,2008.75,2008.75
"65231",2006.25,2006.25,2006.25
"65232",2005.25,2005.25,2005.25
"65233",2005.25,2006.75,2006.75
"65236",2010.25,2010.25,2010.25
"65237",2005.75,2006.75,2008.25
"65239",2008.25,2008.25,2008.25
"65240",2006.25,2008.75,2009.5
"65243",2009.5,2009.5,2009.75
"65244",2008.75,2009,2009
"65246",2010.25,2010.5,2010.5
"65247",2008.25,2008.25,2008.25
"65248",2008,2008,2008
"65250",2005.5,2006.5,2006.75
"65251",2005.25,2006.25,2006.5
"65254",2008.5,2008.75,2008.75
"65255",2005.5,2006.75,2010
"65256",2008,2008,2008
"65257",2008,2008.75,2008.75
"65258",2009.5,2009.75,2009.75
"65259",2008.25,2008.25,2009
"65260",2008.25,2008.25,2008.25
"65261",2010.25,2010.5,2010.5
"65262",2006.25,2006.25,2006.25
"65263",2009.5,2009.75,2010
"65264",2006,2006,2006
"65265",2005.25,2005.25,2006
"65270",2005.5,2005.5,2005.5
"65274",2005.25,2006.75,2006.75
"65275",2009.5,2009.5,2009.5
"65276",2006.75,2008.75,2008.75
"65278",2009.5,2009.75,2009.75
"65279",2005.5,2006.75,2008
"65280",2006.5,2009.5,2010.25
"65281",2009.75,2009.75,2009.75
"65282",2006.25,2006.25,2006.25
"65283",2009,2009.5,2010.75
"65284",2008.75,2009.5,2009.5
"65285",2005.25,2005.25,2005.25
"65286",2009.5,2009.5,2009.5
"65287",2005.25,2005.25,2005.25
"65301",2005.75,2005.75,2006.5
"65305",2006,2006,2007
"65320",2005,2005.5,2006.75
"65321",2005.5,2006.25,2006.25
"65322",2005.5,2005.75,2006
"65323",2005,2005,2005
"65324",2005,2005,2007.25
"65325",2006.75,2006.75,2007.75
"65326",2008,2009.25,2012
"65327",2005.25,2005.25,2005.25
"65329",2005.25,2005.25,2005.25
"65330",2009,2010,2010.25
"65332",2005.75,2006.75,2006.75
"65333",2005.75,2005.75,2005.75
"65334",2005.75,2005.75,2005.75
"65335",2006.75,2006.75,2006.75
"65336",2005.75,2005.75,2006
"65337",2005.75,2005.75,2005.75
"65338",2005.75,2005.75,2005.75
"65339",2006.25,2006.25,2006.25
"65340",2005.5,2006.25,2006.75
"65344",2008.5,2010,2010.25
"65345",2006.75,2006.75,2006.75
"65347",2005.5,2005.75,2006.75
"65348",2005.25,2005.25,2005.25
"65349",2008.5,2008.75,2010
"65350",2005.75,2006.75,2006.75
"65351",2005.25,2005.5,2005.75
"65354",2005.25,2005.25,2005.25
"65355",2005.75,2008,2008
"65360",2005.75,2005.75,2005.75
"65401",2006.25,2006.25,2006.5
"65436",2006.5,2006.75,2010.5
"65438",2009.5,2009.75,2010
"65439",2014.75,2014.75,2014.75
"65440",2011.25,9999,9999
"65441",2006.75,2008.75,2009
"65443",2012.5,2014.5,2014.75
"65444",2009,2009,2009.75
"65446",2005.25,2009.5,2017.75
"65449",2009.5,2009.5,2009.75
"65452",2006.25,2006.25,2006.25
"65453",2006.5,2006.5,2006.5
"65456",2005.25,2017.75,2017.75
"65457",2006.75,2006.75,2006.75
"65459",2006.75,2008.5,2009
"65461",2006.5,2006.5,2006.5
"65462",2006.5,2006.5,2006.5
"65463",2009.75,2009.75,2009.75
"65464",2006.25,2006.25,2006.5
"65466",2011,2013.75,2015.75
"65468",2006.25,2006.25,2006.25
"65470",2009.75,2009.75,2011.25
"65473",2006,2006.5,2006.75
"65479",2010.5,2010.5,2013.75
"65483",2005.25,2005.25,2008
"65484",2009,2009,2009
"65486",2010,2010.5,2012.5
"65501",2010.5,2010.5,2013.75
"65529",2006.5,2006.5,2006.5
"65534",2008.5,2011.25,2011.75
"65535",2006.5,2006.5,2006.75
"65536",2007.5,2008.25,2009.75
"65541",2006.5,2006.5,2006.5
"65542",2009.75,2010.5,2010.5
"65543",2009.75,2011.25,2011.25
"65548",2005.25,2006.25,2006.25
"65550",2006.5,2006.75,2006.75
"65552",2009,2009.75,2012.5
"65555",2010.5,2010.5,2010.5
"65556",2006.25,2006.5,2006.5
"65557",2009.75,2012.5,2013.25
"65559",2006.5,2007.75,2009
"65560",2009.5,2010.5,2014.25
"65564",2005.25,2005.25,2005.25
"65565",2009,2009,2009.5
"65566",2014.75,2014.75,2014.75
"65567",2006.5,2006.5,2006.5
"65570",2009,2009,2009
"65571",2006.25,2006.25,2008.5
"65580",2006.5,2006.5,2006.5
"65582",2006.5,2006.5,2006.75
"65583",2005.75,2006,2006.5
"65584",2006.75,2006.75,2006.75
"65586",2009.5,2009.5,2010
"65588",2006.75,2006.75,2006.75
"65589",2006.25,2006.25,2006.25
"65590",2007,2008,2008.25
"65591",2006.5,2007.25,2007.25
"65601",2005,2005.75,2008.5
"65603",2007.5,2009.75,2009.75
"65604",2005.75,2007.25,2007.25
"65605",2007.25,2009.5,2009.75
"65606",2009.75,2009.75,2012.25
"65608",2006,2009,2010.5
"65609",2004.5,2007.25,2010
"65610",2009.25,2009.25,2009.25
"65611",2005,2005,2005
"65612",2007.25,2007.25,2007.25
"65613",2008.5,2009.5,2010
"65614",2006,2006,2007.5
"65616",2005,2005,2005
"65617",2006.75,2008.75,2009
"65618",2006.25,2007.25,2007.25
"65619",2006.5,2009.5,2009.5
"65620",2008.5,2008.5,2009.5
"65622",2005.5,2005.5,2008.75
"65623",2005.5,2005.5,2005.5
"65624",2009,2009.5,2009.5
"65625",2006.5,2008.75,2009.75
"65626",2006.25,2006.25,2007.25
"65627",2005,2005,2006.25
"65629",2007.75,2009.5,2009.5
"65630",2010,2010,2010
"65631",2008.5,2009.25,2009.5
"65632",2007.5,2008.25,2008.25
"65633",2009.75,2009.75,2009.75
"65634",2009.5,2009.5,2010
"65635",2005.75,2008.5,2009.75
"65637",2006.25,2006.25,2006.25
"65638",2006.25,2006.25,2007.25
"65640",2005,2005,2005
"65641",2008.25,2008.25,2008.25
"65644",2006.5,2008,2008.75
"65646",2005.75,2007.25,2008.5
"65647",2005.5,2005.5,2005.5
"65648",2006.75,2006.75,2006.75
"65649",2005,2005,2005
"65650",2009.5,2010,2010
"65652",2006,2006,2007
"65653",2005,2007.25,2009.5
"65654",2008.25,2009,2010
"65655",2007.25,2007.25,2007.25
"65656",2005.75,2007.25,2008.5
"65657",2006,2007.75,2008
"65658",2008.25,2008.5,2009.75
"65660",2009.75,2009.75,2009.75
"65661",2007.5,2008.5,2009.75
"65662",2006.5,2006.5,2008.25
"65663",2009.5,2009.5,2009.5
"65664",2007.25,2007.25,2007.25
"65667",2006.75,2006.75,2006.75
"65668",2009.5,2009.5,2009.5
"65669",2007.25,2007.25,2007.25
"65672",2005,2007.25,2009.25
"65674",2005.5,2005.5,2005.5
"65676",2004.25,2004.25,2007.25
"65679",2005,2005,2006
"65680",2005,2005,2005
"65681",2005,2005,2007.75
"65682",2005.75,2005.75,2005.75
"65685",2009.5,2010,2010
"65686",2007.75,2007.75,2007.75
"65689",2006.5,2009.75,2009.75
"65690",2012.25,2014.5,9999
"65692",2005.25,2008,2009.5
"65702",2006.75,2009,2010.25
"65704",2006.75,2006.75,2010.25
"65705",2009.25,2009.25,2009.75
"65706",2006.5,2006.5,2006.5
"65707",2009.75,2009.75,2009.75
"65708",2005.5,2005.5,2005.5
"65710",2005,2005,2008.5
"65711",2009,2009.75,2009.75
"65712",2005.25,2007.5,2009
"65713",2006.5,2006.5,2006.5
"65714",2005.25,2006.5,2008
"65715",2007.25,2007.25,2007.25
"65717",2009,2009,2010.25
"65720",2006,2007.75,2009.5
"65721",2007.25,2007.25,2007.25
"65722",2007.5,2008.25,2008.25
"65723",2005.5,2005.5,2005.5
"65724",2010,2010,2010
"65725",2006.75,2006.75,2006.75
"65727",2009.5,2009.5,2010
"65728",2007.25,2008,2008.5
"65729",2004.25,2007.25,2011.5
"65730",2007,2008.75,2010.75
"65731",2005,2005,2005
"65732",2009.5,2009.5,2010
"65733",2010.75,2010.75,2010.75
"65734",2005.5,2005.5,2005.5
"65735",2010,2010.5,2012.75
"65737",2007.75,2007.75,2007.75
"65738",2007.25,2007.25,2009.25
"65739",2007.25,2009.25,2009.25
"65740",2005,2005,2005
"65742",2006,2006,2006
"65744",2010.75,2010.75,2010.75
"65745",2005,2005,2005.5
"65746",2006,2007,2008.5
"65747",2009,2009,2009
"65752",2005.75,2008.5,2009.75
"65753",2006,2007.25,2009.5
"65754",2007.25,2009.25,2010
"65755",2006,2006,2006
"65756",2008.25,2009,2009.75
"65757",2007,2007,2007
"65759",2005,2006,2007.75
"65760",2006.75,2007.25,2010.5
"65761",2004.25,2007.25,2010.75
"65762",2007.25,2007.25,2007.25
"65764",2006,2012.25,2013
"65766",2006.75,2007.25,2007.25
"65767",2010,2010,2010
"65768",2009,2010.5,2010.5
"65769",2005.75,2005.75,2005.75
"65770",2005.75,2005.75,2008.5
"65771",2010,2010,2010
"65772",2005.5,2005.5,2008.25
"65773",2007.25,2010.5,2011.75
"65774",2005.5,2010,2010
"65775",2009.5,2009.5,2009.75
"65777",2009.5,2010,2010
"65778",2012.25,9999,9999
"65779",2010,2010,2010.5
"65781",2009,2009,2009
"65783",2007.5,2008.25,2008.75
"65784",2004.5,2010.5,2011.75
"65785",2005.75,2007.5,2008.75
"65786",2005.25,2010,2010
"65787",2005,2005,2005
"65788",2008.5,2009.5,2009.5
"65789",2008.5,2009.5,2009.75
"65790",2006.25,2006.25,2006.25
"65791",2008.75,2008.75,2009.75
"65793",2006.5,2006.5,2008.5
"65802",2005.75,2005.75,2005.75
"65803",2006.5,2006.5,2006.5
"65804",2005.25,2005.25,2006.5
"65806",2006.5,2006.5,2006.5
"65807",2005.75,2005.75,2006.5
"65809",2006.5,2006.5,2006.5
"65810",2005.25,2005.25,2006.5
"66002",2005.5,2005.5,2006.25
"66006",2006,2006,2006
"66007",2008.5,2008.5,2008.5
"66008",2006.5,2006.5,2006.5
"66010",2009.75,2009.75,2009.75
"66012",2007.25,2008,2008.5
"66013",2006.75,2008.25,2009.75
"66014",2009.25,2009.25,2009.25
"66015",2009.25,2009.75,2010.25
"66016",2005.5,2005.5,2005.5
"66017",2006.5,2006.5,2006.5
"66018",2009.75,2009.75,2009.75
"66019",2009.75,2009.75,2009.75
"66020",2006.25,2006.25,2006.25
"66021",2007.5,2007.5,2007.5
"66023",2005.75,2005.75,2005.75
"66024",2005,2005,2005
"66025",2007.5,2007.5,2007.5
"66026",2008.5,2008.5,2008.75
"66027",2006.25,2006.25,2006.25
"66030",2007.5,2007.5,2007.5
"66031",2007.5,2007.5,2007.5
"66032",2010,2010.5,2010.5
"66033",2010,2010,2010
"66035",2006.5,2008.75,2012.25
"66039",2009.75,2009.75,2010
"66040",2008.75,2008.75,2008.75
"66041",2006.5,2006.5,2006.75
"66042",2008.5,2008.75,2010
"66043",2006.5,2006.5,2006.5
"66044",2006.5,2006.5,2006.5
"66045",2010,2010,2010
"66046",2007.5,2007.5,2007.5
"66047",2010,2010,2010
"66048",2006.25,2006.25,2008.5
"66049",2006.75,2006.75,2006.75
"66050",2006.75,2008.75,2008.75
"66052",2006.5,2006.5,2007.5
"66053",2007.75,2007.75,2008.75
"66054",2008.5,2008.5,2008.5
"66056",2008.75,2009.25,2009.25
"66058",2006.75,2006.75,2006.75
"66060",2005.75,2005.75,2005.75
"66061",2005.5,2009.75,2009.75
"66062",2007,2008.5,2009.75
"66064",2008.5,2008.5,2008.5
"66066",2006.75,2008.75,2010
"66067",2006,2007.75,2007.75
"66070",2005,2005,2005
"66071",2008.5,2008.75,2008.75
"66072",2008.5,2008.75,2009.25
"66073",2006.75,2006.75,2006.75
"66075",2008.25,2008.25,2008.25
"66076",2007,2007,2007
"66078",2006,2006,2006
"66079",2005.25,2005.25,2005.25
"66080",2006,2008.75,2010.5
"66083",2007.5,2008.25,2008.75
"66085",2005.75,2005.75,2005.75
"66086",2006.5,2006.75,2008.5
"66087",2005.5,2005.5,2006.5
"66088",2005,2005,2006.25
"66090",2005,2005.5,2005.5
"66091",2008,2008,2008
"66092",2005.25,2006,2006
"66093",2007.25,2007.25,2007.25
"66094",2006.75,2008.75,2012.25
"66095",2007.75,2010,2010.75
"66097",2006.25,2006.25,2006.25
"66101",2003,2005.75,2005.75
"66102",2005.75,2006.25,2008.5
"66103",2003,2005.75,2005.75
"66104",2006,2006,2006.5
"66105",2003,2005.75,2005.75
"66106",2005.75,2008.5,2008.5
"66109",2006.5,2006.5,2006.5
"66111",2008.5,2008.5,2008.5
"66112",2008.5,2008.5,2008.5
"66115",2005.75,2006,2006
"66118",2003,2005.75,2005.75
"66202",2003,2005.75,2005.75
"66203",2008.5,2008.5,2008.5
"66204",2006.25,2006.25,2006.25
"66205",2003,2005.75,2005.75
"66206",2006.25,2006.25,2006.25
"66207",2006.25,2006.25,2006.25
"66208",2006.25,2006.25,2006.25
"66209",2006.25,2006.25,2006.25
"66210",2005.5,2005.5,2005.5
"66211",2006.25,2006.25,2006.25
"66212",2006.25,2006.25,2006.25
"66213",2005.5,2005.5,2005.5
"66214",2005.5,2005.5,2005.5
"66215",2005.5,2005.5,2005.5
"66216",2008.5,2008.5,2008.5
"66217",2008.5,2008.5,2008.5
"66218",2008.5,2008.5,2008.5
"66219",2005.5,2005.5,2005.5
"66220",2005.5,2005.5,2005.5
"66221",2005.5,2005.5,2005.5
"66223",2006.25,2006.25,2006.25
"66224",2006.25,2006.25,2006.25
"66226",2008.5,2008.5,2008.5
"66227",2005.5,2008.5,2009.75
"66401",2008.5,2008.5,2009.25
"66402",2005,2006.75,2006.75
"66403",2005.5,2007.25,2009.25
"66404",2009.25,2010.25,2010.5
"66406",2005.5,2005.5,2005.5
"66407",2007,2007,2007
"66408",2008,2008.75,2008.75
"66409",2007,2007.25,2008.75
"66411",2008.25,2008.25,2008.25
"66412",2010.75,2010.75,2010.75
"66413",2007.75,2009.5,2010
"66414",2007,2007.5,2008.75
"66415",2010.25,2010.5,2010.5
"66416",2009.75,2010.5,2010.5
"66417",2010.25,2010.5,2010.5
"66418",2010.5,2010.5,2010.5
"66419",2005,2005,2005
"66422",2010.25,2010.25,2010.5
"66423",2007.25,2009.25,2009.25
"66424",2006.5,2006.75,2006.75
"66425",2008.75,2008.75,2008.75
"66427",2008.25,2008.25,2008.75
"66428",2010.25,2010.5,2010.5
"66429",2008.75,2008.75,2008.75
"66431",2007.25,2007.25,2007.25
"66432",2010.25,2010.25,2010.25
"66434",2008,2008,2008.75
"66436",2006.75,2009.75,2009.75
"66438",2005.5,2005.5,2005.5
"66439",2006.75,2006.75,2006.75
"66440",2005,2005,2008.75
"66441",2006,2006,2006
"66442",2007.25,2007.25,2007.25
"66449",2008.25,2008.25,2008.25
"66451",2007.75,2007.75,2007.75
"66501",2009.5,2010.75,2010.75
"66502",2007.25,2008.75,2008.75
"66503",2007.5,2008.5,2009.25
"66506",2008.75,2010,2010
"66507",2005,2005,2006.5
"66508",2008.5,2009.75,2010.75
"66509",2009.75,2009.75,2009.75
"66510",2010,2010,2010
"66512",2005,2005,2005
"66514",2007.25,2007.25,2007.25
"66515",2008.75,2008.75,2008.75
"66516",2008.75,2008.75,2011.5
"66517",2008.75,2010,2010
"66518",2008.5,2010.75,2010.75
"66520",2008.25,2008.25,2008.25
"66521",2010.25,2010.25,2010.25
"66522",2008.75,2008.75,2008.75
"66523",2007.75,2007.75,2007.75
"66524",2006.75,2006.75,2006.75
"66526",2005,2005,2006.5
"66527",2006.75,2008.75,2008.75
"66528",2007,2007,2007
"66531",2007,2007,2007
"66532",2006.5,2006.5,2006.5
"66533",2008.75,2009.25,2009.25
"66534",2008.75,2008.75,2008.75
"66535",2007,2007,2008.25
"66536",2006.5,2006.5,2007
"66537",2007.75,2007.75,2009.5
"66538",2008.75,2009.25,2010.5
"66539",2007.75,2009.25,2009.25
"66540",2010.25,2010.5,2010.5
"66541",2009.25,2010.75,2010.75
"66542",2008.75,2008.75,2008.75
"66543",2007.75,2007.75,2007.75
"66544",2007.25,2008.5,2010.25
"66546",2007,2007.75,2009.25
"66547",2007,2007,2007
"66548",2008.25,2008.25,2008.25
"66549",2008.75,2008.75,2008.75
"66550",2008.75,2008.75,2010.5
"66552",2006.75,2006.75,2006.75
"66554",2007.5,2007.5,2007.5
"66603",2004,2004,2007
"66604",2004,2004,2007
"66605",2007,2007,2007
"66606",2004,2004,2007
"66607",2004,2007,2007
"66608",2004,2004,2007
"66609",2004,2004,2007
"66610",2005,2007,2007
"66611",2004,2004,2007
"66612",2004,2004,2007
"66614",2005,2007,2007
"66615",2005,2007,2007
"66616",2007,2007,2008.75
"66617",2005,2005,2007
"66618",2007,2007,2007
"66619",2007,2007.25,2008.75
"66621",2004,2004,2007
"66622",2004,2004,2007
"66701",2006.25,2006.25,2006.75
"66710",2005.75,2005.75,2005.75
"66711",2008.25,2008.25,2008.25
"66712",2006.5,2008.25,2008.25
"66713",2005,2005,2005
"66714",2007.25,2007.75,2008.25
"66716",2009.75,2009.75,2010.25
"66717",2007.75,2008.75,2009
"66720",2005.75,2007.25,2007.5
"66724",2005.25,2005.25,2005.25
"66725",2005,2005.25,2005.25
"66728",2005,2005,2005
"66732",2006.75,2007.25,2008.25
"66733",2005.25,2005.25,2006
"66734",2005.5,2006.5,2006.75
"66735",2006.5,2006.5,2006.5
"66736",2008.75,2008.75,2009
"66738",2008.75,2009.25,2009.75
"66739",2005,2006,2006
"66740",2006,2006,2006
"66741",2005,2005,2005
"66743",2006.5,2008.25,2009
"66746",2006.75,2006.75,2006.75
"66748",2006.75,2006.75,2007.25
"66749",2008,2009,2009.75
"66751",2009,2009.75,2010.25
"66753",2005.25,2005.25,2005.25
"66754",2009.75,2009.75,2009.75
"66755",2009.75,2009.75,2010.25
"66756",2006.5,2006.5,2006.5
"66757",2008.25,2008.25,2009.75
"66758",2009.75,2009.75,2009.75
"66760",2004.5,2005.25,2005.25
"66761",2007.25,2007.25,2007.25
"66762",2005.75,2005.75,2006.5
"66763",2006.5,2006.5,2006.5
"66767",2008.75,2009.25,2009.75
"66769",2006.75,2006.75,2006.75
"66770",2001,2001,2001
"66771",2005.5,2005.75,2006.5
"66772",2006.75,2006.75,2007.25
"66773",2005.25,2005.25,2005.25
"66775",2006.75,2006.75,2007.75
"66776",2006,2006,2006
"66777",2008.25,2008.25,2008.75
"66778",2005,2005,2005
"66779",2006.75,2006.75,2006.75
"66780",2009.5,2009.5,2009.5
"66781",2005,2005.25,2005.25
"66782",2005.25,2005.25,2005.25
"66783",2008.75,2008.75,2008.75
"66801",2007.25,2008.75,2008.75
"66830",2009.5,2009.5,2010
"66833",2007.25,2007.25,2007.25
"66834",2007.25,2008.5,2008.5
"66835",2008.75,2008.75,2009.5
"66838",2009.5,2009.5,2009.75
"66839",2009.25,2009.75,2010.75
"66840",2006,2006.5,2008.25
"66842",2006.5,2006.5,2006.5
"66843",2005.75,2005.75,2006
"66845",2006,2006.75,2009.5
"66846",2007.5,2008.25,2009.5
"66849",2006.25,2007.25,2008.25
"66850",2008.25,2008.25,2008.25
"66851",2009.5,2009.5,2009.5
"66852",2009,2009.25,2009.25
"66853",2008.75,2009,2009
"66854",2008.5,2008.5,2008.5
"66856",2007.75,2008.75,2010
"66857",2009.75,2009.75,2009.75
"66858",2008.25,2008.25,2008.5
"66859",2008.25,2008.5,2009.75
"66860",2009,2009,2009.25
"66861",2005.75,2006,2008.25
"66862",2008.25,2009.5,2009.5
"66863",2008.25,2008.25,2008.25
"66864",2008.5,2008.5,2008.5
"66865",2006.75,2006.75,2006.75
"66866",2008.75,2008.75,2008.75
"66868",2007.75,2008.5,2009.5
"66869",2009.5,2009.5,2009.5
"66870",2009,2009,2009.25
"66871",2007.25,2010,2010
"66872",2008.25,2008.5,2009.25
"66873",2009.5,2009.75,2009.75
"66901",2008,2008,2008.75
"66930",2008.75,2008.75,2008.75
"66932",2005.5,2005.5,2005.5
"66933",2008.25,2008.75,2009
"66935",2008.75,2008.75,2008.75
"66936",2007.75,2010.75,2010.75
"66937",2008.75,2009,2009
"66938",2008.75,2008.75,2008.75
"66939",2008.75,2010.25,2010.25
"66940",2008.75,2008.75,2008.75
"66941",2007.25,2007.75,2007.75
"66942",2010.75,2010.75,2012.5
"66943",2008.75,2009,2009
"66944",2009,2009,2009
"66945",2009,2009.75,2010.75
"66946",2009,2009,2009
"66948",2008.75,2009,2009
"66949",2009,2009,2009
"66951",2005.5,2005.5,2007.25
"66952",2007.75,2012,2012
"66953",2009,2009,2009
"66955",2008.75,2008.75,2009
"66956",2010.75,2010.75,2010.75
"66958",2009,2009,2009
"66959",2008.75,2008.75,2012.75
"66960",2008.75,2008.75,2012.75
"66962",2007.5,2008.75,2009
"66963",2009,2009,2009
"66964",2010.25,2010.25,2010.25
"66966",2008,2008,2008.75
"66967",2007.5,2012,2012
"66968",2008.75,2008.75,2009
"66970",2010.75,2010.75,2012.5
"67001",2007.75,2008.5,2008.75
"67002",2009.25,2009.25,2009.25
"67003",2006.25,2006.25,2006.25
"67004",2006.25,2006.5,2007.25
"67005",2006,2006,2006
"67008",2007,2007,2008.75
"67009",2006,2006.25,2006.25
"67010",2005.75,2005.75,2009.25
"67012",2008.75,2008.75,2009
"67013",2008.5,2010.5,2010.5
"67016",2007.25,2007.75,2008.25
"67017",2005.5,2005.5,2005.5
"67018",2006.5,2006.5,2008
"67019",2009,2009,2009
"67020",2007.25,2007.25,2009.5
"67021",2005.75,2005.75,2005.75
"67022",2006.25,2006.25,2006.25
"67023",2009,2009,2009
"67024",2009,2010.75,2010.75
"67025",2007,2007.5,2007.5
"67026",2006.5,2006.5,2006.5
"67028",2005.75,2006,2006.5
"67029",2010.5,2010.5,2010.5
"67030",2006.5,2006.5,2007.75
"67031",2006,2006.5,2008.75
"67035",2006,2006,2006.25
"67036",2006.25,2006.25,2006.5
"67037",2005.5,2006.25,2006.25
"67038",2007,2007,2007
"67039",2006.25,2006.25,2006.25
"67041",2008.75,2008.75,2008.75
"67042",2005.75,2006,2006
"67045",2007,2008.75,2008.75
"67047",2005,2005,2005
"67049",2006.25,2006.25,2006.25
"67050",2008.5,2009,2009.5
"67051",2006.25,2006.25,2006.25
"67052",2008.75,2009.25,2009.75
"67053",2008.5,2008.5,2008.5
"67054",2005.75,2005.75,2006
"67055",2007,2007,2007
"67056",2007.25,2007.75,2009.75
"67057",2007,2011.5,2013.25
"67058",2006.25,2006.25,2006.5
"67059",2005.5,2005.75,2005.75
"67060",2006.25,2006.25,2006.5
"67061",2006.25,2006.25,2006.25
"67062",2006.75,2006.75,2007.25
"67063",2006,2006,2006
"67065",2005.5,2006,2006
"67066",2005.5,2005.75,2005.75
"67067",2007,2007,2007
"67068",2006,2006.5,2008.5
"67070",2006.25,2006.25,2006.25
"67071",2006.5,2006.5,2006.5
"67072",2008.5,2009,2009
"67073",2006,2006,2006
"67074",2005.75,2005.75,2006.25
"67101",2005.5,2006.5,2006.5
"67103",2005.25,2005.25,2005.25
"67104",2006.25,2006.25,2006.25
"67105",2005.25,2005.25,2005.25
"67106",2008.75,2008.75,2008.75
"67107",2005.5,2006.75,2006.75
"67108",2007,2007.25,2007.25
"67109",2005.5,2005.75,2005.75
"67110",2006.25,2006.25,2006.25
"67111",2006,2006,2006
"67112",2005.5,2006,2006
"67114",2008.5,2008.5,2008.75
"67117",2008.75,2008.75,2008.75
"67118",2007.5,2008.75,2008.75
"67119",2008.5,2008.5,2008.5
"67120",2006.5,2006.5,2006.5
"67122",2008.75,2008.75,2009
"67123",2009.25,2009.25,2009.5
"67124",2005.75,2005.75,2005.75
"67127",2010.5,2010.5,2010.5
"67131",2006.25,2006.25,2006.25
"67132",2006.5,2007,2007
"67133",2006.25,2006.25,2007.75
"67134",2006,2006,2006
"67135",2007,2007.25,2007.25
"67137",2005,2005,2008.25
"67138",2006.25,2006.25,2006.25
"67140",2006.25,2006.25,2006.25
"67142",2006.5,2008.75,2008.75
"67143",2006.5,2006.5,2006.5
"67144",2005.5,2005.5,2005.5
"67146",2005.5,2005.5,2005.5
"67147",2006.5,2006.5,2006.5
"67149",2009.5,2009.5,2009.5
"67150",2006.25,2006.25,2006.25
"67151",2008.5,2008.75,2008.75
"67152",2006,2006,2006.25
"67154",2009.25,2009.25,2009.25
"67155",2006.5,2006.5,2007
"67156",2006.25,2006.25,2008.5
"67159",2006,2006,2006.25
"67202",2005,2005,2005
"67203",2006.25,2006.25,2006.25
"67204",2006.5,2006.5,2006.5
"67205",2005.5,2006.5,2006.5
"67206",2005,2005,2005
"67207",2005,2005,2005
"67208",2005,2005,2005
"67209",2006.25,2006.25,2006.25
"67210",2005,2005,2005
"67211",2005,2005,2005
"67212",2006.25,2006.25,2006.25
"67213",2006.25,2006.25,2006.25
"67214",2005,2005,2005
"67215",2006.25,2006.25,2006.25
"67216",2005,2005,2005
"67217",2006.25,2006.25,2006.25
"67218",2005,2005,2005
"67219",2007,2007,2007
"67220",2007,2007,2007
"67223",2005.5,2006.5,2006.5
"67226",2007,2007,2007
"67227",2006.25,2006.25,2006.25
"67228",2005.5,2005.5,2005.5
"67230",2005,2005,2008.25
"67232",2005,2005,2005
"67235",2006.25,2006.25,2006.25
"67260",2005,2007,2007
"67301",2006,2006,2006
"67330",2006,2006,2006
"67332",2006,2006.25,2009.75
"67333",2005,2006,2006
"67334",2009,2009.5,2010.75
"67335",2006,2006,2006.25
"67336",2005,2006,2009.25
"67337",2006.25,2006.25,2006.25
"67340",2006.5,2007,2007.5
"67341",2005,2005,2005
"67342",2005,2006.25,2009.75
"67344",2008.25,2009,2009.75
"67345",2008.25,2008.25,2008.25
"67346",2008.75,2008.75,2008.75
"67347",2006,2006.25,2006.5
"67349",2008.25,2008.25,2008.75
"67351",2006.25,2006.5,2007.5
"67352",2008.75,2008.75,2008.75
"67353",2008.25,2008.25,2009
"67354",2005,2005,2006
"67355",2006,2006.5,2007.5
"67356",2005.5,2005.75,2006
"67357",2005.25,2006,2006
"67360",2007.25,2007.25,2007.75
"67361",2007.25,2008.75,2009.5
"67363",2005,2005,2005
"67364",2006,2006.5,2007.5
"67401",2005.25,2006,2008
"67410",2006,2007.75,2007.75
"67416",2006,2006,2006
"67417",2008,2008,2008.75
"67418",2010.75,2010.75,2010.75
"67420",2005.5,2005.5,2008.75
"67422",2007,2007,2007
"67423",2008,2008,2008
"67425",2008,2008,2008
"67427",2005.75,2006.5,2007.25
"67428",2006,2006.75,2008.5
"67430",2008.75,2008.75,2010.75
"67431",2006,2007.25,2008.75
"67432",2005.5,2005.5,2007.5
"67436",2007.5,2007.5,2007.5
"67437",2008.75,2008.75,2012
"67438",2006,2008.5,2008.5
"67439",2005.5,2005.5,2005.75
"67441",2007.75,2007.75,2008.75
"67442",2006,2006,2006
"67443",2008.5,2008.5,2008.5
"67444",2008,2008,2008
"67445",2008,2008,2008
"67446",2008.75,2008.75,2008.75
"67447",2007.5,2007.5,2007.5
"67448",2006,2006,2008.75
"67449",2008.25,2008.25,2008.25
"67450",2005.75,2005.75,2005.75
"67451",2008.25,2009.75,2009.75
"67452",2007,2010,2010.75
"67454",2005.5,2005.5,2005.5
"67455",2008,2008,2010
"67456",2006,2006,2006
"67457",2008.75,2009,2009.75
"67458",2005.5,2005.5,2007.5
"67459",2005.75,2005.75,2005.75
"67460",2006,2006.75,2008.5
"67464",2008,2008,2008
"67466",2005.5,2007.5,2008
"67467",2007,2007.5,2007.5
"67468",2008.5,2008.75,2008.75
"67470",2008.75,2008.75,2008.75
"67473",2012,2012,2012
"67474",2012,2012,2012
"67475",2008.25,2008.25,2008.5
"67478",2005.5,2005.5,2005.5
"67480",2008.5,2009.25,2010.25
"67481",2007,2007,2007.25
"67482",2005.5,2005.5,2005.5
"67483",2008.5,2008.5,2009.75
"67484",2008,2008,2008
"67485",2005.5,2005.5,2005.5
"67487",2005,2005,2005
"67490",2005.5,2007,2007
"67491",2009,2009,2009
"67492",2009.25,2009.25,2010
"67501",2007,2008.75,2008.75
"67502",2009,2009,2009
"67505",2005,2005,2007
"67510",2007,2008.25,2008.5
"67511",2004,2006,2006
"67512",2006.5,2006.5,2006.5
"67513",2006.75,2006.75,2006.75
"67514",2006,2007.25,2008.25
"67515",2005.5,2005.5,2005.5
"67516",2006.75,2010.5,2010.5
"67518",2005.5,2005.5,2005.5
"67519",2010,2010,2010
"67520",2007.75,2007.75,2007.75
"67521",2006.75,2006.75,2006.75
"67522",2005.5,2009.5,2009.5
"67523",2006,2010.5,2010.5
"67524",2006.5,2006.5,2007.25
"67525",2005.75,2005.75,2005.75
"67526",2006.5,2006.5,2006.5
"67529",2010,2010.5,2010.5
"67530",2005.75,2005.75,2006
"67543",2007,2007.25,2009.5
"67544",2005.75,2005.75,2006
"67545",2008.5,2009.25,2012.75
"67546",2005.5,2009,2009
"67547",2006,2006,2006
"67548",2005.5,2007.75,2007.75
"67550",2010,2010.5,2010.5
"67552",2005.75,2008.5,2010
"67553",2005.5,2005.5,2005.5
"67554",2009,2010,2010.75
"67556",2006.75,2006.75,2006.75
"67557",2005.75,2005.75,2005.75
"67559",2006.75,2006.75,2011.5
"67560",2006,2006.75,2006.75
"67561",2006.5,2007,2008.25
"67563",2006,2006,2006
"67564",2005.75,2006,2006
"67565",2005.5,2006,2007.75
"67566",2007,2007.25,2008.5
"67567",2006,2006,2006
"67568",2006.5,2007,2007.25
"67570",2005.25,2005.25,2007
"67572",2006.75,2009,2009
"67573",2006.5,2006.5,2006.5
"67574",2010.5,2010.5,2011.5
"67575",2007.75,2011,2011.5
"67576",2006,2008.5,2008.5
"67578",2008.5,2009.25,2009.25
"67579",2006.5,2006.5,2007
"67581",2006.5,2007.25,2007.25
"67583",2007.25,2007.25,2007.25
"67584",2009,2010.5,2010.5
"67601",2006.5,2006.5,2006.5
"67621",2005.5,2005.5,2005.5
"67622",2006.25,2006.25,2006.25
"67623",2009.75,2011.5,2012
"67625",2008.25,2009.75,2009.75
"67626",2008.75,2009.75,2010
"67628",2005.5,2009.5,2009.5
"67629",2005.5,2005.75,2005.75
"67631",2007.75,2007.75,2009
"67632",2009.75,2009.75,2009.75
"67634",2007.25,2008.5,2008.75
"67635",2005.75,2005.75,2005.75
"67637",2006.5,2009,2010.5
"67638",2009.5,2009.5,2012
"67639",2008.25,2008.25,2009.25
"67640",2005.5,2007.75,2008.5
"67642",2007,2008.25,2008.25
"67643",2005.75,2005.75,2005.75
"67644",2005.5,2005.5,2009.5
"67645",2007.25,2008.25,2009.25
"67646",2006.5,2006.5,2008.25
"67647",2005.5,2005.5,2005.5
"67648",2007,2007,2008
"67649",2007,2007,2009.75
"67650",2008.25,2008.25,2010
"67651",2009.75,2010,2010
"67653",2005.5,2005.5,2005.5
"67654",2008.25,2009.5,2009.5
"67656",2007.75,2009,2010.5
"67657",2008.25,2009.75,2009.75
"67658",2009.75,2009.75,2009.75
"67659",2008.25,2008.25,2010
"67660",2005.5,2005.5,2005.5
"67661",2006.5,2008,2008.25
"67663",2009.75,2010,2010
"67664",2005.5,2005.5,2005.5
"67665",2008.5,2008.5,2009.75
"67667",2005.5,2005.5,2005.5
"67669",2009.5,2009.75,2010
"67671",2006.5,2006.5,2007.75
"67672",2007.75,2007.75,2008.25
"67673",2009.75,2009.75,2009.75
"67674",2005.5,2005.5,2006.5
"67675",2010,2010,2010
"67701",2007,2007.75,2008.25
"67730",2007,2007.5,2011.25
"67731",2010.25,2010.25,2010.25
"67732",2007.75,2008.75,2010.5
"67733",2007.25,2007.75,2007.75
"67734",2008.25,2008.25,2008.25
"67735",2007.25,2007.25,2007.75
"67736",2010.5,2010.5,2010.5
"67737",2007.75,2007.75,2010.5
"67738",2007.75,2007.75,2010.5
"67739",2007,2007,2007
"67740",2005.5,2005.75,2005.75
"67741",2007.75,2007.75,2007.75
"67743",2007,2007,2007.75
"67744",2007,2007,2007
"67745",2007.5,2010.25,2011.25
"67747",2007,2007,2007
"67748",2005.5,2007,2008.25
"67749",2006.5,2006.75,2006.75
"67751",2010.5,2010.5,2010.5
"67752",2009,2010.5,2010.5
"67753",2007.5,2008.25,2008.25
"67756",2007,2007.25,2008.25
"67757",2005.75,2006.75,2008.25
"67758",2007,2007,2009
"67761",2007,2007,2007
"67762",2009,2009,2009
"67764",2007,2007,2007
"67801",2005.75,2005.75,2005.75
"67831",2005.75,2005.75,2005.75
"67834",2005.75,2005.75,2007
"67835",2005.75,2005.75,2006
"67836",2007.75,2007.75,2007.75
"67837",2007,2007.25,2008.5
"67838",2006,2006,2006
"67839",2010.5,2010.5,2010.5
"67840",2005.75,2005.75,2005.75
"67841",2005.75,2005.75,2005.75
"67842",2005.75,2005.75,2005.75
"67843",2005.75,2005.75,2005.75
"67844",2005.75,2005.75,2005.75
"67846",2006,2006,2007.75
"67849",2005.75,2005.75,2005.75
"67850",2007.75,2007.75,2007.75
"67851",2006,2007.75,2007.75
"67853",2005.75,2005.75,2006
"67854",2006,2006,2007
"67855",2006,2007.75,2007.75
"67857",2007.75,2007.75,2007.75
"67859",2005.75,2006,2006
"67860",2007.75,2007.75,2007.75
"67861",2007.75,2008.5,2010
"67862",2006,2007.75,2007.75
"67863",2007,2007.75,2007.75
"67864",2005.75,2005.75,2005.75
"67865",2005.75,2005.75,2005.75
"67867",2005.75,2005.75,2006
"67868",2005.75,2005.75,2005.75
"67869",2005.75,2005.75,2006
"67870",2007.75,2008.5,2008.5
"67871",2007.75,2009.75,2010
"67876",2005.75,2006,2006
"67877",2008.25,2008.5,2010.5
"67878",2007.75,2007.75,2007.75
"67879",2007,2007.75,2010
"67880",2007.75,2008.5,2009
"67882",2005.75,2005.75,2005.75
"67901",2005.75,2005.75,2006
"67950",2010.5,2010.5,2010.5
"67951",2008,2008,2009
"67952",2005.75,2005.75,2008
"67953",2010.5,2010.5,2010.5
"67954",2009.75,2010.5,2010.5
"68001",2006,2006,2007.25
"68002",2006,2006,2006
"68003",2005.75,2005.75,2007
"68004",2007,2007.25,2008.25
"68005",2005.25,2005.25,2005.25
"68007",2005,2005,2005
"68008",2006.75,2007.75,2007.75
"68010",2005,2005,2005
"68014",2006,2006,2006.75
"68015",2005.25,2005.25,2005.5
"68016",2010.75,2010.75,2010.75
"68017",2005.75,2006.75,2006.75
"68018",2006.75,2006.75,2006.75
"68019",2008.25,2009,2010.5
"68020",2007.5,2007.5,2009
"68022",2005,2005,2005
"68023",2007.75,2007.75,2007.75
"68025",2005.25,2005.25,2006
"68028",2005.75,2007,2010.5
"68029",2006.75,2006.75,2006.75
"68030",2006.5,2007,2007
"68031",2006.75,2006.75,2006.75
"68033",2007,2007,2007
"68034",2006,2006,2006
"68036",2006.75,2006.75,2006.75
"68037",2007.75,2010,2010.75
"68038",2007.25,2007.5,2008.25
"68039",2007.5,2007.5,2010.5
"68040",2006.75,2006.75,2006.75
"68041",2007,2007,2007
"68042",2007,2007,2007
"68044",2006.75,2006.75,2006.75
"68045",2007,2007,2008.25
"68046",2005.25,2005.25,2005.25
"68047",2006.75,2006.75,2006.75
"68048",2007,2010.75,2010.75
"68050",2006,2006,2006
"68055",2008,2009,2011.5
"68057",2007.5,2009,2009
"68058",2005.75,2005.75,2005.75
"68059",2005.75,2005.75,2010.75
"68061",2006.75,2007,2007.75
"68062",2006.75,2006.75,2006.75
"68063",2009,2009,2009.5
"68064",2005,2005,2005.25
"68065",2006,2006.75,2007.5
"68066",2006.75,2006.75,2006.75
"68067",2006.25,2006.25,2006.75
"68068",2006,2006,2006
"68069",2005,2006.25,2007
"68070",2006,2006,2006.75
"68071",2006.25,2006.75,2008.25
"68072",2006.75,2006.75,2006.75
"68073",2007,2007,2007
"68102",2005.25,2005.25,2005.25
"68104",2005,2005,2005
"68105",2002.5,2005.25,2005.25
"68106",2005,2005.25,2005.25
"68107",2002.5,2005.25,2005.25
"68108",2002.5,2005.25,2005.25
"68110",2005,2005,2005
"68111",2005,2005,2005
"68112",2005,2005,2005
"68113",2005.25,2005.25,2005.25
"68114",2005,2005,2005
"68116",2005,2005,2005
"68117",2005,2005.25,2005.25
"68118",2005,2005,2005
"68122",2005,2005,2005
"68123",2005.25,2005.25,2005.25
"68124",2005,2005.25,2005.25
"68127",2005,2005.25,2005.25
"68128",2005,2005.25,2005.25
"68130",2006.75,2010,2010.5
"68131",2005,2005.25,2005.25
"68132",2005,2005,2005
"68133",2005.25,2005.5,2006.5
"68134",2005,2005,2005
"68135",2007.5,2010.25,2010.75
"68136",2007.5,2010.25,2010.75
"68137",2005,2005.25,2005.25
"68138",2005,2005.25,2005.25
"68142",2005,2005,2005
"68144",2005,2005.25,2005.25
"68147",2002.5,2005.25,2005.25
"68152",2005,2005,2005
"68154",2005,2005,2005
"68157",2005,2005.25,2005.25
"68164",2005,2005,2005
"68178",2005,2005,2005
"68301",2008.75,2009.5,2009.75
"68303",2006.5,2006.5,2006.5
"68304",2007.5,2007.5,2007.5
"68305",2006.75,2006.75,2007.75
"68307",2006,2006,2010.75
"68309",2008.5,2010.75,2010.75
"68310",2007,2007,2009.5
"68313",2005,2005,2005.25
"68314",2005,2005,2005
"68315",2006.5,2006.5,2006.5
"68316",2005.75,2005.75,2007
"68317",2005.75,2005.75,2006.5
"68318",2007,2007,2007
"68319",2005.25,2006.75,2006.75
"68320",2008,2008,2008
"68321",2008.25,2010.25,2010.75
"68322",2006.5,2006.5,2006.5
"68323",2010.75,2010.75,2010.75
"68324",2009.75,2009.75,2010.75
"68325",2010.25,2010.25,2010.25
"68326",2006.5,2006.5,2010.75
"68327",2006.5,2006.5,2008.75
"68328",2006.25,2006.25,2008.5
"68329",2008,2008,2008
"68331",2006.25,2006.25,2008.5
"68332",2009.5,2009.5,2009.5
"68333",2006.25,2006.25,2006.25
"68335",2010.75,2010.75,2010.75
"68336",2006.5,2006.5,2006.75
"68337",2008.25,2008.25,2009.25
"68338",2006.25,2006.5,2006.5
"68339",2007,2007,2007
"68340",2006.5,2006.5,2006.5
"68341",2007,2008.5,2008.5
"68342",2006,2007,2007
"68343",2006.25,2006.25,2007
"68344",2009.75,2009.75,2009.75
"68345",2008,2008,2008
"68346",2006,2007.75,2010
"68347",2006.5,2006.5,2007.5
"68348",2009.25,2009.25,2009.5
"68349",2010,2010,2010
"68350",2008.75,2009,2009
"68351",2005.75,2006.5,2006.75
"68352",2006,2006,2006.25
"68354",2006.5,2006.75,2006.75
"68355",2008,2008.5,2008.75
"68357",2009.5,2009.5,2009.5
"68358",2005.75,2005.75,2005.75
"68359",2006.25,2006.5,2006.75
"68360",2005,2005,2005
"68361",2005.75,2006.5,2006.5
"68362",2008.75,2008.75,2011
"68364",2005,2005.25,2006
"68365",2006.5,2006.75,2006.75
"68366",2005.75,2005.75,2007.5
"68367",2005.25,2007,2008.5
"68368",2008.5,2009.75,2012.5
"68370",2006.5,2006.5,2006.5
"68371",2006.75,2006.75,2006.75
"68372",2005.75,2005.75,2005.75
"68375",2008.75,2008.75,2011
"68376",2008,2008,2008
"68377",2006,2006.25,2006.25
"68378",2008,2008,2008
"68379",2008,2008,2010.75
"68380",2009.5,2009.5,2009.5
"68381",2007,2007.25,2008.5
"68382",2010.75,2010.75,2010.75
"68401",2005.25,2005.75,2006.75
"68402",2007.5,2007.5,2007.5
"68403",2010,2010,2010
"68404",2007,2007,2008.75
"68405",2006,2006,2006.25
"68406",2006.5,2006.5,2006.5
"68407",2010,2010,2010
"68409",2010.75,2010.75,2010.75
"68410",2007.75,2007.75,2007.75
"68413",2006,2006,2007.75
"68414",2006.75,2008.75,2010.75
"68415",2006,2007,2008.75
"68416",2006.5,2006.5,2006.5
"68417",2006,2006,2006
"68418",2006.5,2006.5,2006.5
"68419",2005.75,2005.75,2005.75
"68420",2009.25,2010.75,2010.75
"68421",2008,2008.75,2010.75
"68422",2006.25,2006.25,2008.5
"68423",2000.25,2006,2006
"68424",2006.25,2006.25,2007
"68428",2006.5,2007.5,2007.5
"68430",2005,2005,2005.75
"68431",2008.5,2008.5,2010.75
"68433",2009.25,2010.5,2010.75
"68434",2005,2005,2007
"68436",2006.5,2010.75,2010.75
"68437",2010.75,2010.75,2010.75
"68438",2009.25,2009.75,2012.5
"68439",2005,2007,2007
"68440",2006,2007,2008.75
"68441",2010.75,2010.75,2010.75
"68442",2008.25,2008.25,2008.25
"68443",2009.5,2009.5,2009.5
"68444",2006.5,2006.5,2006.5
"68445",2006.25,2006.25,2006.25
"68446",2010.75,2010.75,2010.75
"68447",2008,2008.25,2010.75
"68448",2008,2009.5,2010.75
"68450",2008,2008.25,2009.5
"68452",2009,2009,2010.75
"68453",2006.5,2006.5,2006.5
"68454",2010.75,2010.75,2010.75
"68455",2005.25,2005.25,2010.75
"68456",2005,2005,2005
"68457",2008.25,2008.25,2010.75
"68458",2007,2009.5,2009.5
"68460",2005,2005,2005
"68461",2005,2006.5,2006.5
"68462",2006.5,2006.5,2007.5
"68463",2010,2010,2010
"68464",2006.25,2006.25,2006.25
"68465",2006.25,2006.25,2006.25
"68466",2007,2007,2007.25
"68467",2005.25,2005.25,2005.75
"68502",2005,2006.5,2006.5
"68503",2006.5,2006.5,2006.5
"68504",2006.5,2006.5,2006.5
"68505",2006.5,2006.5,2006.5
"68506",2005,2005,2005
"68507",2006.5,2006.5,2006.5
"68508",2006.5,2006.5,2006.5
"68510",2006.5,2006.5,2006.5
"68512",2005,2007,2007
"68514",2006.5,2006.5,2006.5
"68516",2005,2005,2005
"68517",2006.5,2006.5,2006.5
"68520",2006.5,2006.5,2006.5
"68521",2006.5,2006.5,2006.5
"68522",2007,2007,2007
"68523",2007,2007,2007
"68524",2007.5,2007.5,2007.5
"68526",2005,2005,2005
"68527",2006.5,2006.5,2007.5
"68528",2007.5,2007.5,2007.5
"68531",2006.5,2007.5,2007.5
"68532",2007,2007.5,2007.5
"68601",2005.25,2007.25,2008
"68620",2006.25,2006.75,2007
"68621",2005.25,2005.25,2005.25
"68622",2007.25,2009.25,2009.25
"68623",2006.25,2006.25,2006.25
"68624",2007.5,2008.5,2008.5
"68626",2005.25,2006,2006.75
"68627",2006.25,2006.25,2006.25
"68628",2009,2009.25,2009.25
"68629",2008.5,2008.75,2008.75
"68631",2007.5,2008,2008.5
"68632",2007.25,2008,2009.25
"68633",2009,2009,2009
"68634",2005.25,2005.25,2005.25
"68635",2005,2006,2006.75
"68636",2006.75,2006.75,2006.75
"68637",2009.25,2009.25,2010.5
"68638",2009,2010.75,2010.75
"68640",2008.5,2008.5,2008.5
"68641",2008.5,2008.75,2009
"68642",2007.25,2007.5,2007.5
"68643",2007.5,2008,2008.5
"68644",2006,2006.5,2007.25
"68647",2005.25,2005.25,2005.25
"68648",2006,2006.75,2007
"68649",2006.75,2007.25,2007.5
"68651",2008.5,2008.5,2008.5
"68652",2006.75,2006.75,2006.75
"68653",2005.25,2005.25,2005.25
"68654",2007,2008.5,2008.5
"68655",2006,2006,2006
"68658",2008.5,2009.25,2010.25
"68659",2007.5,2008.75,2009
"68660",2008.5,2008.5,2008.5
"68661",2006.75,2006.75,2008
"68662",2007.25,2007.25,2007.25
"68663",2008.5,2008.5,2008.5
"68664",2009,2009,2009
"68665",2006,2006,2006.75
"68666",2009,2009.25,2009.25
"68667",2009.25,2009.25,2009.25
"68669",2009.25,2010.25,2010.25
"68701",2006,2006,2006
"68710",2008.5,2008.5,2008.5
"68711",2007.5,2009.25,2012
"68713",2006.25,2007.5,2008
"68714",2010.75,2012.5,2012.5
"68715",2006,2006,2006
"68716",2005.25,2005.25,2006.75
"68717",2007.25,2007.25,2007.5
"68718",2007.75,2007.75,2007.75
"68719",2007.75,2007.75,2008
"68720",2007.5,2007.75,2007.75
"68722",2007.75,2010,2010
"68723",2007.25,2007.25,2007.5
"68724",2009,2009,2009
"68725",2006,2006.75,2008
"68726",2006.75,2006.75,2006.75
"68727",2007.5,2007.75,2007.75
"68728",2007.25,2007.5,2008.5
"68729",2007.75,2007.75,2008.5
"68730",2006.75,2007.75,2008.75
"68731",2005.5,2007,2009.75
"68732",2007.5,2008,2008.5
"68733",2006.5,2006.5,2006.5
"68734",2007.75,2009.25,2010
"68735",2005.75,2006.75,2006.75
"68736",2006.75,2006.75,2006.75
"68739",2007.75,2007.75,2007.75
"68740",2006,2007.25,2007.25
"68741",2006.5,2009.75,2010.5
"68742",2006.75,2006.75,2006.75
"68743",2009.75,2009.75,2009.75
"68745",2007.25,2007.25,2007.5
"68746",2007.75,2007.75,2009.5
"68747",2009.25,2009.25,2009.25
"68748",2005.75,2005.75,2005.75
"68749",2009.25,2009.25,2009.25
"68751",2005.25,2005.25,2005.25
"68752",2006,2006.5,2006.5
"68753",2010,2010,2010.25
"68755",2010,2010,2010
"68756",2006.25,2006.5,2006.75
"68757",2005.25,2006.25,2006.25
"68758",2005.25,2005.75,2006.5
"68759",2008,2010,2010.25
"68760",2009.5,2009.5,2009.5
"68761",2006.5,2006.5,2006.5
"68763",2007.25,2007.75,2007.75
"68764",2006.75,2007.5,2007.75
"68765",2007.5,2009.25,2009.25
"68766",2006.75,2006.75,2006.75
"68767",2007.5,2007.5,2008.75
"68768",2005.25,2005.25,2005.25
"68769",2007.25,2007.25,2007.5
"68770",2006.25,2006.25,2006.25
"68771",2008.75,2008.75,2008.75
"68773",2007.75,2007.75,2007.75
"68774",2007,2007.75,2008.25
"68776",2005.5,2005.5,2005.5
"68777",2007.75,2007.75,2008
"68778",2008.5,2009.5,2013.5
"68779",2005.25,2005.25,2005.25
"68780",2008,2008,2008
"68781",2006.5,2006.5,2006.5
"68783",2009,2009.5,2010
"68784",2006.5,2006.5,2006.5
"68785",2003,2008.5,2008.5
"68786",2007.75,2007.75,2007.75
"68787",2006.5,2006.5,2007.25
"68788",2005.25,2005.25,2007.25
"68789",2009,2009.5,2010
"68790",2005,2005.25,2006
"68791",2005.25,2005.25,2005.25
"68792",2005.25,2006.25,2007
"68801",2005.25,2005.25,2005.25
"68803",2005.25,2005.25,2005.5
"68810",2005.25,2005.25,2006.75
"68812",2007.75,2008.5,2009
"68813",2007.5,2007.5,2013.75
"68814",2007.25,2007.25,2007.5
"68815",2007.25,2007.25,2007.5
"68816",2010.75,2010.75,2010.75
"68817",2007.75,2007.75,2007.75
"68818",2008.75,2008.75,2008.75
"68820",2007.25,2007.75,2007.75
"68821",2013.75,2013.75,2013.75
"68822",2007.5,2007.5,2007.5
"68823",2010.5,2011.25,2012.5
"68824",2005.5,2006.75,2007
"68825",2010.25,2010.25,2010.25
"68826",2008.75,2009,2009
"68827",2007,2008.75,2008.75
"68828",2006.75,2006.75,2006.75
"68831",2007,2007,2008.75
"68832",2005,2005,2005
"68833",2007.5,2013.75,2014
"68834",2009,2009,2010.25
"68835",2007.75,2007.75,2007.75
"68836",2006.5,2007.5,2007.75
"68837",2007.5,2007.75,2010.5
"68838",2007.75,2008.75,2009
"68840",2005,2005.75,2006.5
"68841",2005,2005.25,2005.25
"68842",2006,2006,2007.75
"68843",2008.75,2008.75,2008.75
"68844",2006.75,2007.25,2007.25
"68845",2006,2006,2006
"68846",2007,2007,2007
"68847",2006,2006,2006
"68849",2006,2006,2006
"68850",2006.5,2007,2007.5
"68852",2007.25,2007.25,2007.25
"68853",2008.75,2008.75,2008.75
"68854",2007,2007,2008.25
"68855",2007.5,2009,2009
"68856",2007.5,2007.5,2007.5
"68858",2009,2009,2010.75
"68859",2007.75,2007.75,2007.75
"68860",2008,2008,2010.25
"68861",2006,2007.5,2007.75
"68862",2006.75,2007.25,2007.75
"68863",2007,2008.5,2009
"68864",2010.75,2010.75,2010.75
"68865",2005.25,2005.25,2007.25
"68866",2006.75,2007.25,2009
"68869",2006.75,2006.75,2006.75
"68870",2006,2006.75,2007.25
"68871",2008.75,2008.75,2009
"68872",2007,2007.25,2007.5
"68873",2005.5,2007.75,2008.75
"68874",2007.25,2007.5,2009.5
"68875",2007.75,2007.75,2009
"68876",2005,2005.5,2006.5
"68878",2010.5,2010.75,2010.75
"68879",2012.5,2012.5,2012.5
"68881",2007.25,2007.25,2007.25
"68882",2006.5,2009,2010.5
"68883",2005,2005,2005.25
"68901",2005.5,2005.5,2005.75
"68920",2006.25,2006.25,2007.25
"68922",2006.25,2007.5,2007.75
"68923",2005.75,2005.75,2005.75
"68924",2007.5,2007.5,2007.5
"68925",2007.25,2007.75,2008
"68926",2009.25,2009.25,2009.25
"68927",2006.5,2007.25,2007.25
"68928",2005.75,2005.75,2007.25
"68929",2006.25,2006.25,2007.25
"68930",2005.75,2006.25,2006.25
"68932",2005.75,2005.75,2007.5
"68933",2009,2009,2009
"68934",2008,2009,2010.75
"68935",2009,2009,2010.75
"68936",2006.25,2007.5,2007.75
"68937",2006.5,2006.5,2007
"68938",2009,2009,2009
"68939",2007.5,2007.5,2008
"68940",2007.25,2007.5,2007.75
"68941",2007.25,2007.25,2007.25
"68942",2007.25,2010,2010.25
"68943",2010.25,2010.25,2010.25
"68944",2007.75,2008,2008.75
"68945",2006.5,2006.5,2009.75
"68946",2009.25,2009.25,2009.25
"68947",2007.5,2007.5,2008
"68948",2006.25,2007.25,2007.75
"68949",2006.25,2006.25,2007.25
"68950",2005.75,2005.75,2005.75
"68952",2007.5,2007.75,2007.75
"68954",2005.5,2005.5,2005.5
"68955",2006.5,2006.75,2007.25
"68956",2006.5,2006.5,2006.5
"68957",2008,2010,2010.75
"68958",2007.25,2007.5,2008
"68959",2005.75,2007.5,2007.5
"68960",2007.25,2007.25,2007.25
"68961",2007.25,2007.25,2010.25
"68964",2010.75,2010.75,2010.75
"68966",2006.25,2006.25,2007.25
"68967",2006.25,2006.25,2007.25
"68969",2007.25,2007.25,2007.25
"68970",2007.25,2007.25,2007.25
"68971",2007.25,2007.25,2007.25
"68972",2007.5,2007.5,2007.5
"68973",2005.75,2005.75,2007.5
"68974",2010.25,2010.25,2010.25
"68975",2010.75,2010.75,2010.75
"68976",2007,2007.25,2007.75
"68977",2009.25,2009.25,2009.25
"68978",2010.25,2010.25,2010.25
"68979",2006.75,2009,2010.75
"68980",2005.25,2005.5,2005.5
"68981",2007.5,2007.5,2007.5
"68982",2007.25,2007.5,2008
"69001",2006.25,2006.5,2006.5
"69020",2005.75,2006.25,2006.25
"69021",2006.25,2006.25,2007.5
"69022",2005.75,2006.25,2006.5
"69023",2005.75,2005.75,2005.75
"69024",2006.25,2006.25,2006.25
"69025",2007.75,2007.75,2007.75
"69026",2006.25,2006.25,2006.5
"69027",2006,2006,2006.25
"69028",2006.5,2006.5,2006.5
"69029",2006.5,2007,2007.75
"69030",2006.5,2007.25,2008.5
"69032",2006,2006.25,2006.25
"69033",2006,2006.25,2008.5
"69034",2006.25,2006.25,2006.5
"69036",2007.75,2007.75,2007.75
"69037",2006.25,2007.5,2007.5
"69038",2007,2007.75,2009.5
"69039",2007.75,2007.75,2007.75
"69040",2006,2006,2006.25
"69041",2006.25,2006.25,2007
"69042",2005.75,2005.75,2006.25
"69043",2006.25,2007.5,2007.5
"69044",2007,2007.25,2007.5
"69045",2006.25,2006.5,2007.25
"69046",2009.25,2009.25,2009.25
"69101",2005.75,2005.75,2005.75
"69120",2005,2007.5,2008.75
"69121",2011.25,2011.25,2011.25
"69122",2006.75,2007.5,2007.75
"69123",2005,2005.75,2007
"69125",2005.25,2005.25,2005.25
"69127",2005.75,2005.75,2006.75
"69128",2005.5,2007.25,2007.25
"69129",2005.75,2006.75,2007.5
"69130",2006.5,2006.5,2006.5
"69131",2007.25,2008.75,2008.75
"69132",2006.25,2006.25,2006.75
"69133",2008,2008,2008
"69134",2007.75,2007.75,2007.75
"69135",2011.5,2011.5,2015.25
"69138",2006.5,2008.25,2008.25
"69140",2005.75,2007.25,2009
"69141",2006,2007.25,2008.75
"69142",2007.5,2009,2014.25
"69143",2005,2006,2008.25
"69144",2009.5,2009.5,2009.75
"69145",2006.75,2007.25,2008.25
"69146",2005.75,2005.75,2009.75
"69147",2005.75,2006.75,2007.75
"69148",2005.5,2005.5,2009
"69149",2005.75,2006,2006.75
"69150",2005.75,2005.75,2005.75
"69151",2005,2005.75,2005.75
"69152",2012.75,2014.25,2015
"69153",2005.5,2006.75,2007.5
"69154",2005.5,2005.75,2007.75
"69155",2005.5,2007.75,2008.25
"69156",2008,2008,2008.75
"69157",2007.5,2013.75,2013.75
"69161",2007.5,2007.5,2007.75
"69162",2006.75,2006.75,2006.75
"69163",2007.5,2008.75,2009
"69165",2007.75,2008.25,2008.25
"69166",2008.75,2011.5,2011.5
"69167",2008.25,2013,2014.25
"69168",2009,2009,2009
"69169",2006.75,2007.75,2007.75
"69170",2006.25,2006.75,2006.75
"69171",2006.5,2006.5,2006.5
"69201",2010.5,2011.5,2011.5
"69210",2008,2009.5,2012.5
"69211",2007,2012.5,2012.5
"69212",2007.75,2007.75,2010.25
"69214",2008,2008,2008.5
"69216",2007,2007,2007
"69217",2010.75,2010.75,2010.75
"69218",2012.5,2012.5,2012.5
"69219",2007,2015.25,9999
"69220",2009.5,2010.5,2012.5
"69221",2008.75,2011.5,2011.5
"69301",2005.5,2006.75,2006.75
"69331",2005,2005.25,2009.25
"69333",2012.75,2015,2015.25
"69334",2005.25,2005.5,2005.75
"69335",2007.5,2012.75,2015.25
"69336",2009,2009.25,2010
"69337",2010,2010,2010
"69339",2006,2006,2006
"69340",2015.25,2015.25,2015.25
"69341",2005.25,2005.5,2005.75
"69343",2010.5,2010.75,2012.5
"69345",2005.75,2009.25,2009.25
"69346",2008,2012,2013.75
"69347",2005.5,2005.5,2005.5
"69348",2005.75,2006,2006
"69350",2012.75,2014.25,2015
"69351",2015.25,2015.25,9999
"69352",2005.75,2008,2008
"69353",2005.75,2005.75,2005.75
"69354",2006,2006,2008
"69355",2005.75,2005.75,2005.75
"69356",2005.5,2005.5,2005.5
"69357",2005.75,2006,2006
"69358",2005.75,2008,2008
"69360",2006.75,2010,2010.75
"69361",2005.25,2005.5,2005.5
"69365",2010.5,2010.5,2010.5
"69366",2014.25,2015,2015.25
"69367",2005.75,2005.75,2006
"70001",2005,2005,2005
"70002",2005,2005,2005
"70003",2005,2005,2005
"70005",2005,2005,2005
"70006",2005,2005,2005
"70030",2009,2009,2009
"70031",2006.25,2006.25,2006.25
"70032",2005.5,2005.5,2005.5
"70036",2007,2007,2007
"70037",2005.5,2006.25,2006.25
"70038",2006.25,2006.25,2006.25
"70039",2009.25,2009.75,2010.5
"70040",2006.25,2006.25,2006.25
"70041",2005.5,2006.25,2006.25
"70043",2005.5,2005.5,2005.5
"70047",2006.25,2006.25,2006.25
"70049",2005.25,2005.25,2005.75
"70050",2006.25,2006.25,2006.25
"70051",2009.25,2009.25,2009.25
"70052",2009.25,2009.25,2009.25
"70053",2005.5,2005.5,2005.5
"70056",2005.5,2005.5,2005.5
"70057",2005.25,2005.25,2005.25
"70058",2005.5,2005.5,2005.5
"70062",2005,2005,2006.25
"70065",2005,2005,2006.25
"70067",2007,2007,2007
"70068",2005.25,2006.25,2009.25
"70070",2007,2008.75,2009.25
"70071",2009.25,2009.25,2009.25
"70072",2005,2005,2005.5
"70075",2005.5,2007.5,2008.25
"70076",2009.25,2009.25,2009.25
"70079",2006.25,2006.25,2006.25
"70080",2009,2009,2009
"70082",2006.25,2006.25,2006.25
"70083",2006.25,2006.25,2006.25
"70084",2005.25,2005.25,2008.25
"70085",2007.75,2008.25,2008.25
"70086",2009,2009.25,2009.5
"70087",2006.25,2006.25,2006.25
"70090",2009.25,2009.25,2009.25
"70091",2006.25,2006.25,2006.25
"70092",2008.25,2008.25,2008.25
"70094",2005,2005,2005
"70112",2005.5,2005.5,2005.5
"70113",2005.5,2005.5,2005.5
"70114",2005.5,2005.5,2005.5
"70115",2005,2005,2005
"70116",2005.5,2005.5,2005.5
"70117",2005.5,2005.5,2005.5
"70118",2005,2005,2005
"70119",2005.5,2005.5,2005.5
"70121",2005,2005,2005
"70122",2005.5,2005.5,2005.5
"70123",2005,2005,2005
"70124",2005,2005,2005
"70125",2005,2005,2005
"70126",2005.5,2005.5,2005.5
"70127",2005.5,2005.5,2005.5
"70128",2005.5,2005.5,2005.5
"70129",2005.5,2007.5,2008.25
"70130",2005.5,2005.5,2005.5
"70131",2005.5,2005.5,2005.5
"70139",2005.5,2005.5,2005.5
"70163",2005.5,2005.5,2005.5
"70301",2005.5,2006.5,2007.25
"70339",2009.25,2011,2011
"70340",2005.75,2005.75,2005.75
"70341",2009,2009,2009
"70342",2005.75,2005.75,2005.75
"70343",2005,2005,2005.5
"70344",2005.25,2005.25,2008.25
"70345",2005.75,2005.75,2006.25
"70346",2007.75,2007.75,2007.75
"70352",2005.25,2005.25,2005.25
"70353",2005.25,2005.5,2008.25
"70354",2005.25,2005.75,2005.75
"70355",2007,2007,2007
"70356",2005.25,2006.5,2009.25
"70357",2005.75,2006.25,2008
"70358",2005.75,2012,9999
"70359",2006.5,2006.5,2006.5
"70360",2009.75,2009.75,2009.75
"70363",2009.75,2009.75,2009.75
"70364",2007.75,2009.75,2009.75
"70372",2005.25,2005.25,2005.75
"70373",2005.75,2005.75,2007
"70374",2005,2005,2005
"70375",2007,2007,2007
"70377",2005.75,2005.75,2008
"70380",2005.25,2005.75,2005.75
"70390",2005.75,2005.75,2009
"70391",2009,2009,2009
"70392",2009.25,2009.25,2009.25
"70393",2009,2009,2009
"70394",2005.5,2005.5,2007
"70395",2006.5,2006.5,2006.5
"70397",2008.25,2009,2009.75
"70401",2006.75,2006.75,2006.75
"70402",2006.75,2006.75,2006.75
"70403",2007.75,2007.75,2007.75
"70420",2009.75,2009.75,2010.5
"70422",2009.5,2009.5,2009.5
"70426",2009.25,2011.5,2012
"70427",2008.75,2009,2010.25
"70431",2009.75,2009.75,2009.75
"70433",2008.5,2008.5,2008.5
"70435",2009.25,2009.25,2009.25
"70436",2009.25,2009.5,2009.5
"70437",2009.25,2009.25,2009.25
"70438",2009.5,2011.25,2012
"70441",2011,2012,2012
"70442",2009.25,2010.75,2012.75
"70443",2006.75,2006.75,2006.75
"70444",2008,2008.25,2011
"70445",2007.75,2007.75,2007.75
"70446",2006.25,2006.25,2006.25
"70447",2008.5,2008.5,2008.5
"70448",2009.25,2009.25,2010.5
"70449",2005.25,2005.25,2005.25
"70450",2009.75,2011.25,2012.5
"70451",2006.75,2006.75,2006.75
"70452",2007.75,2007.75,2007.75
"70453",2010.75,2012,2012
"70454",2008.25,2008.25,2008.25
"70455",2006.25,2006.25,2008.25
"70456",2009.5,2009.5,2009.5
"70458",2005.5,2005.5,2005.5
"70460",2005.5,2005.5,2005.5
"70461",2005.75,2005.75,2005.75
"70462",2007.75,2007.75,2008.25
"70463",2009,2010.5,2010.5
"70464",2009.75,2010.5,2010.5
"70465",2008.25,2008.25,2008.25
"70466",2006.75,2006.75,2006.75
"70471",2008.5,2009.25,2010.25
"70501",2006.25,2006.25,2006.25
"70503",2005.5,2005.5,2005.5
"70506",2006,2006.25,2006.25
"70507",2006.25,2006.25,2006.25
"70508",2005.5,2005.5,2005.5
"70510",2006.75,2008.75,2008.75
"70512",2005.75,2005.75,2010.75
"70513",2007.75,2008.25,2009
"70514",2009.25,2009.25,2009.25
"70515",2006.75,2007.75,2007.75
"70516",2005.5,2005.5,2006.5
"70517",2006.25,2007.25,2007.25
"70518",2005.25,2005.5,2005.5
"70519",2005.25,2005.25,2005.25
"70520",2006.25,2006.25,2006.25
"70523",2009.25,2009.25,2009.25
"70524",2005.5,2005.5,2005.5
"70525",2005.5,2005.5,2007.25
"70526",2005.75,2005.75,2007.5
"70528",2006.75,2006.75,2006.75
"70529",2010.75,2010.75,2010.75
"70531",2005.75,2005.75,2005.75
"70532",2009.5,2009.5,2009.5
"70533",2006.75,2010.25,2010.25
"70534",2007.5,2007.5,2010.5
"70535",2005.5,2005.5,2005.5
"70537",2005.75,2005.75,2005.75
"70538",2009.25,2009.25,2009.25
"70541",2010.75,2010.75,2010.75
"70542",2009.75,2010.75,2010.75
"70543",2005.75,2005.75,2006.5
"70544",2005.25,2006.25,2006.25
"70546",2006.25,2006.25,2006.25
"70548",2009,2009,2009
"70549",2006.75,2009.75,2010.75
"70550",2005.25,2005.25,2005.25
"70552",2006.25,2006.25,2006.25
"70554",2005.5,2005.5,2006
"70555",2006.75,2010.75,2010.75
"70556",2010.5,2010.5,2010.5
"70558",2005.5,2005.5,2005.5
"70559",2010.5,2010.5,2010.5
"70560",2005.75,2006.75,2007
"70563",2006.25,2006.25,2006.25
"70570",2005.25,2006,2006
"70575",2005.75,2005.75,2005.75
"70576",2006.5,2006.5,2006.5
"70577",2006,2006,2008.25
"70578",2007.5,2007.5,2007.5
"70580",2006.5,2006.5,2006.5
"70581",2005.25,2005.25,2005.75
"70582",2005.25,2005.25,2005.25
"70583",2005.5,2005.5,2005.5
"70584",2009,2009,2010.5
"70585",2007.25,2007.25,2007.25
"70586",2006.5,2006.5,2007.25
"70589",2008.75,2008.75,2008.75
"70591",2007.5,2007.5,2007.5
"70592",2005.5,2005.5,2006.25
"70601",2005.75,2005.75,2005.75
"70605",2006.25,2006.25,2006.25
"70607",2005.25,2006.25,2006.75
"70611",2005.75,2005.75,2005.75
"70615",2005.75,2005.75,2005.75
"70630",2006.25,2006.75,2006.75
"70631",2007.25,2007.25,2009.25
"70632",2008.75,2008.75,2008.75
"70633",2005.25,2005.5,2006.75
"70634",2005.75,2008.25,2011.75
"70637",2006,2008.25,2011
"70638",2010.5,2011,2011
"70639",2007.25,2011.75,2013
"70640",2006.25,2006.25,2006.25
"70643",2009,2011.25,2013.75
"70644",2011,2011,2011.75
"70645",2006.75,2006.75,2007.25
"70646",2010.75,2010.75,2010.75
"70647",2006,2006,2006.25
"70648",2006.25,2006.25,2009.5
"70650",2007.5,2007.5,2007.5
"70651",2006.25,2006.25,2006.25
"70652",2005.75,2009.25,2009.75
"70653",2007.25,2009,2011.75
"70654",2006,2006,2006
"70655",2006.25,2006.25,2010
"70656",2011,2011,2011
"70657",2006.75,2006.75,2006.75
"70658",2006.25,2006.25,2006.25
"70659",2007,2009.5,2011.75
"70660",2006.25,2009.75,2012.25
"70661",2006.75,2009,2010.75
"70662",2008.25,2011,2011.75
"70663",2005.5,2005.5,2005.5
"70665",2006.25,2006.25,2007.5
"70668",2006.25,2006.25,2008.75
"70669",2005.5,2005.5,2005.5
"70706",2007,2007,2007
"70710",2007.25,2008.25,2008.25
"70711",2006.75,2006.75,2006.75
"70712",2006.5,2011.25,2012.25
"70714",2006.25,2006.25,2006.25
"70715",2007.75,2012,2012.5
"70719",2006.5,2006.5,2006.5
"70721",2007.75,2007.75,2009.25
"70722",2011,2011,2012
"70723",2009.25,2009.25,2009.25
"70725",2007.75,2007.75,2007.75
"70726",2005.25,2005.25,2005.25
"70729",2008.25,2008.25,2008.25
"70730",2006.75,2008.25,2009.5
"70732",2007.75,2007.75,2007.75
"70733",2009,2009,2009
"70734",2007.75,2007.75,2007.75
"70736",2008.25,2008.25,2008.25
"70737",2009,2009,2009
"70739",2005.25,2005.25,2006.25
"70740",2007.25,2007.25,2007.25
"70743",2009.25,2009.25,2009.5
"70744",2006.75,2006.75,2008.25
"70747",2006.5,2006.5,2012
"70748",2006.75,2008.25,2008.25
"70749",2007.5,2008.25,2008.25
"70750",2007.75,2007.75,2009.75
"70752",2008.25,2008.25,2008.25
"70753",2006.5,2011.25,2011.25
"70754",2005.25,2008.25,2008.25
"70755",2007.5,2007.5,2007.5
"70756",2007.75,2007.75,2007.75
"70757",2009.25,2009.25,2009.25
"70759",2008.5,2008.5,2012
"70760",2008.25,2008.5,2008.5
"70761",2006.25,2006.25,2007.75
"70762",2007.5,2007.5,2007.5
"70763",2009.25,2009.25,2009.25
"70764",2008.25,2008.25,2008.25
"70767",2006.5,2006.5,2006.5
"70769",2009,2009,2009
"70770",2005.25,2005.25,2005.25
"70772",2009.25,2009.25,2009.25
"70773",2008.25,2008.25,2008.25
"70774",2009.25,2009.25,2009.25
"70775",2008.5,2009.5,2011
"70776",2008.25,2008.25,2008.25
"70777",2006.75,2008,2009.75
"70778",2009.25,2009.25,2009.25
"70780",2008.25,2008.25,2008.25
"70782",2011.25,2012.25,2012.25
"70783",2005,2005,2005
"70785",2007,2007,2007
"70787",2011.25,2012.25,2012.25
"70788",2009.25,2009.25,2009.25
"70789",2008,2008.25,2011
"70791",2006.25,2006.25,2006.75
"70801",2005,2005,2005
"70802",2005,2005,2005
"70803",2005,2005,2005
"70805",2005,2005,2005
"70806",2005,2005,2005
"70807",2006.25,2006.25,2006.25
"70808",2005,2005,2005
"70809",2005,2005,2006.5
"70810",2007.25,2008.25,2008.25
"70811",2006.25,2006.25,2006.25
"70812",2005,2005,2005
"70814",2005,2005.25,2006.5
"70815",2005,2005.25,2007.75
"70816",2005,2005.25,2008.75
"70817",2005.25,2007.25,2008.75
"70818",2005.25,2005.25,2005.25
"70819",2005,2005.25,2008.75
"70820",2005,2008.25,2008.25
"70836",2005,2005.25,2008.75
"71001",2006.25,2006.75,2007.5
"71003",2005,2005,2006.25
"71004",2007.5,2007.5,2007.5
"71006",2008,2008.75,2010.25
"71007",2006.75,2006.75,2006.75
"71008",2009.25,2009.25,2010.25
"71016",2011.25,2011.25,2011.25
"71018",2005.75,2005.75,2008.25
"71019",2009.75,2010.25,2010.25
"71021",2008.25,2008.25,2008.25
"71023",2005.75,2005.75,2007.5
"71024",2007.5,2010.25,2010.25
"71027",2006,2006,2006
"71028",2005.75,2007.5,2010.25
"71029",2008.25,2008.25,2008.25
"71030",2006,2006,2006
"71031",2008.25,2010.5,2015.5
"71032",2006,2006.25,2009.25
"71033",2006.75,2006.75,2007.75
"71034",2009.75,2009.75,2009.75
"71037",2006.25,2007.5,2008.75
"71038",2008.25,2008.25,2008.25
"71039",2005,2007.5,2009.25
"71040",2006.75,2006.75,2008.25
"71043",2007,2007,2007
"71044",2009,2009.5,2009.5
"71045",2010.25,2010.25,2010.25
"71046",2006,2006,2006
"71047",2006.5,2006.75,2010
"71048",2006.75,2006.75,2008.25
"71049",2009.25,2009.25,2009.25
"71051",2006.25,2006.25,2008.75
"71052",2006.75,2009.25,2010.25
"71055",2005.75,2006.75,2010.25
"71060",2007.5,2007.5,2007.5
"71061",2007.5,2007.5,2007.5
"71063",2010,2010.25,2010.25
"71064",2008.25,2008.25,2008.25
"71065",2008.75,2010,2010.25
"71067",2005.75,2005.75,2005.75
"71068",2010.25,2010.25,2010.25
"71069",2009.5,2009.5,2009.5
"71070",2009.25,2015.5,2015.5
"71071",2005.75,2005.75,2005.75
"71072",2005.75,2008,2008.25
"71073",2010.25,2010.25,2010.25
"71075",2008.25,2008.25,2008.25
"71078",2006,2006,2006
"71079",2006.75,2008.5,2008.5
"71082",2007,2007,2007
"71101",2005.25,2006.25,2007.75
"71103",2005.25,2005.25,2005.25
"71104",2005.25,2005.25,2005.25
"71105",2005.25,2005.25,2005.25
"71106",2005.25,2005.25,2005.25
"71107",2007.75,2009,2009
"71108",2005.25,2005.25,2005.25
"71109",2005.25,2005.25,2005.25
"71110",2006.25,2006.25,2006.25
"71111",2008.75,2008.75,2009
"71112",2006.25,2006.25,2006.25
"71115",2005.75,2005.75,2005.75
"71118",2005.25,2005.25,2005.25
"71119",2006.75,2006.75,2006.75
"71129",2006.75,2006.75,2006.75
"71201",2005,2005,2005.25
"71202",2005,2005,2005.25
"71203",2005.25,2005.25,2005.25
"71209",2005,2005,2005
"71219",2005,2010.75,2010.75
"71220",2005.5,2005.5,2006.25
"71222",2006.25,2006.25,2006.75
"71223",2005,2005,2008.5
"71225",2006.75,2006.75,2006.75
"71226",2008,2008,2008
"71227",2006.25,2006.25,2006.25
"71229",2006.75,2008.5,2009
"71232",2005.75,2007.25,2008.5
"71233",2005.25,2005.25,2005.25
"71234",2006.25,2007,2007
"71235",2006.25,2006.25,2006.25
"71237",2007.25,2007.25,2007.25
"71238",2006.75,2008,2008
"71241",2005.75,2005.75,2006.25
"71243",2007.25,2008.5,2009.25
"71245",2006.25,2006.25,2006.25
"71247",2008,2008.25,2008.25
"71250",2010,2010,2010
"71251",2008,2008,2008.25
"71253",2010.25,2010.25,2010.75
"71254",2008.5,2010.25,2010.75
"71256",2006.75,2008.5,2011
"71259",2006.5,2006.5,2006.5
"71260",2005.75,2005.75,2006.25
"71261",2005,2005,2005
"71263",2008.5,2008.5,2010
"71264",2010,2010.25,2010.25
"71266",2008.5,2008.5,2008.5
"71268",2008,2008,2008.25
"71269",2005.25,2005.25,2006.5
"71270",2006.25,2006.25,2006.25
"71272",2006.25,2006.25,2006.25
"71275",2006.25,2006.25,2006.25
"71276",2008.25,2008.25,2010.25
"71277",2005.75,2006.25,2006.25
"71279",2005.25,2005.25,2005.25
"71280",2006.25,2006.25,2006.25
"71282",2005.75,2006.25,2006.25
"71286",2010.25,2010.75,2010.75
"71291",2006.75,2007.25,2007.25
"71292",2007.25,2007.25,2007.25
"71295",2005.75,2006.5,2006.75
"71301",2005.5,2005.5,2005.5
"71302",2005.25,2005.25,2005.25
"71303",2005.5,2005.5,2005.5
"71316",2014.75,2014.75,2014.75
"71322",2008.75,2010.25,2011
"71323",2006.75,2009.25,2012.25
"71325",2005.5,2005.5,2007.25
"71326",2008.75,2008.75,2008.75
"71327",2008,2008,2008
"71328",2008.75,2010.25,2012.5
"71331",2010.25,2011,2012.25
"71333",2006.75,2006.75,2006.75
"71334",2008,2008.5,2008.5
"71336",2007.25,2008.75,2008.75
"71339",2010,2010,2012.25
"71340",2008.75,2008.75,2008.75
"71341",2011,2011,2011
"71342",2005.5,2005.5,2007.25
"71343",2008.5,2008.75,2008.75
"71345",2008.75,2008.75,2008.75
"71346",2005.25,2005.25,2005.25
"71350",2008,2008,2008
"71351",2006.25,2006.25,2012.25
"71353",2007.75,2009.75,2009.75
"71354",2008.5,2008.75,2008.75
"71355",2006.25,2010,2012.25
"71356",2006.75,2006.75,2006.75
"71357",2010,2010.5,2010.5
"71358",2009.75,2009.75,2009.75
"71360",2005.25,2005.25,2005.25
"71362",2006.75,2006.75,2006.75
"71366",2010.25,2010.5,2010.5
"71367",2007.25,2007.25,2007.25
"71368",2007.25,2007.25,2007.25
"71369",2006.75,2006.75,2006.75
"71371",2005.5,2005.5,2006.5
"71373",2009.5,2011.25,2012.5
"71375",2008.75,2008.75,2008.75
"71377",2005,2005,2005
"71378",2007.25,2007.25,2007.25
"71401",2008.75,2008.75,2008.75
"71403",2011.25,2011.75,2012
"71404",2009.25,2010,2010.5
"71405",2005,2005,2005
"71406",2010,2010.25,2011
"71407",2009.25,2010,2011
"71409",2005.5,2005.5,2008.25
"71410",2008.25,2008.25,2008.25
"71411",2005.75,2005.75,2006
"71414",2005.75,2005.75,2005.75
"71416",2009.25,2010,2010
"71417",2008.75,2008.75,2008.75
"71418",2006.75,2009.25,2011.25
"71419",2005.5,2005.5,2006.75
"71422",2008.25,2008.25,2008.5
"71423",2009.25,2010,2010.5
"71424",2006.25,2006.25,2006.25
"71425",2010,2010,2012.75
"71426",2009.25,2010,2010.75
"71427",2008.75,2010,2010
"71429",2009.5,2010.75,2012
"71430",2009.75,2009.75,2009.75
"71432",2005.25,2010,2010
"71433",2006.25,2006.25,2006.25
"71435",2008.5,2012.25,2012.75
"71438",2006.25,2006.5,2011
"71439",2010.75,2011.25,2011.75
"71441",2008.75,2010,2012.25
"71446",2006,2011,2012
"71447",2008.25,2008.25,2008.75
"71449",2007.5,2007.5,2009.25
"71450",2010,2010,2010
"71452",2008.75,2009.25,2010
"71454",2009.25,2010,2010.25
"71455",2012.25,2014.25,2014.5
"71456",2006.5,2008.25,2009.25
"71457",2005.75,2005.75,2006.5
"71459",2005.5,2005.5,2007.25
"71461",2005.5,2005.5,2011.75
"71462",2005.25,2005.75,2006.5
"71463",2006,2006,2006.25
"71465",2008.5,2010,2010
"71466",2006.25,2006.25,2006.25
"71467",2005.25,2009.25,2010
"71468",2014,2015.25,2015.25
"71469",2006.75,2010,2010
"71472",2006.25,2006.5,2011
"71473",2008.5,2008.5,2013.75
"71474",2010,2010,2014
"71479",2006.25,2006.25,2006.25
"71480",2007.25,2010,2010
"71483",2006.5,2008.25,2009.75
"71485",2006,2006,2006
"71486",2007.5,2010,2011
"71601",2005,2005,2005
"71602",2005,2005,2005.25
"71603",2005.25,2005.5,2007.25
"71630",2006,2008.25,2009.25
"71631",2006.25,2006.25,2014.25
"71635",2005.5,2005.75,2007.5
"71638",2006,2006,2006.5
"71639",2007.25,2007.25,2007.25
"71640",2008.5,2010,2010
"71642",2005.5,2005.5,2005.5
"71643",2005.25,2005.25,2007.25
"71644",2005.25,2005.25,2005.25
"71646",2005.5,2005.5,2007.5
"71647",2005,2005.5,2006.25
"71651",2005.75,2006.25,2006.25
"71652",2005.25,2005.5,2009
"71653",2006,2006.5,2007
"71654",2006,2006,2006
"71655",2005.5,2005.5,2005.5
"71658",2006.5,2010.25,2010.25
"71659",2005,2005,2005
"71660",2005,2005,2005.5
"71661",2006.5,2006.5,2006.5
"71662",2007.25,2007.25,2007.25
"71663",2006.5,2008.5,2010
"71665",2005,2005.25,2007.25
"71666",2006.75,2007.25,2007.25
"71667",2005.25,2005.25,2005.25
"71670",2005.5,2006,2007.25
"71671",2005.5,2005.5,2005.5
"71674",2006.25,2007.25,2008.5
"71675",2005,2005.5,2005.5
"71676",2010,2010.25,2010.75
"71677",2006,2007.25,2008.25
"71701",2005.75,2006.5,2009.25
"71711",2005.5,2005.5,2005.5
"71720",2005.75,2005.75,2009
"71722",2012.25,2012.25,2012.5
"71724",2005,2006.25,2006.25
"71725",2005.75,2009,2009
"71726",2011,2011,2011
"71730",2005,2005.5,2008.25
"71740",2006.25,2006.25,2008
"71742",2006.25,2009,2009
"71743",2006.25,2010.25,2010.25
"71744",2006.25,2006.25,2006.5
"71745",2006.25,2006.25,2006.25
"71747",2005.75,2007.5,2010
"71749",2008.25,2011,2014.75
"71751",2006.25,2009.25,2010.25
"71752",2006.25,2006.25,2008
"71753",2006.25,2006.25,2006.25
"71758",2008,2008,2010.25
"71759",2005,2006.25,2006.25
"71762",2005.5,2010.25,2010.75
"71763",2005.5,2005.75,2009.25
"71764",2006.5,2008,2010.25
"71765",2005.75,2005.75,2010
"71766",2005.75,2006.5,2009.25
"71770",2006.25,2006.25,2006.5
"71772",2010.25,2010.25,2010.25
"71801",2005.5,2006.25,2006.5
"71820",2005.75,2005.75,2006.25
"71822",2005.75,2005.75,2006.75
"71823",2005.75,2005.75,2005.75
"71825",2005.25,2005.25,2005.25
"71826",2008.25,2009.5,2010.5
"71827",2006.5,2008,2011
"71832",2007.75,2007.75,2007.75
"71833",2005,2005,2006.25
"71834",2006,2006,2006
"71835",2006.25,2006.5,2006.5
"71836",2005.75,2005.75,2006.25
"71837",2006,2006,2006
"71838",2006.5,2006.5,2006.5
"71839",2006,2006,2006
"71841",2005,2005,2005
"71842",2006.25,2006.25,2006.25
"71845",2006.5,2006.5,2008
"71846",2005.75,2005.75,2006.25
"71847",2005.25,2005.25,2005.25
"71851",2006.25,2007,2007
"71852",2006.25,2006.5,2007
"71853",2005.75,2005.75,2006.5
"71854",2006.5,2006.5,2006.5
"71855",2006,2006.5,2007.75
"71857",2006.25,2006.25,2006.5
"71858",2011,2012.25,2012.25
"71859",2005,2005,2005
"71860",2006.25,2006.5,2008
"71861",2006.5,2008.25,2008.25
"71862",2006.5,2006.5,2007
"71865",2006.75,2006.75,2006.75
"71866",2006.25,2006.25,2006.25
"71901",2005.5,2005.5,2005.5
"71909",2004,2006.25,2006.25
"71913",2006.5,2007.5,2007.5
"71921",2006.25,2006.75,2009.75
"71922",2006.25,2006.25,2006.25
"71923",2006.25,2006.25,2007.75
"71929",2006.5,2006.5,2006.5
"71933",2005,2005,2006.5
"71935",2005,2005,2005
"71937",2009.75,2009.75,2009.75
"71940",2006.25,2006.25,2006.5
"71941",2010.5,2010.5,2010.5
"71943",2005,2005,2005
"71944",2009.75,2010.75,2010.75
"71945",2009.75,2009.75,2009.75
"71949",2006.75,2009.25,2015.5
"71950",2005,2005,2005
"71952",2005,2005,2012.25
"71953",2008,2009.25,2009.75
"71956",2006.5,2007.5,2009.25
"71957",2005,2005,2005
"71958",2006,2006.5,2009.5
"71959",2006.25,2006.25,2012.5
"71960",2005,2005,2005
"71961",2005,2005,2005
"71962",2006.25,2006.75,2008.5
"71964",2006.5,2007.5,2007.5
"71965",2005,2005,2005
"71968",2006.5,2007.5,2007.5
"71969",2005,2005,2005
"71970",2005,2005,2005.75
"71971",2006.25,2012.5,2014.5
"71972",2009.75,2009.75,2009.75
"71973",2009.75,2010.75,2010.75
"71998",2007.75,2007.75,2007.75
"71999",2007.75,2007.75,2007.75
"72001",2005,2005,2005
"72002",2006,2006,2006
"72003",2009.5,2009.5,2009.5
"72004",2005,2005,2005
"72005",2010.25,2010.25,2010.25
"72006",2005.25,2005.25,2005.75
"72007",2007.75,2007.75,2007.75
"72010",2006.5,2006.75,2008
"72011",2006,2006,2006
"72012",2008.75,2009.5,2010.25
"72013",2005.25,2005.5,2006.5
"72014",2005.75,2005.75,2005.75
"72015",2005.25,2005.25,2005.25
"72016",2005,2005.5,2005.5
"72017",2005.5,2005.75,2005.75
"72019",2005.75,2005.75,2005.75
"72020",2008,2009.5,2009.5
"72021",2005.25,2005.5,2005.75
"72022",2006,2006,2006
"72023",2005.5,2005.5,2005.5
"72024",2005.75,2006.25,2006.25
"72025",2009.25,2010,2012.5
"72026",2005.25,2007.75,2007.75
"72027",2005.5,2006.5,2006.5
"72029",2005.75,2005.75,2005.75
"72030",2007.25,2009,2009.75
"72031",2007,2007,2007
"72032",2005,2005.25,2006
"72034",2005,2005,2005
"72035",2005,2005,2005
"72036",2005.25,2005.5,2005.75
"72037",2004.5,2004.5,2004.5
"72038",2005.25,2005.25,2005.25
"72039",2006.5,2006.5,2006.5
"72040",2005.75,2006.25,2006.25
"72041",2005.25,2005.25,2005.75
"72042",2008.5,2008.5,2009.5
"72044",2005.75,2005.75,2005.75
"72045",2007.5,2009,2010.5
"72046",2005.5,2005.5,2005.75
"72047",2007,2009.75,2010.75
"72048",2008.5,2009.5,2009.5
"72051",2005.25,2005.25,2005.25
"72055",2008.5,2008.5,2008.5
"72057",2005.25,2005.25,2006
"72058",2006.75,2007,2008.75
"72059",2005.25,2005.25,2005.25
"72060",2006.5,2006.5,2006.5
"72061",2005.25,2005.25,2005.25
"72063",2007.25,2007.25,2007.75
"72064",2005.75,2005.75,2005.75
"72065",2009,2009,2009
"72067",2005.25,2005.25,2005.5
"72068",2006.25,2006.25,2006.25
"72069",2005.5,2007.75,2007.75
"72070",2005,2005,2005.5
"72072",2005,2005.25,2005.25
"72073",2005,2005.25,2005.5
"72074",2005.25,2005.75,2009.75
"72076",2005.5,2005.5,2005.5
"72079",2005,2005.5,2005.5
"72080",2009,2009.75,2011.25
"72081",2006.5,2008,2008
"72082",2006.25,2006.25,2006.25
"72083",2006.25,2007.25,2009.5
"72084",2005.5,2005.5,2009
"72085",2006.25,2006.5,2008
"72086",2006.25,2007.75,2007.75
"72087",2006.25,2006.75,2008.75
"72088",2005.25,2005.25,2005.5
"72099",2005.5,2005.5,2005.5
"72101",2005.25,2005.75,2005.75
"72102",2006.5,2008,2008
"72103",2006,2006,2006
"72104",2005.25,2005.5,2006.5
"72106",2006.25,2007,2007.25
"72107",2005.25,2005.25,2006.25
"72108",2007.75,2007.75,2009.75
"72110",2005.25,2007,2007.25
"72111",2005,2006.25,2008
"72112",2005.75,2009.75,2009.75
"72113",2007,2009.25,2009.25
"72114",2005,2005,2005
"72116",2005,2005,2005
"72117",2006,2006,2006
"72118",2005,2005,2005
"72119",2005,2005,2005
"72120",2005.5,2005.75,2005.75
"72121",2006.25,2008,2009.5
"72122",2006.5,2006.75,2006.75
"72123",2005.25,2005.25,2005.25
"72125",2005,2005,2005
"72126",2005.25,2006.75,2009.25
"72127",2005.25,2005.25,2005.25
"72128",2005.5,2005.5,2005.5
"72129",2005.5,2005.5,2005.5
"72130",2005.75,2005.75,2005.75
"72131",2005.25,2005.25,2007
"72132",2009,2009,2009
"72134",2005.25,2005.25,2006.25
"72135",2005.5,2006.25,2006.75
"72136",2005.25,2006.25,2008
"72137",2009.5,2009.5,2009.5
"72139",2008,2009.5,2009.5
"72140",2005.25,2005.25,2005.25
"72141",2009,2009.75,2011
"72142",2006,2006.25,2006.5
"72143",2006.25,2006.25,2006.5
"72149",2006.25,2006.25,2006.25
"72150",2005.5,2005.5,2005.5
"72152",2005,2005,2005
"72153",2005.25,2005.5,2005.5
"72156",2005.25,2005.25,2005.25
"72157",2005.25,2005.25,2006.5
"72160",2005.25,2006.5,2009.5
"72165",2006.75,2006.75,2008
"72166",2008.5,2008.5,2008.5
"72167",2005.25,2005.25,2005.25
"72168",2004.5,2005.5,2005.5
"72169",2005.25,2005.25,2005.25
"72170",2005.25,2006.25,2006.25
"72173",2007,2008.75,2010.5
"72175",2005,2005,2005.25
"72176",2007.75,2007.75,2007.75
"72179",2005,2005,2005
"72181",2007,2007.25,2008.5
"72201",2005,2005,2005
"72202",2005,2005,2005
"72204",2005,2005.25,2006
"72205",2005,2005,2005
"72206",2005,2005,2005
"72207",2005,2005,2005
"72209",2005,2005,2005.5
"72210",2006,2006,2006.75
"72211",2006.75,2009.25,2009.25
"72212",2006.75,2009.25,2009.25
"72223",2006.75,2006.75,2006.75
"72227",2006.75,2009.25,2009.25
"72301",2006.5,2006.5,2006.5
"72311",2008.5,2008.5,2008.5
"72315",2007.5,2007.5,2008
"72320",2005.25,2005.25,2005.25
"72321",2007.5,2007.5,2007.5
"72322",2007.25,2007.25,2007.25
"72324",2008.25,2010.25,2010.75
"72325",2000,2008.5,2009.25
"72326",2007.25,2007.25,2007.25
"72327",2000,2010,2010
"72328",2006.25,2006.25,2009.5
"72329",2007.5,2007.5,2008
"72330",2005.5,2005.5,2005.5
"72331",2008.5,2010,2010.5
"72332",2007.75,2008.25,2008.25
"72333",2010,2010,2010.75
"72335",2009.75,2009.75,2009.75
"72338",2008.25,2008.5,2009.25
"72339",2000,2008.25,2010
"72340",2005.75,2008.5,2008.5
"72341",2009.75,2009.75,2009.75
"72342",2006,2006,2006
"72346",2008.25,2008.25,2009.75
"72347",2005.75,2005.75,2006.75
"72348",2005.25,2005.25,2005.25
"72350",2005.5,2005.5,2009.25
"72351",2005.25,2005.25,2006
"72353",2006.25,2009.5,2010.75
"72354",2005.5,2005.5,2006.5
"72355",2006,2006,2008.5
"72358",2008,2010.75,2012.5
"72359",2010.5,2010.5,2010.5
"72360",2006,2008.5,2008.5
"72364",2000,2008.5,2008.5
"72365",2005.25,2005.25,2005.25
"72366",2007.75,2008.5,2008.5
"72367",2010.75,2010.75,2010.75
"72368",2005.5,2005.5,2005.75
"72370",2006,2006.5,2007.5
"72372",2005.75,2007.25,2008.5
"72373",2008.25,2008.25,2010
"72374",2008.5,2008.5,2008.5
"72376",2006.5,2007.75,2008.25
"72377",2006.5,2006.75,2006.75
"72379",2006.25,2006.25,2008.5
"72383",2007.75,2007.75,2007.75
"72384",2008.25,2008.5,2010
"72386",2005.5,2005.5,2005.5
"72389",2008.5,2010,2010
"72390",2006,2006,2006
"72392",2005.75,2005.75,2008.5
"72394",2009.75,2010.5,2010.5
"72395",2005.5,2006,2008
"72396",2005,2005.75,2008.25
"72401",2005.25,2006.5,2006.5
"72404",2004.25,2005.25,2006
"72410",2005.25,2005.25,2005.25
"72411",2006.5,2006.5,2006.5
"72412",2008,2009,2010.25
"72413",2009.5,2010.25,2010.25
"72414",2007.25,2007.5,2008
"72415",2009.5,2009.5,2009.5
"72416",2008.5,2009.75,2009.75
"72417",2006.5,2006.75,2008
"72419",2006.75,2007.25,2007.5
"72421",2007.25,2008.5,2010.25
"72422",2005.75,2008.5,2008.5
"72424",2008.5,2008.5,2009
"72425",2010.25,2010.25,2010.25
"72426",2007.5,2007.5,2007.5
"72427",2008,2009.75,2010.25
"72428",2006.5,2007.5,2007.5
"72429",2010.25,2010.25,2010.25
"72430",2005.25,2005.25,2005.25
"72431",2005.5,2005.5,2005.5
"72432",2006,2006,2006
"72433",2005.25,2005.25,2009.5
"72434",2009,2009,2009.5
"72435",2006.75,2008.5,2009
"72436",2006.75,2006.75,2006.75
"72437",2006.5,2006.5,2006.5
"72438",2009.75,2009.75,2009.75
"72440",2010.25,2011,2011
"72441",2005.75,2005.75,2005.75
"72442",2007.5,2007.5,2007.5
"72443",2006.75,2006.75,2006.75
"72444",2009,2009,2011
"72445",2005.25,2005.25,2005.25
"72447",2007.25,2007.5,2009.75
"72449",2010.25,2010.25,2010.25
"72450",2006.75,2007.5,2009.75
"72453",2010.25,2010.25,2010.25
"72454",2005.25,2005.25,2005.75
"72455",2009.5,2009.5,2010.25
"72456",2005.75,2005.75,2008.5
"72457",2010.25,2010.25,2010.25
"72458",2009.5,2009.5,2009.5
"72459",2009,2009.5,2009.75
"72460",2009.5,2009.75,2012
"72461",2006.75,2006.75,2006.75
"72462",2009,2009,2009
"72464",2005.25,2005.25,2005.25
"72466",2006.5,2009.5,2009.5
"72467",2004.25,2004.25,2004.25
"72469",2010.25,2011,2011
"72470",2008.75,2009,2009
"72471",2005.5,2005.5,2009.75
"72472",2005.25,2005.25,2005.5
"72473",2005.5,2005.5,2005.5
"72476",2010.25,2010.25,2010.25
"72478",2011,2012,2015.5
"72479",2005.75,2007.25,2009.75
"72482",2009.5,2009.75,2009.75
"72501",2005.5,2005.5,2005.5
"72512",2005.5,2005.5,2006.5
"72513",2006.5,2008,2008.75
"72515",2005.5,2005.5,2005.5
"72517",2006.75,2006.75,2007.25
"72519",2006.75,2007.25,2007.25
"72520",2006.5,2008,2008.75
"72521",2009.5,2010.75,2010.75
"72522",2005.5,2005.5,2010.75
"72523",2005.75,2005.75,2009
"72524",2005.5,2005.5,2005.5
"72526",2005.25,2005.5,2005.5
"72527",2005.5,2005.5,2009
"72528",2005.5,2005.5,2005.5
"72529",2008.75,2008.75,2008.75
"72530",2005.25,2005.75,2005.75
"72531",2005.5,2006.25,2006.75
"72532",2006.5,2006.5,2006.5
"72533",2005.25,2005.25,2005.5
"72534",2005.5,2008,2009.5
"72536",2006.5,2006.5,2006.5
"72537",2006.75,2006.75,2006.75
"72538",2006.25,2006.75,2007.25
"72539",2006.5,2008,2008
"72540",2005.5,2005.5,2005.5
"72542",2008,2008.75,2009.5
"72543",2005,2005.25,2005.25
"72544",2006.25,2006.75,2006.75
"72546",2005,2005,2005
"72550",2005.5,2006.75,2009.5
"72553",2005.5,2005.5,2009.5
"72554",2008,2008.75,2009.75
"72555",2005.25,2005.25,2005.25
"72556",2006.5,2006.75,2006.75
"72560",2006.75,2006.75,2006.75
"72561",2005.25,2005.5,2005.5
"72562",2005.5,2009.5,2009.75
"72564",2005.5,2005.5,2009.5
"72565",2005.5,2005.5,2005.5
"72566",2005.5,2005.5,2005.5
"72567",2005.25,2005.25,2005.25
"72568",2009,2009.5,2009.5
"72569",2006.5,2006.5,2006.5
"72571",2005.25,2005.25,2005.25
"72572",2010.25,2011,2011
"72573",2006.5,2006.5,2006.5
"72576",2005.5,2007.25,2007.25
"72577",2005.5,2006.5,2006.5
"72578",2007.25,2007.25,2008
"72579",2005.5,2006.5,2010.75
"72581",2005,2005,2005
"72583",2007.25,2007.25,2007.25
"72584",2006.5,2006.5,2006.75
"72585",2005.5,2005.5,2005.5
"72587",2005.5,2005.5,2006.5
"72601",2007,2007.75,2007.75
"72611",2007.25,2008.5,2009.75
"72616",2007.25,2009.75,2009.75
"72617",2005.25,2006.75,2006.75
"72619",2004.5,2006.75,2007.25
"72623",2006.75,2006.75,2006.75
"72624",2011.75,2012.75,2014.5
"72626",2006.75,2007.25,2007.25
"72628",2013.5,2014.5,9999
"72629",2007,2007,2007.25
"72630",2010.75,2010.75,2010.75
"72631",2006.5,2008.25,2008.25
"72632",2006.5,2006.5,2006.5
"72633",2007,2007,2007.25
"72634",2005.25,2006.75,2012
"72635",2006.75,2007.25,2007.25
"72636",2007,2007,2007
"72638",2006,2006,2006
"72639",2005.25,2005.25,2005.25
"72640",2007,2007,2009.75
"72641",2011.5,2012.75,2012.75
"72642",2004.5,2006.75,2007.25
"72644",2007.75,2009.75,2009.75
"72645",2007,2007.25,2007.25
"72648",2009.75,2009.75,2009.75
"72650",2007,2007,2007.25
"72651",2004.25,2007.25,2007.25
"72653",2006.75,2006.75,2007.25
"72655",2011.25,2011.25,2012.25
"72658",2006.75,2007.25,2007.25
"72660",2005,2005,2005
"72661",2006.75,2006.75,2007.25
"72662",2009.25,2009.25,2009.75
"72663",2005.25,2005.25,2005.25
"72666",2012.75,2013.5,2014.5
"72668",2007.75,2010.75,2012.5
"72669",2007,2007,2007
"72670",2013.5,2014.5,9999
"72672",2009.75,2010.25,2012.25
"72675",2007,2007,2007.25
"72677",2007.25,2007.25,2012
"72679",2011.25,2011.25,2011.25
"72680",2005.25,2005.25,2005.25
"72682",2005.25,2007,2007
"72683",2011.25,2011.75,2012.75
"72685",2007,2007,2007
"72686",2011.25,2011.25,2011.25
"72687",2007,2007.75,2012
"72701",2006.25,2007.25,2007.25
"72703",2006,2006.5,2007.25
"72704",2005.75,2006,2006.25
"72712",2006.25,2006.25,2006.25
"72714",2005.25,2005.25,2005.25
"72715",2005.25,2005.25,2005.25
"72717",2006,2006,2006
"72718",2006.25,2006.25,2006.25
"72719",2006.25,2006.25,2006.25
"72721",2009.75,2015,2015
"72722",2006.25,2006.25,2006.25
"72727",2008.75,2008.75,2011.75
"72729",2007.5,2009.25,2009.75
"72730",2005.75,2005.75,2005.75
"72732",2005,2005,2006.25
"72734",2006.25,2006.25,2006.25
"72736",2006.75,2008.5,2009.25
"72738",2007.25,2007.75,2008.5
"72739",2005.25,2005.25,2005.25
"72740",2008.25,2008.75,2009.75
"72742",2013.5,2013.5,9999
"72744",2006,2006,2007.5
"72745",2006,2006,2006
"72747",2009.75,2009.75,2009.75
"72749",2006,2006,2006
"72751",2008.25,2008.25,2008.25
"72752",2013.5,2015,9999
"72753",2006,2006.25,2007.5
"72756",2005,2006,2006.25
"72758",2005,2005,2005
"72760",2009.75,2015,2015
"72761",2008.25,2008.75,2008.75
"72762",2006.25,2006.25,2006.25
"72764",2006,2006,2006
"72768",2009.25,2009.25,2009.25
"72769",2008.75,2010,2010.5
"72773",2008.5,2008.75,2008.75
"72774",2007.5,2008.5,2008.5
"72776",2009.75,2013.5,2015
"72801",2007.25,2007.25,2007.25
"72802",2007.25,2007.75,2007.75
"72821",2007.25,2007.25,2007.25
"72823",2007.25,2007.25,2007.25
"72824",2005.25,2005.75,2005.75
"72826",2006,2006,2006
"72827",2005.75,2005.75,2014.25
"72828",2005.75,2005.75,2006.75
"72830",2006,2006,2006
"72832",2007.25,2007.25,2007.25
"72833",2005.5,2005.75,2005.75
"72834",2005.5,2008,2008
"72835",2005.25,2007.25,2009
"72837",2007.75,2009,2010
"72838",2005.75,2005.75,9999
"72839",2010.75,2012.75,2014.75
"72840",2006,2006,2007.25
"72841",2005.75,2009.75,2009.75
"72842",2005.75,2005.75,2006
"72843",2010,2011.25,2011.25
"72845",2009,2010,2010
"72846",2007.25,2007.25,2007.25
"72847",2007.25,2007.25,2008
"72851",2006,2006,2006
"72852",2009.75,2010.75,2015
"72853",2005.25,2005.5,2005.5
"72854",2010.75,2013.5,2015
"72855",2006,2006,2006
"72856",2012.75,2013.5,2014.5
"72857",2005.5,2006.25,2014.25
"72858",2007.25,2007.25,2007.25
"72860",2005.75,2005.75,2005.75
"72863",2006,2006,2006
"72865",2006,2006,2006
"72901",2006,2006,2006
"72903",2006,2006,2006
"72904",2006,2006,2006
"72908",2006,2006,2006
"72916",2006,2006,2006
"72921",2009,2010,2010.75
"72923",2006,2008.25,2009.75
"72926",2009.25,2009.25,2009.75
"72927",2006,2007.5,2009.75
"72928",2005.25,2005.25,2005.25
"72930",2007.25,2007.25,2007.25
"72932",2009,2009.25,2009.75
"72933",2008.25,2009.75,2009.75
"72934",2007.5,2007.5,2007.5
"72935",2007.25,2009.25,2009.75
"72936",2005.5,2005.5,2005.5
"72937",2007.5,2009.75,2010.5
"72938",2007.5,2007.5,2008.25
"72940",2005.5,2005.5,2005.5
"72941",2009.25,2009.75,2010.5
"72943",2006,2006,2006
"72944",2007.25,2008.25,2009.75
"72945",2007.25,2007.5,2009.75
"72946",2007.5,2007.5,2007.5
"72947",2007.5,2009.75,2009.75
"72948",2007.5,2009.25,2009.75
"72949",2007.25,2009,2009.75
"72950",2006.75,2007.5,2007.5
"72951",2005.25,2005.25,2005.25
"72952",2007.5,2007.5,2007.5
"72955",2009,2009.25,2009.75
"72956",2006,2006,2008.25
"72958",2007.5,2007.5,2008.25
"72959",2007.5,2008.5,2009.25
"73002",2005.5,2005.5,2005.5
"73003",2005.5,2005.5,2005.5
"73004",2008.75,2008.75,2008.75
"73005",2006.5,2006.75,2006.75
"73006",2005.25,2005.75,2005.75
"73007",2005.5,2005.5,2005.5
"73008",2006,2006,2006
"73009",2005.25,2006.75,2007
"73010",2005.5,2005.5,2005.75
"73011",2005.5,2005.5,2005.5
"73012",2005.25,2005.25,2005.25
"73013",2005.5,2005.5,2005.5
"73014",2006.5,2006.5,2006.5
"73015",2009.75,2009.75,2009.75
"73016",2005.25,2005.25,2005.25
"73017",2006,2006,2006.25
"73018",2005.25,2005.5,2006
"73019",2005.75,2005.75,2005.75
"73020",2005.25,2005.25,2005.25
"73021",2006.25,2006.5,2006.75
"73024",2006.25,2006.25,2006.5
"73025",2005.25,2005.25,2005.25
"73026",2005.5,2005.75,2005.75
"73027",2005.25,2005.25,2005.25
"73028",2005.25,2005.25,2006.25
"73029",2005.25,2005.25,2005.75
"73030",2009.75,2009.75,2009.75
"73032",2008.25,2008.25,2008.25
"73033",2006.75,2006.75,2009.75
"73034",2005.5,2006,2006
"73036",2006,2006,2006.5
"73038",2005,2005,2006.75
"73040",2006.5,2006.75,2006.75
"73041",2006.5,2006.5,2006.5
"73042",2005.25,2005.25,2006.75
"73043",2006.75,2008,2009.75
"73044",2005,2005,2005.25
"73045",2005.25,2005.25,2008.25
"73047",2006,2006.5,2006.5
"73048",2005.75,2006.5,2006.5
"73049",2005.5,2005.5,2005.5
"73050",2005,2005,2005.25
"73051",2005.5,2005.5,2005.5
"73052",2005.5,2005.5,2005.5
"73053",2005.25,2006.25,2006.5
"73054",2005.5,2005.5,2008
"73055",2005.25,2006,2006.25
"73056",2006.5,2006.5,2006.5
"73057",2005.75,2005.75,2005.75
"73058",2005.25,2005.25,2008.25
"73059",2005.5,2005.5,2006.25
"73061",2005.25,2005.25,2005.25
"73062",2006.75,2009.75,2009.75
"73063",2005.25,2005.25,2005.25
"73064",2005.75,2005.75,2006.5
"73065",2006.25,2006.25,2006.25
"73066",2005.25,2005.25,2005.25
"73067",2006.75,2006.75,2006.75
"73068",2005.5,2005.5,2005.75
"73069",2005.75,2005.75,2005.75
"73071",2005.75,2005.75,2005.75
"73072",2005.5,2005.75,2005.75
"73073",2005.25,2005.25,2005.25
"73074",2009.75,2009.75,2009.75
"73075",2009.75,2010,2010.25
"73077",2005.75,2009,2009
"73078",2005.25,2005.25,2005.5
"73079",2006.25,2006.5,2006.5
"73080",2006.75,2006.75,2006.75
"73082",2006.25,2006.75,2006.75
"73084",2005,2005,2005.25
"73086",2010.25,2010.25,2010.25
"73089",2005.75,2005.75,2005.75
"73090",2006.5,2008.75,2008.75
"73092",2006.5,2006.5,2006.5
"73093",2005.5,2005.75,2005.75
"73095",2005.75,2005.75,2008.5
"73096",2005.5,2005.5,2005.75
"73097",2006,2006,2006
"73098",2009.75,2009.75,2010
"73099",2005.25,2005.25,2006.5
"73102",2006,2006,2006
"73103",2006,2006,2006
"73104",2005,2005,2005
"73105",2005,2005,2005
"73106",2006,2006,2006
"73107",2006,2006,2006
"73108",2006,2006,2006
"73109",2006,2006,2006
"73110",2005,2005,2005
"73111",2005,2005,2005
"73112",2006,2006,2006
"73114",2005.25,2005.5,2005.5
"73115",2005,2005,2005
"73116",2005.25,2005.25,2005.25
"73117",2005,2005,2005
"73118",2006,2006,2006
"73119",2006,2006,2006
"73120",2005.25,2005.25,2005.25
"73121",2005,2005,2005
"73122",2006,2006,2006
"73127",2006,2006,2006
"73128",2006,2006,2006
"73129",2005,2005,2005
"73130",2005,2005,2005
"73131",2005.5,2005.5,2005.5
"73132",2005.25,2005.25,2005.25
"73134",2005.25,2005.25,2005.25
"73135",2005,2005.75,2005.75
"73139",2006.25,2006.25,2006.25
"73141",2005,2005,2005
"73142",2005.25,2005.25,2005.25
"73145",2005,2005,2005
"73149",2005.75,2005.75,2005.75
"73150",2005.25,2005.75,2005.75
"73151",2005.5,2005.5,2005.5
"73159",2006,2006,2006.25
"73160",2005.75,2005.75,2005.75
"73162",2005.25,2005.25,2005.25
"73165",2005.75,2005.75,2005.75
"73169",2006,2006.25,2006.25
"73170",2006.25,2006.25,2006.25
"73173",2006.25,2006.25,2006.25
"73179",2006,2006,2006
"73401",2005.25,2005.25,2006.5
"73425",2007.5,2007.5,2007.5
"73430",2011.25,2011.25,2011.25
"73432",2010.25,2010.25,2010.25
"73433",2009.75,2009.75,2009.75
"73434",2008.5,2009.5,2009.75
"73437",2009.5,2009.5,2009.5
"73438",2009.5,2009.5,2009.5
"73439",2005,2005,2007.5
"73440",2005.75,2010,2010
"73441",2011.25,2011.25,2011.25
"73442",2005.75,2005.75,2007.5
"73443",2005,2005,2005.75
"73444",2009.75,2009.75,2009.75
"73446",2009.25,2010,2010
"73447",2009.75,2010,2010
"73448",2005.25,2005.5,2008.25
"73449",2009.25,2009.25,2009.25
"73450",2010.25,2010.25,2010.25
"73453",2008.25,2009.75,2009.75
"73455",2010,2010,2010
"73456",2007.25,2007.25,2009.5
"73458",2007.25,2008.25,2009.5
"73459",2008.75,2009.75,2011.5
"73460",2010.25,2010.25,2010.25
"73461",2010,2010.25,2010.25
"73463",2007.25,2007.25,2009.5
"73481",2007.5,2007.5,2007.5
"73487",2007.5,2007.5,2007.5
"73491",2007.5,2007.5,2007.5
"73501",2005.25,2005.25,2005.75
"73503",2005.75,2005.75,2006
"73505",2005.25,2005.75,2009.75
"73507",2005.75,2006.75,2008.25
"73520",2005.75,2005.75,2005.75
"73521",2006.5,2008.25,2008.5
"73526",2006.5,2006.5,2006.5
"73527",2005.25,2005.25,2005.25
"73528",2005.75,2005.75,2005.75
"73529",2007.25,2007.25,2007.25
"73530",2005.75,2005.75,2005.75
"73531",2008.5,2009.25,2009.25
"73532",2006,2006,2006.75
"73533",2005.75,2007.25,2007.25
"73537",2009.5,2009.5,2009.5
"73538",2005.75,2005.75,2006.25
"73539",2005.75,2005.75,2005.75
"73540",2005.25,2005.25,2005.75
"73541",2005.25,2005.25,2006.25
"73542",2005.75,2005.75,2005.75
"73543",2005.75,2006,2006
"73544",2006,2006.5,2008
"73546",2006.25,2006.25,2006.25
"73547",2006.75,2006.75,2006.75
"73548",2005.75,2007.75,2007.75
"73549",2008.5,2008.5,2009.5
"73550",2006,2008,2008.25
"73551",2005.75,2005.75,2005.75
"73552",2006,2006,2006
"73553",2005.75,2005.75,2005.75
"73554",2007,2007.25,2008
"73555",2006,2006,2006
"73556",2007,2007,2008.5
"73557",2004,2005.75,2005.75
"73559",2008.75,2009.5,2009.5
"73560",2005.75,2005.75,2006.5
"73562",2008.5,2008.5,2009.25
"73564",2008.5,2009.5,2009.5
"73565",2008.25,2008.25,2008.25
"73566",2007.25,2008.25,2008.25
"73567",2007,2008.25,2008.25
"73568",2005.25,2005.25,2005.75
"73569",2010,2010.5,2010.5
"73570",2006,2006,2008.25
"73571",2008,2008,2008
"73572",2005.75,2006,2006.25
"73573",2007.25,2007.25,2007.25
"73601",2005.5,2005.5,2006.25
"73620",2005.5,2005.75,2005.75
"73622",2005.75,2006.25,2006.5
"73624",2005.75,2006.25,2006.5
"73625",2006,2006.25,2010.25
"73626",2006,2006,2006.25
"73627",2005.5,2005.5,2005.5
"73628",2006,2011.5,2012
"73632",2005.75,2006.5,2006.5
"73638",2012.25,2013.25,2013.25
"73639",2005.5,2005.75,2006
"73641",2005.75,2005.75,2006.25
"73642",2013.25,2013.25,2013.25
"73644",2006,2006,2006.25
"73645",2010,2010.25,2010.5
"73646",2007.25,2007.75,2010
"73647",2005.75,2006,2006.5
"73650",2006,2006,2006
"73651",2006.5,2006.5,2006.5
"73654",2012,2012,2013
"73655",2006.5,2006.5,2006.5
"73658",2007.25,2008.25,2009.5
"73659",2006,2007.25,2012.75
"73660",2012,2013.25,2013.25
"73661",2005.75,2006.5,2006.5
"73662",2006.25,2006.75,2010.25
"73663",2007,2011.25,2012.75
"73664",2005.75,2005.75,2005.75
"73666",2010,2010.25,2012.75
"73667",2012.75,2012.75,2014.75
"73669",2005.5,2005.75,2006
"73673",2007,2007,2007
"73701",2006.75,2006.75,2007
"73703",2006.75,2006.75,2007
"73705",2008,2008,2008
"73716",2009.75,2010.25,2013.5
"73717",2011.5,2013.25,2013.25
"73718",2007,2007.75,2008.25
"73719",2006.25,2006.25,2006.25
"73720",2006.75,2006.75,2006.75
"73722",2007.5,2007.5,2007.75
"73724",2011,2011,2011
"73726",2010.25,2013.5,2014.25
"73727",2007,2007,2007
"73728",2010,2014.25,2014.25
"73729",2009.75,2010.25,2013.25
"73730",2009.5,2009.5,2009.75
"73731",2010.5,2010.5,2013.5
"73733",2006.5,2006.75,2006.75
"73734",2006.5,2006.75,2010
"73735",2006.75,2006.75,2006.75
"73736",2008,2009.5,2009.5
"73737",2010,2012.75,2013.25
"73738",2009.75,2010,2010
"73739",2007.75,2008,2009.75
"73741",2010,2010,2013
"73742",2006.75,2006.75,2008
"73743",2007.75,2007.75,2008
"73744",2010,2011,2012.75
"73746",2010.5,2010.5,2013.5
"73747",2010,2012.75,2012.75
"73749",2007.5,2007.75,2012.25
"73750",2005.5,2006.5,2006.5
"73753",2007.25,2007.5,2007.5
"73754",2006.75,2007,2007
"73755",2011,2011,2015.75
"73756",2005,2005,2006.75
"73757",2006.5,2009.5,2009.5
"73758",2006.5,2007.5,2007.75
"73759",2008,2008,2009.75
"73760",2008.25,2008.25,2008.25
"73761",2007,2007.5,2007.75
"73762",2005.5,2005.5,2006
"73763",2007.75,2007.75,2012.75
"73764",2010,2010,2010
"73766",2007.5,2007.5,2008
"73768",2009.75,2009.75,2012.75
"73771",2007,2007,2007.5
"73772",2009.75,2011,2011
"73773",2007.75,2008,2008
"73801",2005.75,2005.75,2006.25
"73832",2012,2012.25,2013.25
"73834",2010.5,2013,2013
"73835",2006.5,2012,2012.75
"73838",2011.25,2011.25,2014.25
"73840",2005.75,2006.25,2006.25
"73841",2006.25,2006.75,2007.75
"73842",2007.75,2013.25,2015.5
"73843",2008.5,2012,2012.25
"73844",2007.5,2010.75,2010.75
"73848",2007.75,2008,2010.75
"73851",2007.75,2007.75,2007.75
"73852",2007.5,2008.5,2011.25
"73853",2011.25,2011.25,2011.25
"73855",2006.75,2013,2014.5
"73857",2005.75,2005.75,2008
"73858",2011.5,2012.25,2012.25
"73859",2011.25,2012,2012.75
"73860",2010,2010,2013.25
"73901",2007.25,2009.75,2010
"73931",2005,2005,2005
"73932",2007.25,2010.25,2010.5
"73933",2009.75,2009.75,2014.5
"73937",2009,2009.25,2009.75
"73938",2007,2007.75,2010.25
"73939",2010.5,2010.5,2010.75
"73942",2007.25,2007.25,2010.5
"73944",2007.25,2007.25,2007.25
"73945",2007.25,2008,2010
"73946",2009.75,2014.5,2015.25
"73947",2012,2012,2012
"73949",2007.25,2007.25,2008.75
"73950",2007.75,2009.75,2010
"73951",2005.75,2007.75,2009.75
"74001",2007.5,2008,2009.5
"74002",2007.75,2009.5,2009.5
"74003",2005.25,2005.25,2005.25
"74006",2007,2007,2007
"74008",2006.25,2006.25,2006.25
"74010",2007.25,2007.25,2007.25
"74011",2006.25,2006.25,2006.25
"74012",2005.5,2005.5,2006
"74014",2005.25,2005.25,2005.25
"74015",2005.25,2005.25,2005.25
"74016",2006.5,2007.5,2007.5
"74017",2005,2005.5,2005.5
"74019",2005.75,2005.75,2006.75
"74020",2007.5,2007.5,2007.5
"74021",2006.5,2006.75,2008.5
"74022",2005,2005,2006.25
"74023",2005.25,2005.75,2006.75
"74026",2009.5,2009.75,2010.5
"74027",2006.5,2007.5,2008
"74028",2006.5,2006.5,2006.5
"74029",2005,2005,2005
"74030",2005.25,2005.25,2005.25
"74032",2005.25,2005.25,2005.25
"74033",2005.25,2005.25,2005.25
"74034",2009.5,2009.5,2010.75
"74035",2009.5,2009.5,2009.5
"74036",2009,2009,2009
"74037",2005.25,2005.25,2005.25
"74038",2005.75,2006.25,2007.5
"74039",2005,2005,2007.25
"74041",2005.25,2005.25,2005.25
"74042",2008,2008.25,2009.25
"74044",2006.25,2006.25,2006.25
"74045",2005.75,2009,2009.5
"74046",2006.5,2006.5,2006.5
"74047",2009,2009.75,2009.75
"74048",2006.5,2006.5,2007
"74050",2005,2005,2005
"74051",2005.75,2005.75,2005.75
"74052",2005.75,2005.75,2005.75
"74053",2005,2005,2005
"74054",2006.25,2007.5,2007.5
"74055",2005,2005,2005
"74056",2008.75,2009,2009.5
"74058",2007.5,2010.75,2010.75
"74059",2005,2005.75,2005.75
"74060",2000,2000,2005.5
"74061",2005.5,2005.75,2005.75
"74062",2005.75,2005.75,2005.75
"74063",2005,2005,2005
"74066",2005,2005,2005.25
"74068",2005.25,2005.25,2005.25
"74070",2005,2005.5,2005.5
"74071",2007.25,2007.5,2007.75
"74072",2006.25,2006.5,2007.5
"74073",2005.5,2005.5,2005.5
"74074",2005.75,2005.75,2005.75
"74075",2005.75,2005.75,2005.75
"74078",2005.75,2005.75,2005.75
"74079",2009,2009,2009.5
"74080",2005,2005,2005
"74081",2006.25,2007.5,2007.5
"74082",2007,2009,2010.25
"74083",2006.25,2007,2007.5
"74084",2009.5,2009.5,2009.5
"74085",2005.75,2005.75,2005.75
"74103",2005,2005,2005
"74104",2005.5,2005.5,2005.5
"74105",2005,2005,2005
"74106",2005,2005,2005.5
"74107",2005,2005,2005
"74108",2005.25,2005.5,2005.5
"74110",2005,2005.25,2005.5
"74112",2005.5,2005.5,2005.5
"74114",2005,2005.5,2005.5
"74115",2005,2005.25,2005.5
"74116",2005.25,2005.5,2005.5
"74117",2005,2005,2005
"74119",2005,2005,2005
"74120",2005,2005,2005
"74126",2005.5,2005.5,2005.5
"74127",2005,2005,2005
"74128",2005.5,2005.5,2005.5
"74129",2005.5,2005.5,2005.5
"74130",2005,2005,2005
"74131",2005,2005,2005
"74132",2005,2005.25,2005.25
"74133",2005.5,2006.25,2006.25
"74134",2005.5,2005.5,2005.5
"74135",2005.5,2005.5,2005.5
"74136",2005.25,2005.5,2005.5
"74137",2006.25,2006.25,2006.25
"74145",2005.5,2005.5,2005.5
"74146",2005.5,2005.5,2005.5
"74301",2006,2006.5,2007.5
"74330",2007.5,2007.5,2008.75
"74331",2005,2007.5,2007.5
"74332",2006.5,2007.5,2008
"74333",2005.5,2006.25,2007.5
"74337",2005,2005.25,2005.75
"74338",2008.75,2009.75,2009.75
"74339",2005,2005,2005
"74340",2006,2006,2006
"74342",2006,2006,2006
"74343",2005,2006.75,2007.5
"74344",2005,2006,2006.5
"74346",2008.75,2009.75,2010
"74347",2009,2009,2009.75
"74349",2006,2006,2006
"74350",2006,2006,2006
"74352",2005,2006.75,2009
"74354",2005,2005,2005
"74358",2005,2005,2005
"74359",2009,2009,2009.75
"74360",2005,2005,2005
"74361",2005.25,2005.25,2007.5
"74363",2005,2005,2006
"74364",2005,2008.75,2009
"74365",2005,2007.75,2009
"74366",2005,2006,2006
"74367",2008.75,2008.75,2008.75
"74368",2009,2009,2009.75
"74369",2005,2005,2006.25
"74370",2005.25,2006.5,2007.5
"74401",2005,2005.25,2005.75
"74403",2005,2005.5,2005.75
"74421",2007.5,2007.75,2008
"74422",2007.25,2007.75,2008
"74423",2005,2006.75,2009
"74425",2005.25,2005.25,2005.25
"74426",2006,2008,2008
"74427",2009,2009,2009
"74428",2007.5,2008,2009
"74429",2005.25,2005.25,2005.5
"74430",2005.25,2005.25,2005.25
"74431",2006.5,2006.5,2006.5
"74432",2005.25,2006,2006.5
"74434",2005,2005,2006
"74435",2005,2005,2005
"74436",2005.5,2005.5,2006.75
"74437",2006.5,2006.5,2007.25
"74438",2008,2009,2009
"74441",2005,2006.75,2007
"74442",2008.75,2009.5,2009.75
"74445",2007.5,2008,2008.75
"74446",2006,2006,2006
"74447",2006.5,2007.25,2007.25
"74450",2005.5,2005.5,2005.5
"74451",2009,2009,2009
"74452",2006.5,2009,2009
"74454",2005.25,2005.25,2005.25
"74455",2005,2006.5,2008.5
"74456",2006.5,2006.5,2006.5
"74457",2008.75,2009,2009.75
"74458",2005.5,2005.5,2005.5
"74459",2005.5,2005.5,2005.5
"74460",2007.25,2007.25,2007.25
"74462",2006.5,2009,2009
"74463",2005,2005.5,2005.75
"74464",2006.5,2006.5,2007
"74467",2005.75,2006,2006
"74468",2005.5,2005.5,2005.5
"74469",2008,2008.5,2008.5
"74470",2007.5,2008.5,2009
"74471",2005,2006.5,2006.5
"74472",2005,2005,2005
"74477",2005,2005,2005
"74501",2007,2007,2008.25
"74521",2009.25,2009.25,2009.25
"74522",2007.5,2007.5,2008.75
"74523",2006.25,2006.5,2006.5
"74525",2008.5,2008.5,2009.75
"74528",2009,2009.5,2010.25
"74530",2009.75,2010,2010.25
"74531",2009.75,2009.75,2009.75
"74533",2009.75,2010.25,2010.25
"74534",2009.75,2010.25,2010.25
"74535",2008,2008,2008
"74536",2011.5,2015,9999
"74538",2009.5,2009.75,2009.75
"74540",2009.5,2009.5,2013
"74543",2006.75,2011.5,2011.5
"74546",2007.5,2007.5,2007.5
"74547",2007.5,2007.5,2008.75
"74549",2014.75,2015,2015
"74552",2006.25,2006.25,2006.25
"74553",2008.5,2009.5,2009.75
"74554",2007,2007,2007
"74555",2005.75,2005.75,2005.75
"74556",2008.5,2008.5,2008.5
"74557",2006.5,2006.5,2009.5
"74558",2011.5,9999,9999
"74560",2009.5,2010.25,2010.75
"74561",2006.5,2006.5,2006.5
"74562",2008.25,2011.5,2011.5
"74563",2005.75,2006.5,2008.5
"74565",2007.5,2008.75,2008.75
"74567",2011.5,2011.5,9999
"74569",2009.5,2009.5,2010.75
"74570",2009.75,2009.75,2009.75
"74571",2008.5,2009.25,2009.25
"74572",2008,2008,2008
"74574",2008.5,2009.25,2010.25
"74576",2009.5,2009.75,2010.75
"74577",2008.25,2008.25,2008.5
"74578",2008.75,2009,2009.25
"74601",2005.75,2005.75,2006.75
"74604",2005,2005,2006
"74630",2005.75,2005.75,2009
"74631",2005.5,2005.5,2006.75
"74632",2008.5,2008.5,2008.5
"74633",2005,2007.5,2009
"74636",2007,2008.5,2008.75
"74637",2007.5,2007.5,2009
"74640",2007.5,2007.75,2009.75
"74641",2009.75,2009.75,2009.75
"74643",2008,2008.75,2009.75
"74644",2005.75,2005.75,2009
"74646",2006.5,2006.5,2008.5
"74647",2008.5,2008.5,2009.75
"74650",2007.5,2009.5,2010.75
"74651",2005.75,2005.75,2009
"74652",2009.75,2009.75,2010.75
"74653",2005.75,2005.75,2005.75
"74701",2007.5,2008.75,2008.75
"74720",2007.5,2007.75,2009.25
"74722",2013.25,9999,9999
"74723",2008.5,2008.75,2008.75
"74724",2013.25,2015.25,9999
"74726",2008.75,2008.75,2008.75
"74727",2005.25,2006.5,2006.5
"74728",2007,2007.75,2009.5
"74729",2005.25,2009.5,2010.25
"74730",2007.5,2007.5,2007.5
"74731",2007,2007.5,2009.25
"74733",2007,2007.5,2007.75
"74734",2009.5,2011.75,2012.25
"74735",2006.75,2008,2008.25
"74736",2006.25,2006.75,2010.5
"74738",2006.25,2006.25,2006.25
"74740",2007.75,2008.5,2012
"74741",2007.5,2007.5,2007.5
"74743",2005.75,2006.25,2006.25
"74745",2006.25,2006.75,2007.75
"74747",2007.5,2007.75,2009.25
"74748",2010.25,2010.25,2010.25
"74750",2006.25,2006.25,2006.25
"74753",2007,2008,2009.25
"74754",2008.25,2008.75,2011.5
"74755",2008.25,2008.75,2009.5
"74756",2005.75,2006.25,2006.25
"74759",2005.25,2005.25,2005.25
"74760",2005.75,2005.75,2005.75
"74761",2008.25,2008.25,2010.5
"74764",2006.25,2006.75,2008.25
"74766",2007.75,2008.75,2010.5
"74801",2005.25,2005.25,2005.25
"74804",2005.25,2005.25,2005.25
"74820",2006,2006,2006
"74824",2005.75,2009,2010.5
"74825",2008.25,2008.25,2009.75
"74826",2006.25,2006.25,2008
"74827",2008.75,2008.75,2008.75
"74829",2010.25,2010.25,2010.25
"74830",2008,2008,2008
"74831",2008.5,2008.5,2008.5
"74832",2010.5,2010.5,2010.5
"74833",2010.25,2010.25,2010.25
"74834",2006.5,2008.75,2010.5
"74836",2010.25,2010.25,2013.25
"74837",2007.5,2007.5,2007.5
"74839",2009.75,2009.75,2010.25
"74840",2005.5,2006,2006
"74842",2009.75,2009.75,2009.75
"74843",2007,2009.75,2009.75
"74844",2006,2007.5,2007.75
"74845",2008.75,2009.75,2009.75
"74848",2007.5,2007.5,2008.75
"74849",2006.25,2006.25,2008
"74850",2009.75,2010.75,2012.75
"74851",2006.75,2007,2008.25
"74852",2005.5,2005.5,2006.25
"74854",2006.75,2008,2008
"74855",2007.25,2008.5,2008.5
"74856",2010.25,2010.25,2010.25
"74857",2007,2007,2007
"74859",2007.25,2007.5,2008
"74860",2010.25,2010.25,2010.25
"74864",2006,2006.75,2007.75
"74865",2007,2007,2009.75
"74867",2007.5,2007.5,2007.75
"74868",2006,2006,2006.75
"74869",2008.75,2009,2009.5
"74871",2008,2008.25,2009.75
"74872",2006,2006,2006
"74873",2005,2005,2005.25
"74875",2005.75,2008.75,2010.5
"74878",2005.5,2006,2008.5
"74880",2007.25,2007.25,2007.25
"74881",2008.75,2008.75,2008.75
"74883",2007.5,2007.5,2009.75
"74884",2007.5,2007.75,2007.75
"74901",2006,2006,2006
"74902",2006,2006,2006.25
"74930",2006.5,2006.75,2006.75
"74931",2006.5,2006.75,2009
"74932",2007.25,2007.5,2009
"74935",2006,2006.5,2011.25
"74936",2005,2006.25,2006.25
"74937",2005.5,2007.5,2008.25
"74939",2008,2008.25,2008.25
"74940",2005.5,2007.25,2007.25
"74941",2006.25,2006.5,2006.75
"74942",2006,2006,2006
"74943",2005.75,2005.75,2006.5
"74944",2006.75,2006.75,2006.75
"74945",2009,2009,2009.25
"74946",2006,2006,2006
"74948",2006,2006.5,2007.5
"74949",2008.25,2008.5,2009.25
"74951",2006.75,2007.25,2008.25
"74953",2006.75,2007.25,2007.25
"74954",2006,2006,2006
"74955",2006.25,2006.25,2006.5
"74956",2006.75,2006.75,2007.25
"74957",2013.25,2013.25,2014.75
"74959",2005,2006,2006.5
"74960",2005,2006,2006.25
"74962",2008.5,2009.25,2010.25
"74963",2014.75,2014.75,2015.25
"74964",2008.75,2008.75,2008.75
"74965",2008.75,2009.75,2010.75
"74966",2005,2006,2006
"75001",2005.75,2005.75,2005.75
"75002",2005,2005,2005
"75006",2005.25,2005.5,2005.75
"75007",2005.25,2005.25,2005.25
"75009",2007,2007,2007
"75010",2005.25,2005.25,2005.25
"75013",2006.25,2008.25,2008.25
"75019",2005.25,2006.25,2009.25
"75020",2007,2007,2007
"75021",2007.25,2007.25,2007.75
"75022",2008,2009.25,2009.25
"75023",2008.25,2008.25,2008.25
"75024",2005.25,2005.25,2008.25
"75025",2008.25,2008.25,2008.25
"75028",2009.25,2009.25,2009.25
"75032",2006,2006,2006
"75034",2006.25,2006.25,2006.25
"75035",2006.25,2006.25,2006.25
"75038",2005.25,2005.25,2005.25
"75039",2005.75,2005.75,2005.75
"75040",2006,2006.5,2006.5
"75041",2006.5,2006.5,2006.5
"75042",2006.5,2006.5,2006.5
"75043",2006,2006,2006
"75044",2006.5,2006.5,2006.5
"75048",2006,2006,2006
"75050",2005,2005,2005
"75051",2005,2005,2005
"75052",2005,2006,2006.75
"75054",2006.75,2006.75,2006.75
"75056",2005.25,2005.25,2005.25
"75057",2009.25,2009.25,2009.25
"75058",2007,2007.5,2009.5
"75060",2005,2005,2005.25
"75061",2005.25,2005.25,2005.75
"75062",2005.25,2005.75,2005.75
"75063",2005.25,2005.25,2005.25
"75065",2005,2005,2005
"75067",2009.25,2009.25,2009.25
"75068",2006.25,2006.25,2006.25
"75069",2006.25,2006.75,2008.25
"75070",2006.25,2006.25,2006.25
"75071",2006.25,2006.25,2006.75
"75074",2008.25,2008.25,2008.25
"75075",2008.25,2008.25,2008.25
"75076",2007.25,2009.25,2010
"75077",2009.25,2009.25,2009.25
"75078",2006.25,2006.25,2006.25
"75080",2006.5,2008.25,2008.25
"75081",2006.5,2006.5,2006.5
"75082",2008.25,2008.25,2008.25
"75087",2005.5,2006,2006
"75088",2006,2006,2006
"75089",2006,2006,2006
"75090",2007.25,2007.25,2007.25
"75092",2007.25,2007.25,2007.5
"75093",2005.25,2005.25,2005.25
"75094",2005,2005,2005
"75098",2005,2005,2005
"75101",2005,2005,2005
"75102",2005,2005,2005
"75103",2005.5,2005.5,2006
"75104",2006.75,2006.75,2006.75
"75105",2005.25,2005.25,2005.25
"75109",2006.75,2006.75,2006.75
"75110",2006.75,2006.75,2006.75
"75114",2006.5,2007.25,2008.5
"75115",2005.75,2005.75,2005.75
"75116",2005.75,2005.75,2005.75
"75117",2005.25,2005.25,2005.25
"75119",2005,2005.25,2005.25
"75124",2007.5,2007.5,2007.5
"75125",2007,2007.75,2007.75
"75126",2006,2006,2006.75
"75127",2005.25,2005.25,2005.25
"75132",2005.5,2005.5,2005.5
"75134",2005.75,2005.75,2005.75
"75135",2005.5,2006.5,2008.5
"75137",2005.75,2005.75,2005.75
"75140",2005.25,2006,2006.25
"75141",2007.75,2007.75,2007.75
"75142",2005.25,2005.25,2006.75
"75143",2006.75,2007.5,2007.5
"75144",2006.75,2006.75,2007.25
"75146",2006.5,2007.75,2007.75
"75147",2007.5,2007.5,2007.5
"75148",2005.5,2005.5,2007.25
"75149",2005,2005,2005.25
"75150",2005,2005,2005
"75152",2004.25,2005.75,2007
"75153",2005.25,2005.25,2005.25
"75154",2005.75,2006,2006
"75155",2006.75,2009.75,2009.75
"75156",2007.5,2007.5,2009.5
"75157",2006,2006.75,2007.5
"75158",2006.75,2006.75,2006.75
"75159",2007.5,2007.75,2008.5
"75160",2006.75,2009.25,2009.25
"75161",2005.5,2006.75,2006.75
"75163",2005.5,2007.25,2007.25
"75164",2005.25,2005.25,2005.25
"75165",2006,2006,2006
"75166",2005,2005,2005.25
"75167",2006,2006.5,2008.25
"75169",2006.75,2006.75,2006.75
"75172",2007.75,2007.75,2007.75
"75173",2005.25,2005.25,2005.25
"75180",2005,2005,2005
"75181",2006,2006,2006
"75182",2006,2006,2006
"75189",2005.5,2005.5,2005.5
"75201",2005.25,2005.25,2005.25
"75202",2005.25,2005.25,2005.25
"75203",2005.25,2005.25,2005.25
"75204",2005.25,2005.25,2005.25
"75205",2005.75,2005.75,2005.75
"75206",2005.75,2006.5,2006.5
"75207",2005.25,2005.25,2005.25
"75208",2005.25,2005.25,2005.25
"75209",2005.75,2005.75,2005.75
"75210",2005,2005,2005
"75211",2005.25,2005.25,2005.25
"75212",2005.25,2005.25,2005.25
"75214",2005,2006.5,2006.5
"75215",2005,2005,2005
"75216",2005.25,2005.25,2005.25
"75217",2005,2005,2005
"75218",2006.5,2006.5,2006.5
"75219",2005.25,2005.25,2005.25
"75220",2005.75,2005.75,2005.75
"75223",2005,2005,2005
"75224",2005.25,2005.25,2005.25
"75225",2005.75,2005.75,2005.75
"75226",2005,2005.25,2005.25
"75227",2005,2005,2005
"75228",2005,2005,2006.5
"75229",2005.75,2005.75,2005.75
"75230",2005.75,2005.75,2005.75
"75231",2006.5,2006.5,2006.5
"75232",2005.75,2005.75,2005.75
"75233",2005.25,2005.25,2005.25
"75234",2005.75,2005.75,2005.75
"75235",2005.75,2005.75,2005.75
"75236",2005.25,2005.25,2005.25
"75237",2005.75,2005.75,2005.75
"75238",2006.5,2006.5,2006.5
"75240",2005.75,2006.5,2006.5
"75241",2005.75,2005.75,2007.75
"75243",2006.5,2006.5,2006.5
"75244",2005.75,2005.75,2005.75
"75246",2005,2005,2005
"75247",2005.25,2005.25,2005.25
"75248",2005.75,2005.75,2006.5
"75249",2006.75,2006.75,2006.75
"75251",2006.5,2006.5,2006.5
"75252",2005.25,2005.25,2008.25
"75253",2007.75,2007.75,2007.75
"75254",2005.75,2005.75,2005.75
"75270",2005.25,2005.25,2005.25
"75287",2005.25,2005.25,2005.25
"75390",2005.25,2005.25,2005.25
"75401",2006.25,2006.25,2006.5
"75402",2006.5,2006.5,2006.5
"75407",2005,2005.5,2005.5
"75409",2006.75,2006.75,2006.75
"75410",2007,2007,2007
"75411",2005.75,2006.75,2008
"75412",2005.75,2007.5,2010.5
"75413",2009,2010.25,2011
"75414",2009.75,2010.25,2011.5
"75415",2005.25,2005.25,2005.25
"75416",2005.25,2005.25,2005.25
"75417",2006.25,2008,2008
"75418",2008,2009.75,2010.25
"75420",2005.25,2005.25,2005.25
"75421",2009.75,2009.75,2009.75
"75422",2006.5,2006.5,2006.5
"75423",2006.25,2006.75,2006.75
"75424",2005.5,2005.5,2005.5
"75426",2009.75,2010.5,2010.5
"75428",2008.75,2008.75,2008.75
"75431",2005.25,2005.25,2006.75
"75432",2005.25,2005.25,2005.25
"75433",2005.25,2005.25,2005.25
"75435",2005.25,2005.25,2005.25
"75436",2005.75,2005.75,2005.75
"75437",2009.25,2009.75,2010
"75438",2007.5,2007.5,2008
"75439",2010.25,2010.25,2011
"75440",2007,2007.5,2007.5
"75441",2005.25,2005.25,2005.25
"75442",2005.5,2005.5,2005.5
"75446",2008,2008,2008
"75447",2007.5,2007.5,2009.5
"75448",2005.25,2005.25,2005.25
"75449",2005.25,2005.25,2007.5
"75450",2005.25,2007.75,2009.75
"75451",2006.75,2007.25,2008
"75452",2006.75,2006.75,2006.75
"75453",2006,2006.5,2007.5
"75454",2006.75,2006.75,2006.75
"75455",2005.25,2005.25,2005.25
"75457",2005.25,2005.25,2005.25
"75459",2007.25,2008.5,2008.5
"75460",2005.25,2005.25,2005.25
"75462",2005.75,2007.75,2007.75
"75468",2005,2005,2005
"75469",2005.25,2005.25,2005.25
"75470",2008,2008.25,2008.75
"75471",2005.25,2006.75,2006.75
"75472",2006.75,2007.5,2007.5
"75473",2005.25,2005.25,2005.75
"75474",2007.5,2007.5,2009.5
"75475",2010.25,2010.25,2011
"75476",2007.5,2008.75,2010.25
"75477",2005.25,2005.25,2005.25
"75478",2005.25,2005.25,2006.75
"75479",2008.5,2010.25,2011.5
"75480",2005.25,2005.25,2006.25
"75481",2005.25,2005.25,2005.25
"75482",2005.25,2007.75,2009.25
"75486",2008.75,2009.75,2011
"75487",2005.25,2008,2008
"75488",2007.5,2007.5,2011
"75489",2006,2006,2006
"75490",2006,2006,2006.75
"75491",2006,2006,2006
"75492",2007.5,2007.5,2008
"75493",2005.25,2005.25,2005.25
"75494",2005.25,2006.75,2009.75
"75495",2006.75,2006.75,2008.5
"75496",2009,2009,2009
"75497",2006.75,2006.75,2007
"75501",2005.75,2005.75,2008.25
"75503",2005.75,2005.75,2005.75
"75550",2005.75,2007.25,2009.5
"75551",2005.5,2005.75,2005.75
"75554",2005.75,2006.25,2009
"75555",2005.5,2005.75,2005.75
"75556",2005.5,2005.5,2005.5
"75558",2006.25,2006.25,2006.25
"75559",2005.25,2005.25,2005.75
"75560",2005.75,2005.75,2006
"75561",2005.5,2005.75,2005.75
"75562",2005.75,2007.75,2007.75
"75563",2005.75,2005.75,2005.75
"75565",2005.5,2005.75,2008
"75566",2005.75,2005.75,2005.75
"75567",2005.75,2005.75,2005.75
"75568",2005.25,2005.25,2005.25
"75569",2005.75,2005.75,2005.75
"75570",2005.75,2005.75,2005.75
"75571",2005.25,2005.25,2005.25
"75572",2005.75,2010.5,2010.5
"75573",2005.75,2005.75,2005.75
"75574",2005.25,2005.75,2005.75
"75601",2006.5,2006.5,2006.5
"75602",2006.5,2006.75,2006.75
"75603",2006.5,2006.5,2006.5
"75604",2006,2006.5,2006.5
"75605",2006.5,2006.5,2006.5
"75630",2005.75,2005.75,2005.75
"75631",2009.75,2009.75,2009.75
"75633",2006.25,2006.25,2008
"75638",2005.25,2005.25,2005.75
"75639",2007.75,2008.75,2010
"75640",2005.75,2006,2006
"75641",2006.75,2006.75,2006.75
"75642",2007.75,2007.75,2007.75
"75643",2009,2009,2009.5
"75644",2005,2005.5,2005.5
"75645",2005,2005.5,2006
"75647",2005.25,2005.25,2005.25
"75650",2006.5,2006.5,2006.5
"75651",2005,2005,2005
"75652",2006.75,2007.75,2009.5
"75654",2006.75,2006.75,2007.75
"75656",2005.75,2005.75,2005.75
"75657",2005.75,2007.75,2007.75
"75661",2005.75,2006.5,2006.5
"75662",2006.5,2006.5,2006.5
"75667",2005.25,2005.25,2006.75
"75668",2005.75,2005.75,2005.75
"75669",2006.75,2007.75,2007.75
"75670",2005.75,2006.5,2006.5
"75672",2005.25,2005.25,2006.25
"75681",2005.25,2005.25,2006.75
"75682",2005.25,2005.25,2005.25
"75683",2005.75,2005.75,2005.75
"75684",2005.25,2005.25,2005.25
"75686",2005.25,2005.25,2005.25
"75691",2009.5,2009.75,2009.75
"75692",2006.5,2007.75,2007.75
"75693",2006.5,2006.5,2006.5
"75701",2005.25,2005.25,2005.25
"75702",2005.25,2005.25,2005.25
"75703",2005.25,2005.25,2005.25
"75704",2005.25,2006.25,2007.75
"75705",2005.25,2005.25,2006.25
"75706",2005.25,2005.25,2005.25
"75707",2005.25,2005.25,2010.25
"75708",2005.25,2005.25,2005.25
"75709",2005.25,2005.75,2005.75
"75750",2010.25,2010.25,2010.25
"75751",2005.75,2005.75,2007.75
"75752",2005.75,2005.75,2007.25
"75754",2006,2006,2007.25
"75755",2005.25,2008,2008
"75756",2009.5,2009.5,2009.5
"75757",2006.75,2009,2010.25
"75758",2005.75,2005.75,2005.75
"75759",2006.75,2006.75,2006.75
"75760",2005.25,2005.25,2007.25
"75762",2005.75,2005.75,2005.75
"75763",2006.75,2006.75,2006.75
"75764",2005.25,2005.25,2005.25
"75765",2005.25,2005.25,2005.25
"75766",2005.25,2005.25,2006.75
"75770",2006.5,2006.5,2009.5
"75771",2005.25,2005.25,2005.25
"75773",2006,2010.75,2010.75
"75778",2007.25,2009.5,2009.5
"75779",2005.75,2005.75,2005.75
"75780",2005.25,2005.25,2005.25
"75783",2005,2005.25,2006.25
"75784",2005.25,2005.25,2005.25
"75785",2005.25,2005.25,2005.25
"75788",2005.25,2005.25,2005.25
"75789",2005.25,2006.75,2009.5
"75790",2006,2006,2006
"75791",2005.25,2005.25,2005.25
"75792",2005.25,2006.5,2010.25
"75801",2005.75,2007.5,2007.5
"75803",2007.5,2007.5,2008.75
"75831",2008.75,2010.75,2010.75
"75832",2005.25,2005.25,2005.25
"75833",2005.75,2010.75,2010.75
"75835",2007.25,2008.25,2008.25
"75838",2006.25,2006.25,2006.25
"75839",2009.25,2009.5,2010.75
"75840",2006.75,2006.75,2010.5
"75844",2008.25,2008.5,2009.25
"75845",2006.75,2006.75,2008.25
"75846",2005.25,2006.25,2006.25
"75847",2007.25,2009,2009.25
"75848",2006.75,2010.5,2010.5
"75849",2007.25,2007.25,2007.5
"75850",2009,2010.75,2010.75
"75851",2006.75,2008.25,2008.5
"75852",2005.5,2005.5,2008.5
"75853",2008.75,2008.75,2008.75
"75855",2009.5,2010.75,2010.75
"75856",2005.5,2005.5,2005.5
"75858",2009.25,2011.75,2011.75
"75859",2006.75,2006.75,2006.75
"75860",2005.5,2005.5,2006.25
"75861",2005.25,2006.5,2007.75
"75862",2005.25,2005.75,2006.75
"75901",2006.5,2009,2009.75
"75904",2006,2006,2007.25
"75925",2009,2009,2009
"75926",2005,2008.25,2009
"75928",2008.5,2008.5,2008.5
"75929",2005.75,2013.5,2013.5
"75930",2013.5,2013.5,2014
"75931",2005,2005,2005
"75932",2006,2006,2012
"75933",2006,2006,2006
"75934",2008.25,2008.25,2008.25
"75935",2012.25,2014.75,2015.25
"75936",2005.5,2006.5,2008.25
"75937",2009.75,2009.75,2013.5
"75938",2007.75,2008.25,2008.75
"75939",2008.25,2008.25,2009
"75941",2009,2009,2009.5
"75942",2007.75,2007.75,2007.75
"75943",2005.5,2009.5,2010.5
"75944",2009.75,2010.25,2012.5
"75946",2009.75,2009.75,2012.5
"75948",2006,2013,2013.75
"75949",2009.75,2009.75,2009.75
"75951",2005.25,2006.75,2006.75
"75954",2012.25,2013,2015.5
"75956",2006,2006.75,2008.5
"75959",2014,2015.5,2015.5
"75960",2006.5,2006.5,2006.5
"75961",2009.5,2009.75,2009.75
"75962",2006.25,2006.25,2006.25
"75964",2007.25,2007.25,2008.75
"75965",2006.25,2006.25,2006.25
"75966",2007.25,2007.5,2009
"75968",2014,2014.25,2014.25
"75969",2006,2007.25,2009.5
"75972",2014.25,2015.25,2015.5
"75973",2006.5,2013,2014
"75974",2009,2009,2009
"75975",2010.25,2012.25,2012.5
"75976",2005,2005,2006
"75977",2005.25,2009,2011.5
"75978",2010.25,2010.25,2010.25
"75979",2006.5,2006.5,2007.5
"75980",2008.25,2008.25,2008.25
"76001",2005,2005,2005
"76002",2006.75,2006.75,2006.75
"76006",2005,2005,2005
"76008",2006.5,2006.5,2006.5
"76009",2007.5,2007.5,2007.5
"76010",2005,2005,2005
"76011",2005,2005,2005
"76012",2006,2006,2006
"76013",2006,2006,2006
"76014",2005,2005,2005
"76015",2006,2006,2006
"76016",2006,2006,2006
"76017",2005,2006,2006
"76018",2005.75,2006.5,2006.75
"76020",2005,2006.75,2006.75
"76021",2006,2006.25,2006.25
"76022",2006.25,2006.25,2006.25
"76023",2005,2005,2005
"76028",2006.25,2006.25,2006.25
"76031",2007.25,2007.25,2007.25
"76033",2005.25,2005.25,2005.75
"76034",2006.25,2006.25,2006.25
"76035",2009,2009,2009
"76036",2006.25,2006.25,2006.25
"76039",2005.25,2005.25,2005.25
"76040",2005.25,2005.25,2005.25
"76041",2006.25,2007.5,2009.75
"76043",2005.75,2005.75,2006.5
"76044",2005.25,2006.25,2009
"76048",2006.25,2006.25,2006.25
"76049",2006.25,2006.25,2006.25
"76050",2006.25,2007.25,2007.5
"76051",2005.25,2005.25,2005.25
"76052",2005,2005,2005
"76053",2006.25,2006.25,2006.25
"76054",2006.25,2006.25,2006.25
"76055",2005.5,2005.5,2005.5
"76058",2007.25,2007.25,2007.25
"76059",2007.25,2007.25,2007.25
"76060",2005,2005,2005
"76061",2007.5,2007.5,2007.5
"76063",2005,2005,2005
"76064",2008.25,2008.75,2009.5
"76065",2006.75,2007.5,2010.75
"76066",2006.25,2006.25,2006.25
"76067",2008.25,2008.25,2008.25
"76070",2005.75,2005.75,2005.75
"76071",2005,2005,2005
"76073",2005.25,2005.25,2005.25
"76077",2005.75,2005.75,2005.75
"76078",2005,2005,2006.25
"76082",2008,2008,2008
"76084",2007.5,2007.5,2007.5
"76085",2000,2005,2005
"76086",2006.25,2007,2009.5
"76087",2006.75,2009.25,2009.5
"76088",2008.25,2008.25,2009.5
"76092",2005.5,2005.5,2006.25
"76093",2007.5,2007.5,2007.5
"76102",2005,2005,2005
"76103",2006,2006,2006
"76104",2005,2005,2005
"76105",2006,2006,2006
"76106",2005.5,2005.5,2005.5
"76107",2005,2005,2005
"76108",2006.5,2006.5,2006.5
"76109",2005,2005,2005
"76110",2005,2005,2005
"76111",2005,2005,2005
"76112",2006,2006,2006
"76114",2005,2005,2005
"76115",2005,2005,2005
"76116",2005,2005,2005
"76117",2006,2006.25,2006.25
"76118",2006,2006,2006
"76119",2006,2006,2006
"76120",2006,2006,2006
"76123",2006.25,2006.25,2006.25
"76126",2006.5,2008.25,2009
"76127",2005,2005,2005
"76129",2005,2005,2005
"76131",2005.5,2005.5,2005.5
"76132",2005,2005,2005
"76133",2005,2005,2006.25
"76134",2006.25,2006.25,2006.25
"76135",2005.5,2005.5,2006.75
"76137",2005.5,2006.25,2006.25
"76140",2005,2005,2006
"76148",2006.25,2006.25,2006.25
"76155",2005.25,2005.25,2005.25
"76164",2005,2005,2005
"76177",2005.5,2005.5,2005.5
"76179",2005.5,2005.5,2005.5
"76180",2006.25,2006.25,2006.25
"76182",2006.25,2006.25,2006.25
"76201",2005,2005,2005
"76205",2005,2005,2005
"76207",2006.5,2010.25,2010.25
"76208",2005,2005,2005
"76209",2005,2005,2005
"76210",2005,2005,2005
"76225",2007,2007,2010
"76226",2005.5,2010.25,2010.25
"76227",2006.25,2006.25,2007
"76228",2005.5,2005.5,2005.5
"76230",2006.25,2006.25,2007.25
"76233",2007.5,2009.5,2009.5
"76234",2006.5,2006.5,2007.75
"76238",2005,2006.5,2006.5
"76239",2006.5,2007.25,2008.75
"76240",2005.75,2005.75,2006.5
"76244",2005.5,2005.5,2006.25
"76245",2005.75,2005.75,2005.75
"76247",2005.5,2006.25,2006.25
"76248",2006.25,2006.25,2006.25
"76249",2006.5,2006.5,2006.5
"76250",2005.75,2006.25,2006.75
"76251",2006.25,2008.75,2008.75
"76252",2007.25,2007.25,2008.75
"76253",2006,2006.25,2008.25
"76255",2009.25,2010,2010.5
"76258",2007,2007,2007
"76259",2006.25,2010.25,2010.25
"76261",2009.25,2010,2010.5
"76262",2005.5,2005.5,2005.5
"76263",2006.5,2006.5,2006.5
"76264",2005.75,2007,2009.25
"76265",2008.75,2009.25,2011.25
"76266",2005,2006.5,2006.5
"76268",2007,2007.5,2010
"76270",2005.25,2006.25,2007.25
"76271",2007,2008.5,2010.25
"76272",2005,2005,2005
"76273",2005.75,2006.75,2009.5
"76301",2006,2006,2006
"76302",2005,2005,2005
"76305",2006,2008.25,2008.5
"76306",2006,2006,2006
"76308",2005,2005,2005
"76309",2006,2006,2006
"76310",2005,2006,2006
"76311",2006,2006,2006
"76351",2007.5,2008.25,2010
"76354",2008.5,2008.5,2008.5
"76357",2007.75,2007.75,2007.75
"76360",2006.75,2008.75,2008.75
"76363",2010.75,2010.75,2010.75
"76364",2005.75,2005.75,2005.75
"76365",2008.25,2008.25,2009.25
"76366",2008.25,2008.75,2010
"76367",2006.75,2006.75,2006.75
"76370",2006.75,2008.75,2008.75
"76371",2010.75,2010.75,2010.75
"76372",2006.25,2008,2008
"76373",2005.75,2005.75,2005.75
"76374",2007.25,2008.25,2010
"76377",2009.25,2009.25,2009.25
"76379",2006,2006,2006
"76380",2006.75,2008.75,2010.5
"76384",2005.75,2005.75,2007.25
"76388",2007.25,2007.25,2010.75
"76389",2006,2007.5,2009.75
"76401",2006,2006.75,2006.75
"76402",2006,2006,2006
"76424",2007.5,2008,2008.75
"76426",2007,2007,2009.5
"76427",2007.75,2007.75,2007.75
"76429",2007.5,2008,2009
"76430",2008.25,2008.25,2009
"76431",2006.25,2007,2007
"76432",2006.25,2008.75,2009.5
"76433",2006.25,2006.75,2006.75
"76435",2006.75,2006.75,2008.25
"76436",2007.25,2007.25,2008.25
"76437",2006.75,2008.25,2008.25
"76442",2005.5,2005.5,2006
"76443",2006,2008.25,2009.5
"76444",2006,2006,2006
"76445",2006,2006.75,2006.75
"76446",2006.25,2006.75,2006.75
"76448",2005.75,2006.75,2008.25
"76449",2005.25,2007.5,2009
"76450",2007.75,2008.25,2009
"76452",2007.25,2007.25,2007.25
"76453",2005.25,2005.25,2005.75
"76454",2006.5,2006.75,2006.75
"76455",2005.5,2007.25,2007.25
"76457",2007.25,2008.25,2008.5
"76458",2007,2007.25,2007.75
"76459",2007.25,2007.75,2009.5
"76460",2007.75,2008.25,2009.5
"76462",2006.25,2006.25,2006.5
"76463",2005.75,2005.75,2005.75
"76464",2010,2010,2010.75
"76466",2006.75,2008.25,2008.5
"76469",2006,2006,2006
"76470",2005.25,2005.75,2007.5
"76471",2006.75,2006.75,2006.75
"76472",2006.25,2006.25,2006.75
"76474",2006.5,2006.5,2006.75
"76475",2005.25,2005.25,2005.25
"76476",2006.25,2006.25,2006.25
"76481",2007.5,2007.75,2008.25
"76483",2005.75,2005.75,2005.75
"76484",2006.75,2009,2009
"76486",2007,2007,2007.5
"76487",2007.5,2007.5,2007.5
"76490",2007,2008.25,2009.5
"76491",2005.75,2006.75,2009
"76501",2008,2008.25,2008.25
"76502",2005.5,2006.5,2007.75
"76504",2008,2008.75,2009.5
"76508",2008.25,2008.75,2009.5
"76511",2006.25,2006.25,2008
"76513",2005.5,2005.5,2005.5
"76518",2005.25,2005.25,2005.5
"76519",2006,2006,2006
"76520",2006,2006.25,2006.25
"76522",2005.25,2005.25,2005.25
"76523",2005.5,2006.25,2006.25
"76524",2009.5,2009.5,2009.5
"76525",2006.75,2007.75,2008.75
"76527",2009.75,2009.75,2009.75
"76528",2005.75,2006,2006
"76530",2006.25,2006.25,2007.25
"76531",2007.25,2007.75,2008.25
"76534",2005.5,2005.5,2006.25
"76537",2008.75,2009,2009.75
"76538",2008.25,2008.25,2008.25
"76539",2005.25,2005.25,2006
"76541",2005.25,2005.25,2005.25
"76542",2005.25,2005.25,2006.5
"76543",2005.25,2005.25,2005.5
"76544",2005.25,2005.25,2005.25
"76548",2005,2005,2005.25
"76549",2005.25,2005.25,2006.5
"76550",2005.25,2006.25,2006.75
"76554",2000,2005.5,2005.5
"76556",2008,2010.5,2010.5
"76557",2006.5,2006.5,2006.5
"76559",2005.5,2005.5,2005.5
"76561",2006,2006,2006
"76565",2007.75,2007.75,2008.75
"76566",2005.75,2005.75,2005.75
"76567",2005.25,2005.25,2008.75
"76569",2006,2006.25,2008
"76570",2006.5,2006.5,2006.5
"76571",2005,2005,2005
"76573",2008.75,2008.75,2009.75
"76574",2005,2005,2006.25
"76577",2006.25,2008.25,2008.75
"76578",2008.25,2010,2010.75
"76579",2008.25,2008.25,2008.25
"76596",2009.5,2009.5,2009.5
"76597",2009.5,2009.5,2009.5
"76598",2009.5,2009.5,2009.5
"76599",2005.25,2005.25,2005.25
"76621",2006,2006.5,2008.5
"76622",2006.25,2006.25,2006.5
"76623",2006,2007.5,2009.75
"76624",2005.25,2005.25,2006
"76626",2005,2005.25,2006
"76627",2009.5,2009.5,2009.5
"76628",2007.5,2007.5,2007.5
"76629",2007.75,2007.75,2007.75
"76630",2005.75,2009.5,2009.5
"76631",2007.5,2007.5,2007.5
"76632",2006,2008.75,2010.75
"76633",2008.5,2008.5,2008.5
"76634",2008.25,2008.25,2008.5
"76635",2006,2006.5,2006.5
"76636",2009.5,2009.5,2009.5
"76637",2008.25,2008.25,2008.25
"76638",2006,2006,2006
"76639",2006.5,2008.75,2008.75
"76640",2006,2006,2006.5
"76641",2007.5,2008.75,2008.75
"76642",2007,2007,2007
"76643",2005.25,2005.25,2005.25
"76645",2007.5,2007.75,2007.75
"76648",2006,2006,2006
"76649",2008.25,2008.25,2008.25
"76650",2007.5,2008.75,2008.75
"76651",2005.25,2006,2007.5
"76652",2008.25,2009.5,2009.5
"76653",2008.75,2009.75,2010.25
"76654",2005.25,2005.25,2005.25
"76655",2005.25,2005.25,2005.75
"76656",2007.25,2008.5,2008.75
"76657",2005.25,2005.25,2005.25
"76660",2006,2006,2006
"76661",2007.75,2008.75,2008.75
"76664",2004.5,2006,2006
"76665",2008.25,2008.25,2008.25
"76666",2007.5,2007.5,2007.5
"76667",2008.75,2008.75,2008.75
"76670",2005.25,2005.25,2005.25
"76671",2007.75,2008.25,2009.5
"76673",2005.25,2006,2006
"76676",2006,2006,2006
"76678",2006,2006,2006
"76679",2006,2006.5,2006.75
"76680",2007.75,2007.75,2008
"76681",2006.5,2006.75,2006.75
"76682",2006,2006,2006
"76685",2006,2006.25,2008.75
"76686",2006.5,2006.5,2007
"76687",2007.75,2007.75,2008.75
"76689",2006.25,2006.75,2008.5
"76690",2006.5,2008.25,2009.5
"76691",2006,2006.25,2006.75
"76692",2005.5,2005.5,2006.25
"76693",2010.5,2010.75,2010.75
"76701",2005.75,2005.75,2005.75
"76704",2005.75,2005.75,2005.75
"76705",2005.75,2006,2006
"76706",2001.25,2005.75,2005.75
"76707",2005.75,2005.75,2005.75
"76708",2006.25,2006.5,2006.5
"76710",2005.75,2006.25,2006.5
"76711",2005.75,2005.75,2005.75
"76712",2006.5,2006.5,2006.5
"76798",2005.75,2005.75,2005.75
"76801",2005.75,2006.25,2007
"76802",2005.25,2005.25,2005.75
"76820",2014,2014,2014
"76821",2008.25,2008.25,2008.75
"76823",2006.25,2007,2007
"76824",2007.25,2008.25,2011
"76825",2011.75,2014,2017.75
"76827",2006.75,2006.75,2006.75
"76828",2009.75,2010,2010
"76831",2006.75,2011,2013
"76832",2008,2011,2013
"76834",2007,2008.25,2009.5
"76836",2006.75,2006.75,2006.75
"76837",2008.75,2013.75,2013.75
"76841",2007.5,2008,2008.5
"76842",2011.75,2013,2014
"76844",2006,2007,2008.25
"76845",2005.5,2005.5,2006.75
"76848",2008.25,2008.25,2013.25
"76849",2006.75,2008,2008.5
"76852",2006.75,2008.5,2011
"76853",2005.5,2005.5,2006.75
"76854",2006.75,2008.5,2013.25
"76856",2014,2014,2014
"76857",2005.75,2005.75,2006.75
"76858",2011.75,2011.75,2017.75
"76859",2007.5,2013.75,9999
"76861",2007.25,2007.5,2007.5
"76862",2005.5,2005.5,2011
"76864",2007,2008.75,2010
"76865",2007.25,2007.25,2007.25
"76866",2008.25,2008.25,2008.75
"76869",2013,2013,2014
"76870",2007.25,2007.75,2008.75
"76871",2007.75,2011.25,2012
"76872",2006.75,2006.75,2007.75
"76873",2006.75,2006.75,2007.25
"76874",2008,2008,2008.5
"76875",2008.25,2008.25,2008.25
"76877",2007.25,2008.75,2011
"76878",2006.75,2007.25,2007.25
"76882",2007.25,2009.5,2009.5
"76884",2005.5,2005.5,2009.5
"76885",2008,2013,2013
"76887",2011.75,2011.75,2014
"76888",2010.25,2010.25,2010.25
"76890",2006.25,2007,2009.5
"76901",2007,2007.25,2009
"76903",2005.25,2005.25,2005.25
"76904",2007,2007.25,2007.25
"76905",2007.25,2007.25,2007.25
"76908",2007,2007,2007
"76930",2009,2009,2009
"76932",2008,2009,2012.75
"76933",2007.25,2007.5,2011.75
"76934",2007,2007.25,2007.25
"76935",2007.5,2008.75,2008.75
"76936",2008.75,2010,2010
"76937",2007.25,2007.5,2007.5
"76939",2007,2007.25,2008.75
"76940",2007.5,2007.5,2007.5
"76941",2009,2009,2009
"76943",2008.75,2011.5,2015.5
"76945",2008.75,2011.75,2012
"76949",2012.75,2012.75,2012.75
"76950",2007,2008,2010
"76951",2009,2009.5,2009.5
"76953",2005.75,2005.75,2007.25
"76955",2008.25,2008.75,2010.75
"76957",2007.25,2007.25,2007.25
"76958",2007.25,2009.5,2009.5
"77002",2005.5,2005.5,2005.5
"77003",2005.5,2005.5,2005.5
"77004",2005.5,2005.5,2005.5
"77005",2005,2005,2005
"77006",2005.5,2005.5,2005.5
"77007",2005.25,2005.5,2005.5
"77008",2005,2005.5,2005.5
"77009",2005.5,2005.5,2005.5
"77010",2005.5,2005.5,2005.5
"77011",2005.5,2005.5,2005.5
"77012",2005.5,2005.5,2005.5
"77013",2005.5,2005.5,2005.5
"77014",2005,2005,2005.75
"77015",2005.5,2005.5,2005.5
"77016",2005.5,2005.5,2005.5
"77017",2005.5,2006.25,2006.25
"77018",2005,2005,2005.5
"77019",2005.5,2005.5,2005.5
"77020",2005.5,2005.5,2005.5
"77021",2005.5,2006.25,2006.25
"77022",2005.5,2005.5,2005.5
"77023",2005.5,2005.5,2005.5
"77024",2005,2005,2005
"77025",2005.25,2005.25,2005.25
"77026",2005.5,2005.5,2005.5
"77027",2005,2005,2005
"77028",2005.5,2005.5,2005.5
"77029",2005.5,2005.5,2005.5
"77030",2005.5,2005.5,2005.5
"77031",2005.25,2005.25,2005.25
"77032",2005.5,2005.5,2005.5
"77033",2006.25,2006.25,2006.25
"77034",2005.5,2005.5,2005.5
"77035",2005.25,2005.25,2005.25
"77036",2005,2005,2005
"77037",2005.5,2005.5,2005.5
"77038",2005,2005,2005
"77039",2005.5,2005.5,2005.5
"77040",2005,2005,2005
"77041",2005,2005,2005
"77042",2005,2005,2005
"77043",2005,2005,2005.5
"77044",2006.75,2006.75,2006.75
"77045",2005.25,2005.25,2005.25
"77046",2005,2005,2005
"77047",2006.25,2006.25,2006.25
"77048",2006.25,2006.25,2006.25
"77049",2005.5,2005.5,2005.5
"77050",2005.5,2005.5,2005.5
"77051",2006.25,2006.25,2006.25
"77053",2005.25,2005.25,2005.25
"77054",2006.25,2006.25,2006.25
"77055",2005,2005,2005
"77056",2005,2005,2005
"77057",2005,2005,2005
"77058",2005.25,2005.5,2005.5
"77059",2005.5,2005.5,2005.5
"77060",2005.5,2005.5,2005.5
"77061",2006.25,2006.25,2006.25
"77062",2005.5,2005.5,2005.5
"77063",2005,2005,2005
"77064",2005,2005,2005
"77065",2005,2005,2005
"77066",2005,2005,2005
"77067",2005,2005,2005
"77068",2005.75,2005.75,2005.75
"77069",2005.75,2005.75,2005.75
"77070",2005,2005.75,2005.75
"77071",2005.25,2005.25,2005.25
"77072",2005.5,2005.5,2005.5
"77073",2005.25,2005.25,2005.25
"77074",2005.25,2005.25,2005.25
"77075",2006.25,2006.25,2006.25
"77076",2005.5,2005.5,2005.5
"77077",2005.5,2005.5,2005.5
"77078",2005.5,2005.5,2006.25
"77079",2005.5,2005.5,2005.5
"77080",2005,2005,2005
"77081",2005,2005,2005
"77082",2005.5,2005.5,2005.5
"77083",2005.5,2005.5,2005.75
"77084",2005.5,2005.5,2005.5
"77085",2005.25,2005.25,2005.25
"77086",2005,2005,2005
"77087",2006.25,2006.25,2006.25
"77088",2005,2005,2005
"77089",2005.5,2005.5,2005.5
"77090",2005.75,2005.75,2005.75
"77091",2005,2005,2005
"77092",2005,2005,2005
"77093",2005.5,2005.5,2005.5
"77094",2005.5,2005.5,2005.5
"77095",2005,2005,2005
"77096",2005.25,2005.25,2005.25
"77098",2005,2005.5,2005.5
"77099",2005.75,2005.75,2005.75
"77201",2005.5,2005.5,2005.5
"77301",2006,2006,2006
"77302",2005.25,2005.25,2005.25
"77303",2006,2006,2006
"77304",2000.25,2007,2007
"77306",2005.75,2005.75,2006
"77316",2006.75,2006.75,2006.75
"77318",2005.25,2005.25,2005.25
"77320",2007,2007,2007
"77326",2007.25,2007.25,2007.25
"77327",2007.25,2009.25,2009.25
"77328",2008,2008,2008
"77331",2005,2005,2006
"77334",2005.25,2005.25,2005.25
"77335",2007.25,2007.25,2007.25
"77336",2005.25,2006,2006
"77338",2005.25,2005.25,2005.5
"77339",2006,2006,2006
"77340",2005.75,2005.75,2006
"77342",2007,2007,2007
"77345",2006,2006,2006
"77346",2006,2006.5,2006.75
"77350",2007,2007,2007
"77351",2007,2007.25,2009
"77354",2005.5,2005.5,2005.5
"77355",2005.5,2005.5,2005.5
"77356",2005.25,2005.25,2005.25
"77357",2005.75,2005.75,2005.75
"77358",2005.25,2005.25,2005.25
"77359",2005.25,2005.25,2005.75
"77360",2005.25,2006,2006
"77362",2000,2005.5,2005.5
"77363",2005.5,2005.5,2005.5
"77364",2006,2006,2006
"77365",2005.25,2005.25,2006
"77367",2005.25,2005.25,2005.25
"77368",2007.25,2007.25,2007.25
"77369",2008.5,2008.5,2008.5
"77371",2007.25,2007.5,2007.5
"77372",2005.75,2005.75,2005.75
"77373",2005.25,2005.25,2005.25
"77374",2008.5,2008.5,2008.75
"77375",2005.75,2005.75,2005.75
"77376",2007.25,2008.5,2008.5
"77377",2006.25,2006.25,2006.25
"77378",2005.25,2005.25,2005.25
"77379",2005.75,2005.75,2005.75
"77380",2005.75,2005.75,2005.75
"77381",2005.75,2005.75,2005.75
"77382",2005.75,2005.75,2005.75
"77384",2005.75,2005.75,2005.75
"77385",2005.25,2005.25,2005.25
"77386",2005.25,2005.25,2005.25
"77388",2005.75,2005.75,2005.75
"77389",2005.75,2005.75,2005.75
"77396",2005.5,2006.75,2006.75
"77401",2005,2005,2005
"77406",2009.5,2009.5,2009.5
"77407",2005.5,2005.75,2005.75
"77412",2007,2008.75,2010.5
"77414",2008.5,2008.5,2009.75
"77415",2001,2009.75,2009.75
"77417",2009.5,2009.5,2010
"77418",2007.25,2007.25,2007.25
"77419",2006.75,2007.25,2008
"77420",2006.75,2006.75,2006.75
"77422",2006,2006,2006
"77423",2006.75,2006.75,2007.25
"77426",2008,2008,2008
"77428",2008,2008,2008
"77429",2006.25,2006.25,2006.25
"77430",2008.25,2008.25,2008.25
"77432",2006.75,2007.25,2007.25
"77433",2005,2005.75,2006.25
"77434",2005.75,2007,2008.25
"77435",2007,2008.25,2008.25
"77436",2008.25,2008.25,2009
"77437",2008.25,2008.5,2009
"77440",2007.25,2007.25,2007.25
"77441",2005.25,2005.25,2005.25
"77442",2010.25,2010.25,2010.5
"77443",2009,2009,2009
"77444",2009.75,2010,2010.25
"77445",2005.5,2006.75,2008
"77446",2008,2008,2008
"77447",2005.75,2005.75,2005.75
"77448",2008.25,2008.25,2008.25
"77449",2005,2005.25,2005.5
"77450",2005.5,2005.5,2005.5
"77451",2009.5,2009.75,2010
"77453",2005.5,2005.5,2005.5
"77454",2005.75,2007,2008.25
"77455",2007.5,2008.5,2008.5
"77456",2007.25,2007.25,2007.25
"77457",2008,2008.5,2010.25
"77458",2006.75,2006.75,2006.75
"77459",2005.5,2005.5,2005.5
"77460",2009,2009,2009
"77461",2006.25,2006.75,2008.25
"77464",2005.25,2005.25,2005.25
"77465",2007.25,2007.25,2007.25
"77466",2008.25,2008.25,2008.25
"77467",2009,2009.75,2009.75
"77468",2005.5,2005.5,2005.5
"77469",2005.75,2006.75,2006.75
"77470",2007.5,2008.75,2010.5
"77471",2005.5,2005.5,2009.5
"77473",2009,2009,2009
"77474",2008.25,2008.75,2009
"77475",2008.25,2008.75,2010.5
"77476",2005.25,2005.25,2008.25
"77477",2005.25,2005.25,2005.25
"77478",2005.75,2005.75,2005.75
"77479",2005.75,2005.75,2005.75
"77480",2005.25,2006,2006.75
"77481",2005.5,2005.5,2005.5
"77482",2005.5,2005.5,2009.25
"77483",2008.5,2009.75,2009.75
"77484",2005.5,2005.75,2006.75
"77485",2005.25,2005.25,2005.25
"77486",2008.25,2008.25,2008.25
"77488",2006.75,2008.25,2008.5
"77489",2005.25,2005.25,2005.25
"77493",2009.5,2009.5,2009.5
"77494",2005.25,2005.25,2005.25
"77498",2005.75,2005.75,2005.75
"77502",2005.5,2005.5,2005.5
"77503",2005.5,2005.5,2005.5
"77504",2005.5,2005.5,2005.5
"77505",2005.5,2005.5,2005.5
"77506",2005.5,2005.5,2005.5
"77507",2006.25,2006.25,2006.25
"77510",2006.75,2006.75,2006.75
"77511",2006.25,2006.75,2006.75
"77514",2005.25,2005.25,2005.5
"77515",2007.25,2007.25,2007.25
"77517",2006.75,2006.75,2006.75
"77518",2006,2006,2006
"77519",2008.75,2008.75,2008.75
"77520",2006.75,2006.75,2006.75
"77521",2006.75,2006.75,2006.75
"77523",2007.25,2007.25,2007.25
"77530",2005.5,2005.5,2005.5
"77531",2009.5,2009.5,2009.5
"77532",2010.25,2010.25,2010.25
"77533",2007,2007,2008.75
"77534",2008,2008,2008
"77535",2007.25,2007.25,2009.75
"77536",2005.5,2005.5,2005.5
"77538",2006,2006,2006
"77539",2006,2006,2006
"77541",2009.5,2009.5,2010
"77545",2005.5,2005.5,2005.5
"77546",2005.25,2005.25,2005.25
"77547",2005.5,2005.5,2005.5
"77550",2005,2005,2005
"77551",2005,2007.5,2007.5
"77554",2006.75,2006.75,2007.5
"77560",2005.25,2005.25,2005.5
"77561",2008.75,2008.75,2008.75
"77562",2006.75,2006.75,2006.75
"77563",2006.75,2006.75,2006.75
"77564",2008.75,2008.75,2008.75
"77565",2006,2006,2006
"77566",2009.5,2009.5,2009.5
"77568",2006.75,2006.75,2006.75
"77571",2006.25,2006.25,2006.25
"77573",2005.25,2005.25,2006
"77575",2007.25,2008.75,2008.75
"77577",2008,2009,2009
"77578",2006.25,2006.25,2006.25
"77580",2007.25,2009.25,2009.75
"77581",2006.25,2006.25,2006.25
"77583",2005.25,2005.5,2005.5
"77584",2006.25,2006.25,2006.25
"77585",2008.75,2008.75,2008.75
"77586",2006.25,2006.25,2006.25
"77587",2005.5,2005.5,2005.5
"77590",2006.75,2006.75,2006.75
"77591",2006.75,2006.75,2006.75
"77597",2005.25,2005.25,2005.25
"77598",2005.25,2005.25,2005.25
"77611",2006.25,2006.25,2006.25
"77612",2006,2006,2006.25
"77613",2007,2009.5,2009.75
"77614",2005.5,2005.5,2005.5
"77615",2006,2006,2009
"77616",2009.25,2009.25,2009.25
"77617",2009.75,2010.75,2010.75
"77619",2006.25,2006.25,2006.25
"77622",2005,2005,2005
"77623",2008,2008,2010.75
"77624",2005.5,2007.5,2007.5
"77625",2008.75,2008.75,2008.75
"77627",2005.5,2005.5,2005.5
"77629",2006.5,2006.5,2006.5
"77630",2005.75,2005.75,2006.25
"77632",2005.5,2005.5,2005.75
"77640",2005.5,2005.5,2007
"77642",2005.5,2006.25,2006.25
"77650",2005.25,2007.25,2009.25
"77651",2005.5,2005.5,2005.5
"77655",2007,2007,2007.25
"77656",2006.25,2006.25,2008.5
"77657",2009.75,2009.75,2009.75
"77659",2008.75,2008.75,2009
"77660",2005.5,2005.5,2006.5
"77661",2005.5,2005.5,2007
"77662",2006,2006,2007.75
"77663",2008.75,2008.75,2009.75
"77664",2008.75,2009.25,2009.75
"77665",2005,2005.5,2005.5
"77701",2005.5,2005.5,2005.5
"77702",2005.5,2005.5,2005.5
"77703",2005.5,2005.5,2005.5
"77705",2005.5,2005.5,2006.25
"77706",2005.5,2005.5,2005.5
"77707",2005.5,2005.5,2005.5
"77708",2005.5,2005.5,2005.5
"77713",2005.5,2005.5,2006.5
"77801",2005.25,2005.25,2005.25
"77802",2005.25,2005.25,2005.25
"77803",2005.25,2006,2006
"77807",2006,2008.25,2008.5
"77808",2006,2007.25,2008.5
"77830",2005.25,2005.75,2005.75
"77831",2006.75,2008.75,2009
"77833",2008,2008,2008.5
"77835",2008,2008.75,2009
"77836",2007.25,2008,2008
"77837",2005,2007.25,2008
"77840",2005.25,2005.25,2005.25
"77845",2007,2007.75,2007.75
"77853",2010,2010.5,2010.5
"77855",2009,2010.75,2011.25
"77856",2008,2009.75,2010.25
"77857",2007.25,2007.25,2007.25
"77859",2006.75,2006.75,2008.5
"77861",2005.25,2005.25,2006.5
"77864",2005.75,2005.75,2006.5
"77865",2010.75,2010.75,2012.5
"77867",2008.5,2008.5,2008.5
"77868",2005.5,2005.5,2005.5
"77871",2010.75,2011.25,2011.25
"77872",2006.5,2006.5,2006.5
"77873",2005.25,2005.5,2005.5
"77876",2009.75,2009.75,2009.75
"77878",2007,2007,2007
"77879",2007,2007,2009
"77880",2006,2006,2006
"77901",2005.5,2005.5,2005.5
"77904",2006.75,2006.75,2006.75
"77905",2007.75,2007.75,2008
"77950",2009,2010.75,2010.75
"77951",2007.75,2007.75,2007.75
"77954",2008,2008.75,2010
"77957",2007.5,2008.25,2008.25
"77960",2005.5,2006.75,2006.75
"77961",2007.25,2008,2008
"77962",2006.75,2006.75,2006.75
"77963",2006.75,2009.75,2009.75
"77964",2007.5,2007.5,2007.5
"77968",2006.75,2006.75,2008
"77969",2008,2008,2008
"77970",2007.5,2008,2008.5
"77971",2005.5,2006.75,2007.5
"77973",2008,2009.25,2009.75
"77974",2008,2010,2010
"77975",2007,2007,2007
"77976",2008,2008,2008
"77977",2008,2008,2008
"77978",2008,2008,2008
"77979",2007.5,2008,2008
"77982",2007.25,2007.25,2007.25
"77983",2007.75,2009,2009
"77984",2006.25,2006.75,2007
"77987",2006.25,2006.25,2006.25
"77988",2005.5,2005.5,2005.5
"77990",2009,2009.75,2009.75
"77991",2005.5,2005.5,2005.5
"77993",2010,2010,2010
"77994",2008.75,2008.75,2010
"77995",2006.25,2006.25,2006.75
"78001",2006.25,2006.25,2006.25
"78002",2008,2008,2008
"78003",2005.5,2005.5,2007
"78004",2006.75,2006.75,2006.75
"78005",2005.5,2005.5,2006.25
"78006",2006.75,2007,2007.25
"78007",2008.5,2008.5,2008.5
"78008",2007.75,2008.5,2010.25
"78009",2008,2010.5,2010.5
"78010",2006,2006,2007
"78011",2006.5,2006.5,2012.5
"78012",2006.75,2007,2007.75
"78013",2006.5,2006.5,2006.5
"78014",2008,2009.25,2011.75
"78015",2005.25,2005.25,2005.25
"78016",2007.25,2007.25,2007.25
"78017",2005.75,2005.75,2005.75
"78019",2009.5,2010.75,2010.75
"78021",2006.5,2011.75,2011.75
"78022",2009.75,2010,2010.25
"78023",2005.75,2007.25,2007.25
"78024",2011.25,2011.25,2013.5
"78025",2010.5,2010.5,2010.5
"78026",2006.25,2006.5,2006.75
"78027",2006.75,2006.75,2007
"78028",2007.25,2009.75,2009.75
"78029",2010.5,2010.5,2010.5
"78039",2008,2008,2008
"78040",2005.75,2005.75,2005.75
"78041",2005.75,2005.75,2005.75
"78043",2005.25,2005.75,2005.75
"78044",2007.75,2007.75,2007.75
"78045",2009.75,2009.75,2010
"78046",2008.75,2008.75,2010
"78050",2007.75,2008.5,2008.75
"78052",2005.25,2005.25,2005.25
"78055",2005.25,2005.5,2012.25
"78056",2007.25,2007.25,2007.25
"78057",2006,2007.25,2007.75
"78058",2009.75,2012.25,2012.25
"78059",2005.25,2005.25,2007.25
"78060",2009.25,2010,2010
"78061",2005.75,2006,2006
"78063",2005.5,2005.5,2007.25
"78064",2007.5,2008.5,2008.75
"78065",2005.25,2006.75,2008.5
"78066",2005.75,2005.75,2007.25
"78067",2009.75,2010.25,2010.25
"78069",2005.25,2005.25,2008.5
"78070",2006.75,2006.75,2007.25
"78071",2008.5,2008.5,2010
"78072",2008.5,2009.75,2012
"78073",2005,2005,2008.5
"78075",2008.5,2010.25,2012
"78076",2006.75,2008.5,2009
"78101",2007.75,2008.75,2009
"78102",2006.75,2006.75,2006.75
"78104",2006.75,2006.75,2006.75
"78107",2005.25,2006.75,2006.75
"78108",2006.75,2007.75,2007.75
"78109",2006.25,2006.25,2006.25
"78112",2008.75,2008.75,2008.75
"78113",2007.5,2007.75,2010
"78114",2007.5,2007.75,2008.75
"78116",2005.75,2010,2010
"78117",2010,2010.25,2011.5
"78118",2009.25,2010,2010.25
"78119",2009.25,2009.25,2009.5
"78121",2006.5,2006.5,2006.5
"78122",2006.5,2006.75,2006.75
"78123",2004,2005.75,2005.75
"78124",2006.75,2006.75,2008.75
"78125",2007,2009.5,2010
"78130",2006.5,2006.5,2006.75
"78132",2006.5,2006.5,2006.75
"78133",2007.25,2008,2008
"78140",2007,2007,2009.5
"78141",2005.25,2005.25,2009.5
"78142",2006.75,2006.75,2006.75
"78143",2010,2010,2012.75
"78144",2010.25,2010.25,2011.5
"78145",2005.25,2005.25,2005.25
"78146",2009.5,2009.5,2009.5
"78147",2007.75,2007.75,2007.75
"78148",2006.25,2006.25,2006.25
"78150",2006.25,2006.25,2006.25
"78151",2005.75,2009.5,2010.25
"78152",2006.5,2006.5,2008.75
"78154",2006.25,2007.75,2007.75
"78155",2005.75,2005.75,2006.5
"78159",2010,2010,2010
"78160",2009.5,2010,2010
"78161",2006.75,2006.75,2007.5
"78162",2006.75,2009.5,2009.5
"78163",2006.75,2006.75,2006.75
"78164",2006.75,2006.75,2010
"78201",2005.25,2005.25,2005.25
"78202",2005.25,2005.25,2005.25
"78203",2005.25,2005.25,2005.25
"78204",2005,2005,2005.25
"78205",2005.25,2005.25,2005.25
"78207",2005.25,2005.25,2005.25
"78208",2005.25,2005.25,2005.25
"78209",2005.25,2005.25,2005.25
"78210",2005,2005,2005
"78211",2005,2005,2005
"78212",2005.25,2005.25,2005.25
"78213",2005.25,2005.25,2005.25
"78214",2005,2005,2005
"78215",2005.25,2005.25,2005.25
"78216",2005.25,2005.25,2005.25
"78217",2005.25,2005.25,2005.25
"78218",2005.25,2005.25,2005.25
"78219",2005.25,2005.25,2005.25
"78220",2005.25,2005.25,2005.25
"78221",2005,2005,2005
"78222",2005,2005,2006.25
"78223",2005,2005,2005
"78224",2005,2005,2005
"78225",2005,2005,2005
"78226",2005,2005,2005
"78227",2005,2005,2005
"78228",2005,2005,2005
"78229",2005,2005,2005
"78230",2005,2005,2005
"78231",2005.25,2005.25,2005.25
"78232",2005.25,2005.25,2005.25
"78233",2006.25,2006.25,2007.75
"78234",2005.25,2005.25,2005.25
"78235",2005,2005,2005
"78236",2005,2005,2005
"78237",2005,2005,2005
"78238",2005,2005,2005
"78239",2006.25,2006.25,2006.25
"78240",2005,2005,2005
"78242",2005,2005,2005
"78243",2005,2005,2005
"78244",2006.25,2006.25,2006.25
"78245",2005,2005.75,2005.75
"78247",2005.25,2005.25,2005.5
"78248",2005.25,2005.25,2005.25
"78249",2005,2005,2005
"78250",2005,2005,2005
"78251",2005,2005,2005
"78252",2005,2007.75,2008
"78253",2005.75,2005.75,2005.75
"78254",2005.75,2005.75,2006.5
"78255",2005,2005,2005
"78256",2005,2005,2005
"78257",2005,2005,2005.25
"78258",2005.25,2005.25,2005.25
"78259",2005.25,2005.25,2005.25
"78260",2005.25,2005.5,2006.75
"78261",2005.25,2006.75,2006.75
"78263",2008.5,2009,2009.25
"78264",2008.5,2008.75,2008.75
"78266",2007.75,2007.75,2007.75
"78330",2006,2007.25,2007.25
"78332",2007,2008.25,2008.25
"78335",2005.5,2005.5,2005.5
"78336",2005.5,2005.5,2005.5
"78338",2008.25,2008.25,2008.25
"78339",2007.25,2007.25,2007.25
"78340",2006,2006,2007
"78341",2009.25,2009.5,2009.5
"78342",2007,2007,2008.25
"78343",2007,2007,2007
"78344",2010.5,2011.25,2011.75
"78349",2009,2009,2009
"78351",2007,2007,2007.25
"78352",2006.25,2006.25,2006.25
"78353",2009,2009,2010.25
"78355",2009,2009,2009
"78357",2009.5,2010.25,2010.25
"78358",2009.75,2011.5,2011.5
"78359",2005.5,2006,2006
"78361",2008.5,2010.25,2012.25
"78362",2005.5,2006,2006
"78363",2009,2009,2009.25
"78368",2006.75,2007.5,2008.25
"78369",2006.25,2008.75,2011.25
"78370",2006.25,2006.25,2006.75
"78371",2006.25,2007.75,2007.75
"78372",2008.5,2009.75,2009.75
"78373",2005.5,2005.5,2005.5
"78374",2006,2006,2006
"78375",2009,2009.5,2010.75
"78376",2009.25,2009.5,2009.5
"78377",2009.75,2009.75,2009.75
"78379",2009.25,2009.25,2009.25
"78380",2005.75,2006.25,2007
"78382",2007.75,2009,2009.75
"78383",2008.25,2008.5,2009.75
"78384",2006.5,2009,2009.25
"78385",2009.25,2009.25,2009.25
"78387",2006.75,2006.75,2006.75
"78389",2006.75,2006.75,2007.5
"78390",2006,2006,2006
"78391",2007.5,2007.5,2008.5
"78393",2006.75,2006.75,2009.75
"78401",2005.75,2005.75,2005.75
"78402",2005.75,2005.75,2005.75
"78404",2005.75,2005.75,2005.75
"78405",2005.25,2005.25,2005.75
"78406",2005.25,2005.25,2005.25
"78407",2005.25,2005.75,2005.75
"78408",2005.25,2005.25,2005.25
"78409",2005.25,2005.25,2005.25
"78410",2005.25,2005.25,2005.25
"78411",2005.75,2005.75,2006
"78412",2006.25,2006.25,2006.25
"78413",2006.25,2006.25,2006.25
"78414",2006.25,2006.25,2006.25
"78415",2006.5,2007,2007
"78416",2005.25,2005.75,2005.75
"78417",2005.25,2005.25,2005.25
"78418",2006.25,2006.25,2006.25
"78419",2006,2006.25,2006.25
"78501",2004,2006,2006
"78503",2004,2006,2006
"78504",2000,2005.75,2005.75
"78516",2006,2006,2006
"78520",2006,2006,2006
"78521",2006,2006,2006
"78526",2006,2006,2006.5
"78535",2006.75,2006.75,2006.75
"78536",2009,2009,2010.25
"78537",2006,2006,2006
"78538",2009.25,2009.25,2009.25
"78539",2000,2005.75,2005.75
"78541",2006.25,2007,2008.25
"78542",2006,2009.25,2009.75
"78543",2009.25,2009.75,2009.75
"78545",2009,2009.75,2009.75
"78548",2007.25,2007.25,2007.25
"78549",2005.5,2005.5,2005.5
"78550",2006.5,2006.75,2006.75
"78552",2006.75,2006.75,2006.75
"78557",2004,2006,2006
"78558",2009.75,2009.75,2009.75
"78559",2006,2006,2006.5
"78560",2007,2007,2007
"78561",2007.75,2009.25,2009.5
"78562",2009.25,2009.25,2009.25
"78563",2009,2009,2009
"78564",2006.5,2008.5,2009
"78565",2007,2007,2007
"78566",2008,2009.25,2010.25
"78567",2006,2006,2006
"78569",2007.75,2009.25,2009.25
"78570",2006,2006,2006
"78572",2006,2006,2007
"78573",2005.75,2005.75,2005.75
"78574",2006,2006,2006
"78575",2006.5,2006.5,2006.5
"78576",2006,2006,2007
"78577",2004,2006,2006
"78578",2007.25,2008,2009.25
"78579",2006.75,2006.75,2007.75
"78580",2007.75,2007.75,2007.75
"78582",2006,2006.25,2007.25
"78583",2006.75,2007,2008.25
"78584",2006.5,2006.5,2008.5
"78585",2009.25,2009.75,2009.75
"78586",2006.5,2006.5,2006.5
"78588",2010.25,2010.25,2010.25
"78589",2006,2006,2006
"78590",2007.75,2007.75,2007.75
"78591",2009,2009,2010.25
"78592",2006.75,2006.75,2007.75
"78593",2006.75,2007,2009.25
"78594",2007.75,2009.25,2010.25
"78595",2007,2007,2007
"78596",2006,2006,2006
"78597",2011,2011,2014.75
"78598",2007.75,2007.75,9999
"78602",2007.25,2007.25,2007.25
"78605",2010.25,2010.25,2010.25
"78606",2007,2007.25,2007.25
"78607",2007.25,2007.75,2008
"78608",2006.25,2006.5,2006.5
"78609",2007.25,2007.75,2008.25
"78610",2006.5,2006.5,2006.5
"78611",2005,2006.5,2007.75
"78612",2008.25,2008.25,2008.25
"78613",2006.5,2006.5,2006.5
"78614",2006.75,2006.75,2006.75
"78615",2005.25,2010.75,2010.75
"78616",2006.75,2007,2007.25
"78617",2007,2008.25,2008.25
"78618",2014,2014,2016.25
"78619",2004.25,2005.25,2007.25
"78620",2005.25,2007,2007.5
"78621",2006,2008.5,2010.75
"78622",2006.75,2007,2007.25
"78623",2007.25,2007.25,2007.25
"78624",2006.75,2007.5,2008.5
"78626",2006.25,2006.25,2006.25
"78628",2007.25,2007.25,2007.25
"78629",2006.5,2006.75,2007
"78631",2008.5,2009.75,2010.5
"78632",2006.75,2006.75,2006.75
"78633",2007.25,2007.25,2009.75
"78634",2006.25,2006.25,2006.25
"78635",2007.25,2009,2009.25
"78636",2007,2007,2007.5
"78638",2006.5,2006.75,2007.25
"78639",2006.5,2006.5,2006.5
"78640",2006,2006,2006
"78641",2006.5,2006.5,2006.5
"78642",2009.75,2009.75,2009.75
"78643",2008,2008,2011
"78644",2005.75,2006,2006.75
"78645",2006.5,2006.5,2007.25
"78648",2006.75,2007,2009.5
"78650",2008.25,2008.5,2010
"78652",2006.5,2006.5,2006.5
"78653",2005.25,2005.25,2008.5
"78654",2006.5,2007.25,2007.25
"78655",2006.75,2007,2007.25
"78656",2006,2006,2006
"78657",2006.5,2007,2012
"78659",2008.25,2008.5,2009.75
"78660",2005.25,2005.25,2006.25
"78661",2006.75,2007.25,2009.5
"78662",2006.25,2006.25,2007.25
"78663",2007,2007.25,2008
"78664",2005.75,2005.75,2005.75
"78665",2005.75,2005.75,2005.75
"78666",2005.75,2006,2006.5
"78669",2007.25,2008,2011
"78670",2006.75,2007,2007.25
"78671",2009,2009,2009
"78672",2007.75,2009.5,2011
"78675",2009.75,2011,2015
"78676",2005.25,2005.25,2005.25
"78677",2006.75,2006.75,2007
"78681",2005.75,2005.75,2005.75
"78701",2006,2006,2006
"78702",2006,2006,2006
"78703",2006,2006,2006
"78704",2006,2006,2006
"78705",2006,2006,2006
"78712",2006,2006,2006
"78717",2005.75,2005.75,2005.75
"78719",2007,2007,2007
"78721",2006,2006,2006
"78722",2006,2006,2006
"78723",2006,2006,2006
"78724",2006,2007.75,2008.5
"78725",2006,2006,2008.5
"78726",2005.5,2005.5,2005.5
"78727",2007.75,2007.75,2007.75
"78728",2007.75,2007.75,2007.75
"78729",2005.75,2005.75,2007.75
"78730",2005.5,2005.5,2005.5
"78731",2007.75,2007.75,2007.75
"78732",2005.5,2005.5,2005.5
"78733",2005.5,2005.5,2005.5
"78734",2005.5,2005.5,2005.5
"78735",2006.25,2006.25,2006.25
"78736",2005.25,2005.25,2005.25
"78737",2005.25,2005.25,2005.25
"78738",2005.5,2006.25,2009
"78739",2006.25,2006.25,2006.25
"78741",2006,2006,2006
"78742",2006,2006,2006
"78744",2006,2006,2006
"78745",2006.25,2006.25,2006.25
"78746",2006.25,2006.25,2006.25
"78747",2007,2007,2007
"78748",2006.25,2006.25,2006.5
"78749",2006.25,2006.25,2006.25
"78750",2005.5,2005.5,2005.5
"78751",2006,2006,2006
"78752",2007.75,2007.75,2007.75
"78753",2007.75,2007.75,2007.75
"78754",2007.75,2007.75,2007.75
"78756",2007.75,2007.75,2007.75
"78757",2007.75,2007.75,2007.75
"78758",2007.75,2007.75,2007.75
"78759",2007.75,2007.75,2007.75
"78801",2007,2007,2009.75
"78802",2006.5,2006.75,2009.75
"78827",2009,2009,2009
"78828",2015.25,2015.25,2015.25
"78829",2006.5,2010,2012.25
"78830",2009,2009,2012.25
"78832",2010.25,2010.75,2010.75
"78833",2015.25,2015.25,2015.25
"78834",2007,2007,2009
"78836",2009,2009,2010.75
"78837",9999,9999,9999
"78838",2007,2007,2007
"78839",2006.5,2007,2010
"78840",2010.5,2014.5,2015
"78843",2010,2010,2010
"78850",2006,2006,2006.25
"78851",2013.5,2014,9999
"78852",2007.75,2010,2013.25
"78860",2013.25,2013.25,2014.75
"78861",2006.25,2007.25,2009.5
"78870",2006.5,2006.75,2007
"78871",9999,9999,9999
"78872",2005.25,2006.5,2010
"78873",2012.25,2017,9999
"78877",2007.75,2007.75,2012.25
"78879",2007,2017,9999
"78880",2015.25,2015.25,2015.25
"78881",2006,2006.25,2007
"78883",2005.5,2005.5,2006
"78884",2007,2012.75,2014.5
"78885",2013.5,2013.75,2013.75
"78886",2006.25,2007.25,2009.25
"78931",2008.5,2008.5,2008.5
"78932",2008.5,2008.75,2009
"78933",2009,2010.25,2010.25
"78934",2007,2007,2007
"78935",2007,2007,2007
"78938",2005.75,2007,2008.75
"78940",2007.25,2008.5,2009
"78941",2007,2007.25,2007.25
"78942",2008.25,2008.25,2008.5
"78943",2008.75,2008.75,2008.75
"78944",2008.5,2008.5,2008.5
"78945",2007.25,2007.25,2007.25
"78946",2008.5,2008.5,2009
"78947",2006.5,2006.5,2008.5
"78948",2009.75,2009.75,2009.75
"78949",2007,2007,2007.25
"78950",2005.75,2005.75,2005.75
"78951",2008.75,2008.75,2008.75
"78953",2007.25,2007.25,2007.25
"78954",2009,2009,2009
"78956",2007,2007,2007.25
"78957",2007.25,2008.25,2008.25
"78959",2006.75,2006.75,2006.75
"78962",2007,2007,2007.5
"78963",2007.25,2007.25,2007.25
"79001",2008.25,2008.25,2008.25
"79003",2010,2012,2012
"79005",2009.5,2010.5,2010.5
"79007",2007.25,2007.25,2008.25
"79009",2005.75,2007,2007
"79010",2009,2009,2009
"79011",2009.5,2009.5,2009.5
"79012",2008.5,2009,2009.25
"79013",2008.25,2008.25,2008.25
"79014",2007.25,2007.25,2008.25
"79015",2005.5,2006,2007.25
"79016",2000,2007.25,2007.25
"79018",2009,2009,2009
"79019",2007.25,2007.25,2009.5
"79021",2005.75,2006.5,2007.25
"79022",2009,2009,2009
"79024",2010.5,2010.5,2010.5
"79025",2007.25,2007.25,2007.25
"79027",2007.25,2007.25,2007.25
"79029",2008.25,2008.25,2009
"79031",2007,2007,2007
"79032",2006.5,2006.75,2007.25
"79033",2009.5,2009.5,2009.5
"79034",2009.25,2009.25,2010.5
"79035",2005.75,2007,2007.25
"79036",2007.25,2007.25,2007.25
"79039",2007,2007,2007.25
"79040",2007.5,2008.75,2008.75
"79041",2005.75,2005.75,2006.75
"79042",2006.5,2007.25,2007.25
"79043",2007.25,2007.25,2007.25
"79044",2005,2005,2005.75
"79045",2007.25,2008.25,2009
"79046",2007.25,2009.25,2011.5
"79051",2009,2009,2009
"79052",2006.75,2007,2007.25
"79053",2007,2007,2007
"79054",2007.25,2007.25,2007.25
"79056",2009.25,2009.25,2009.25
"79057",2009.5,2010.5,2010.5
"79058",2009,2009,2009.5
"79059",2008.25,2008.25,2008.25
"79061",2006.5,2006.5,2007.25
"79062",2008.75,2009,2009
"79063",2007.25,2007.25,2007.25
"79064",2008.5,2008.5,2008.5
"79065",2006.75,2007.25,2007.25
"79068",2006,2006,2006
"79070",2007.5,2008.5,2009.5
"79072",2005.25,2005.75,2006.5
"79078",2007.25,2007.5,2008.25
"79079",2008.75,2008.75,2008.75
"79080",2006.75,2007.25,2008.25
"79081",2008.5,2008.5,2008.75
"79082",2007,2007.25,2008.5
"79083",2007.5,2007.5,2008.25
"79084",2007,2007.25,2007.5
"79085",2006,2006,2006
"79086",2007.5,2007.5,2007.5
"79087",2009,2009,2009
"79088",2006.5,2007.25,2009.5
"79091",2007,2007.25,2007.25
"79092",2007.25,2009,2009
"79093",2009.5,2009.5,2009.5
"79094",2005.5,2006.5,2009.5
"79095",2008,2008.25,2008.75
"79096",2008.75,2009,2009
"79097",2006.5,2007,2007
"79098",2008,2009,2009
"79101",2000.5,2000.5,2005.75
"79102",2005.25,2005.25,2005.25
"79103",2005.25,2005.25,2005.25
"79104",2005.25,2005.25,2005.25
"79105",2009,2009,2009.5
"79106",2006.75,2006.75,2006.75
"79107",2000.5,2000.5,2000.5
"79108",2007.75,2007.75,2009
"79109",2005.25,2006.75,2006.75
"79110",2005.25,2005.25,2006.75
"79111",2007.25,2007.25,2009.5
"79118",2005.25,2005.25,2005.5
"79119",2006.75,2006.75,2006.75
"79121",2006.75,2006.75,2006.75
"79124",2006.75,2007.25,2007.25
"79201",2007.25,2007.25,2007.5
"79220",2007.25,2008.25,2009.25
"79225",2009.5,2009.5,2009.5
"79226",2007.25,2008.75,2008.75
"79227",2007.25,2007.25,2007.25
"79229",2007.75,2007.75,2007.75
"79230",2008.25,2008.25,2008.25
"79231",2007.25,2007.25,2007.25
"79233",2007.5,2007.5,2007.5
"79234",2007.25,2007.25,2009.25
"79235",2006,2006.25,2007.25
"79236",2005,2005,2005.25
"79237",2007.5,2007.5,2008.75
"79239",2008.75,2008.75,2008.75
"79240",2008.75,2008.75,2008.75
"79241",2006.75,2008.25,2010
"79243",2006.25,2007.25,2007.25
"79244",2009.25,2009.25,2009.25
"79245",2007.5,2007.5,2007.5
"79247",2009.5,2010.25,2010.25
"79248",2008.5,2008.5,2009.5
"79250",2006.25,2007,2008.25
"79251",2007.5,2007.5,2007.5
"79252",2005.25,2006,2007.25
"79255",2007.25,2015.75,2015.75
"79256",2009.25,2009.25,2009.25
"79257",2011.25,2015.25,2015.25
"79258",2008.25,2008.25,2008.25
"79259",2007.5,2009.5,2009.5
"79261",2008.75,2008.75,2008.75
"79311",2007.25,2007.25,2007.25
"79312",2007,2007,2007
"79313",2007.25,2010.5,2010.75
"79314",2006,2006,2006
"79316",2007,2007,2009
"79322",2005.25,2005.25,2006.25
"79323",2005.5,2005.5,2006
"79324",2006,2006,2007
"79325",2005.5,2007,2007
"79326",2007,2008.5,2008.5
"79329",2005.5,2005.5,2005.5
"79330",2006.5,2006.75,2006.75
"79331",2007,2007,2007.5
"79336",2005.75,2006.25,2006.25
"79339",2007,2007,2007.25
"79342",2007,2007,2007
"79343",2006.25,2006.25,2006.25
"79344",2005.5,2006,2006
"79345",2007.75,2007.75,2009
"79346",2006,2006,2006
"79347",2007,2007,2007
"79350",2005.5,2005.5,2005.5
"79351",2008.25,2009,2009.5
"79353",2005.5,2006,2006
"79355",2006,2006,2006
"79356",2008.25,2008.25,2008.75
"79357",2006.25,2006.25,2006.25
"79358",2007.75,2007.75,2008.75
"79359",2005.5,2006,2007.75
"79360",2006,2007.75,2007.75
"79363",2006.5,2007.25,2009
"79364",2006.5,2007,2008.75
"79366",2005.25,2005.25,2005.25
"79367",2006.25,2006.25,2006.75
"79369",2005.75,2007.25,2007.25
"79370",2008.25,2008.25,2008.25
"79371",2007,2007,2007
"79372",2007.75,2010.5,2010.75
"79373",2007.5,2007.5,2007.75
"79376",2006,2006,2008
"79377",2007,2007,2007
"79378",2006,2006,2007
"79379",2006,2006.25,2006.25
"79380",2006.25,2010.5,2010.75
"79381",2007,2007.5,2008.75
"79382",2007.75,2007.75,2007.75
"79401",2005.5,2005.5,2005.5
"79403",2005.5,2005.5,2005.5
"79404",2005.25,2005.25,2005.25
"79406",2005.5,2005.5,2005.5
"79407",2007,2008.75,2009
"79410",2005.5,2005.5,2005.5
"79411",2005.5,2005.5,2005.5
"79412",2005.5,2005.5,2005.5
"79413",2005.5,2005.5,2005.5
"79414",2005.5,2005.5,2005.5
"79415",2006.5,2006.5,2006.5
"79416",2005.5,2006.5,2006.5
"79423",2005.5,2006.75,2007.25
"79424",2005.5,2005.5,2005.5
"79501",2006,2006.5,2006.5
"79502",2008.25,2008.25,2009
"79503",2005,2005,2005
"79504",2005.75,2006,2006
"79505",2010.75,2010.75,2010.75
"79506",2007.25,2007.25,2007.25
"79508",2006.25,2006.5,2007
"79510",2005.25,2005.25,2005.25
"79511",2008.25,2008.25,2008.5
"79512",2006.75,2007.5,2008.25
"79517",2006.5,2006.5,2006.5
"79518",2007.75,2007.75,2008.5
"79519",2005.5,2005.5,2005.5
"79520",2006.5,2006.5,2006.5
"79521",2007.25,2007.25,2007.25
"79525",2006.5,2006.5,2007
"79526",2005.75,2005.75,2005.75
"79527",2008.25,2008.25,2008.25
"79528",2008.5,2008.5,2008.5
"79529",2010.75,2010.75,2010.75
"79530",2005.25,2005.25,2005.25
"79532",2006.75,2006.75,2007.5
"79533",2005,2005.75,2007.25
"79534",2006.5,2006.5,2006.5
"79535",2006.25,2006.25,2008.5
"79536",2006.75,2007.25,2007.25
"79537",2007.25,2008.5,2010.75
"79538",2005.5,2005.5,2005.5
"79539",2007.25,2010.75,2010.75
"79540",2008.25,2008.25,2008.25
"79541",2005.25,2006.25,2007.75
"79543",2006.25,2006.25,2006.25
"79544",2007.25,2007.25,2007.25
"79545",2006.25,2006.25,2006.25
"79546",2006.25,2006.25,2006.5
"79547",2007.25,2007.25,2007.25
"79548",2007.25,2008.25,2008.25
"79549",2006.25,2007.5,2007.5
"79553",2005,2006,2006.5
"79556",2005.75,2006.25,2007.25
"79560",2006,2006.25,2006.5
"79561",2007.25,2007.25,2007.75
"79562",2006.25,2006.25,2007
"79563",2006.5,2007,2007
"79565",2006.75,2007.5,2008.25
"79566",2006.25,2006.25,2007.25
"79567",2007.75,2007.75,2009.5
"79601",2006,2006.5,2006.5
"79602",2005.25,2005.25,2005.25
"79603",2005.25,2006.5,2007
"79605",2005.25,2005.25,2005.25
"79606",2005.25,2005.25,2006.75
"79607",2005.25,2005.25,2007
"79699",2005.25,2005.25,2005.25
"79701",2006.25,2007.25,2007.25
"79703",2007.25,2007.25,2007.25
"79705",2005.75,2005.75,2005.75
"79706",2007.25,2007.5,2008.5
"79707",2008,2008,2008
"79713",2006,2006,2006
"79714",2007.75,2007.75,2008
"79718",2005.5,2005.5,2005.5
"79719",2005,2006,2006
"79720",2006,2007.25,2008.25
"79730",2005,2005.5,2005.5
"79731",2006.25,2009.25,2009.25
"79733",2000,2000,2007.25
"79734",2012.75,2014.5,9999
"79735",2005.5,2009.25,2010.75
"79738",2008.25,2008.25,2008.25
"79739",2008,2008,2008.5
"79741",2010.75,2010.75,2010.75
"79742",2006.25,2006.25,2006.25
"79743",2005,2005,2005
"79744",2005.5,2005.5,2008.5
"79745",2005.5,2005.75,2005.75
"79748",2006.5,2008.25,2008.5
"79749",2008.25,2008.5,2008.5
"79752",2009.25,2009.25,2009.25
"79754",2005,2005,2005.75
"79755",2008,2008,2008.75
"79756",2005,2005,2005
"79758",2008,2008,2008.5
"79759",2006.75,2009.75,2010.75
"79761",2006.25,2006.25,2006.25
"79762",2006.25,2006.25,2006.25
"79763",2007,2007.75,2007.75
"79764",2006.25,2006.25,2006.25
"79765",2008.5,2008.5,2008.5
"79766",2007.75,2007.75,2007.75
"79770",2015.75,2015.75,2015.75
"79772",2006,2006,2006.75
"79777",2005,2005,2005
"79778",2008.5,2008.5,2009.25
"79780",2005.5,2005.5,2005.5
"79781",2005.5,2005.5,2005.5
"79782",2007.25,2007.5,2008.5
"79783",2008.25,2008.25,2008.25
"79785",2005.5,2005.5,2005.5
"79788",2005.5,2005.5,2006.25
"79789",2005.5,2005.75,2005.75
"79821",2006.5,2008,2010.5
"79830",9999,9999,9999
"79831",2011.25,2012.75,2014.5
"79834",9999,9999,9999
"79835",2005.25,2005.25,2005.25
"79836",2006.5,2006.75,2006.75
"79837",9999,9999,9999
"79838",2006.5,2006.5,2006.5
"79839",2005.75,9999,9999
"79842",2014.5,9999,9999
"79843",2014.5,2017,9999
"79845",9999,9999,9999
"79846",9999,9999,9999
"79847",9999,9999,9999
"79848",2015,2015,2016
"79849",2006.5,2006.75,2006.75
"79851",2006,9999,9999
"79852",2017.25,9999,9999
"79853",2006,2006.5,2006.5
"79854",9999,9999,9999
"79855",2008.5,2008.5,2013.25
"79901",2006,2006,2006
"79902",2006,2006,2006
"79903",2001,2005.5,2005.5
"79904",2006,2006,2006
"79905",2001,2005.5,2005.5
"79906",2001,2005.5,2005.5
"79907",2005.5,2005.5,2005.5
"79908",2006,2006,2006
"79911",2005.25,2005.25,2005.25
"79912",2005.25,2005.25,2005.25
"79915",2001,2005.5,2005.5
"79916",2005.5,2005.5,2005.5
"79920",2006,2006,2006
"79922",2005.25,2005.25,2005.25
"79924",2006,2006,2006
"79925",2001,2005.5,2005.5
"79927",2006.75,2006.75,2006.75
"79928",2006.75,2006.75,2006.75
"79930",2005.5,2005.5,2006
"79932",2005.25,2005.25,2005.25
"79934",2006,2006,2006
"79935",2001,2005.5,2005.5
"79936",2005.5,2005.5,2005.5
"79938",2006.5,2011.75,2011.75
"79942",2005.5,2005.5,2009
"80002",2005,2005,2005
"80003",2005,2005,2005
"80004",2005,2005,2005
"80005",2005,2005,2005
"80007",2005,2005,2006.25
"80010",2004,2004,2004.25
"80011",2005,2005,2005
"80012",2004.5,2005,2006.5
"80013",2005,2005,2005
"80014",2004,2005.75,2006.5
"80015",2006,2006,2006
"80016",2006,2006,2006
"80017",2005,2005,2005
"80018",2005,2005,2005
"80019",2005,2005,2005.75
"80020",2006,2006,2006.25
"80021",2005,2006.25,2006.25
"80022",2006.25,2006.25,2006.25
"80023",2006,2006,2006
"80024",2006.25,2006.25,2006.25
"80025",2007.75,2008.25,2009
"80026",2006.25,2006.25,2006.25
"80027",2006.25,2006.25,2006.25
"80030",2006.25,2006.25,2006.25
"80031",2006.25,2006.25,2006.25
"80033",2005,2005,2005
"80045",2005,2005,2005
"80101",2006.25,2008.25,2010.5
"80102",2006.25,2007.75,2009
"80103",2009.25,2009.25,2009.25
"80104",2006.5,2006.5,2006.5
"80105",2009.25,2009.25,2010
"80106",2005.75,2006,2006.5
"80107",2005.5,2006.5,2008
"80108",2005.75,2006,2006.75
"80109",2006.5,2006.5,2006.75
"80110",2004,2006.5,2006.5
"80111",2001,2005.75,2005.75
"80112",2001,2001,2005.75
"80113",2004,2004,2004
"80116",2006.25,2006.5,2008
"80117",2005,2005,2005.75
"80118",2005.5,2005.75,2006
"80120",2006.5,2006.5,2008.75
"80121",2005.75,2005.75,2006.5
"80122",2001,2001,2005.75
"80123",2005.5,2005.5,2005.5
"80124",2001,2001,2005.75
"80125",2008.75,2008.75,2008.75
"80126",2001,2001,2005.75
"80127",2008.75,2008.75,2008.75
"80128",2008.75,2008.75,2008.75
"80129",2008.75,2008.75,2008.75
"80130",2001,2001,2005.75
"80131",2008.75,2008.75,2008.75
"80132",2005.75,2006,2006
"80133",2005.5,2005.5,2005.5
"80134",2005.75,2005.75,2006
"80135",2005.5,2005.5,2008
"80136",2007.75,2009.25,2009.25
"80137",2005.75,2005.75,2005.75
"80138",2006,2006,2006
"80202",2006.25,2006.25,2006.5
"80203",2004,2004,2004
"80204",2004,2004.25,2006.5
"80205",2006.25,2006.25,2006.25
"80206",2004,2004,2004
"80207",2006.25,2006.25,2006.5
"80209",2004,2004,2004
"80210",2004,2004,2004
"80211",2006.25,2006.25,2006.25
"80212",2005,2005,2005
"80214",2005,2005,2005.5
"80215",2005,2005,2005
"80216",2006.25,2006.25,2006.25
"80218",2004,2004,2004
"80219",2005.5,2005.5,2005.5
"80220",2004,2004,2004
"80221",2006.25,2006.25,2006.25
"80222",2004,2004,2004
"80223",2004,2004,2004
"80224",2004,2004,2004
"80226",2005.5,2005.5,2005.5
"80227",2005.5,2005.5,2005.5
"80228",2005.5,2005.5,2005.5
"80229",2006.25,2006.25,2006.25
"80230",2004,2004,2004
"80231",2004,2004,2004
"80232",2005.5,2005.5,2005.5
"80233",2006,2006.25,2006.25
"80234",2006,2006,2006
"80235",2005.5,2005.5,2005.5
"80236",2005.5,2005.5,2005.5
"80237",2004,2004,2004
"80238",2006.25,2006.25,2006.25
"80239",2006.25,2006.25,2006.25
"80241",2006,2006,2006
"80246",2004,2004,2004
"80247",2004,2004,2004
"80249",2006.25,2006.25,2006.25
"80260",2006.25,2006.25,2006.25
"80264",2004,2004,2004
"80290",2004,2004,2004
"80293",2004,2004,2004
"80294",2004,2004,2004
"80301",2009,2009,2009
"80302",2006.75,2007.75,2008.5
"80303",2006.25,2006.25,2006.25
"80304",2007.75,2009,2009
"80305",2006.25,2006.25,2006.25
"80310",2006.25,2006.25,2009
"80401",2005,2005,2005
"80403",2009.5,2009.5,2009.5
"80419",2005,2005,2005
"80420",2008.5,2008.5,2008.5
"80421",2005,2005,2005
"80422",2006.75,2007,2007.75
"80423",2006,2013.5,2015.25
"80424",2008.5,2008.5,2008.75
"80425",2005.5,2005.75,2009
"80426",2013.75,2013.75,9999
"80427",2006.75,2006.75,2006.75
"80428",9999,9999,9999
"80432",2008.5,2008.5,2008.5
"80433",2005,2005,2005
"80434",2005,2005,2005
"80435",2008.5,9999,9999
"80436",2006.75,2006.75,2006.75
"80438",2006.75,2006.75,2006.75
"80439",2005,2005,2005.5
"80440",2008.5,2008.5,2008.5
"80442",2006.75,2015.25,2015.25
"80443",2008.5,2008.5,2008.5
"80444",2006.75,2015.75,9999
"80446",2013.5,2015.25,2015.25
"80447",2015.25,2015.25,9999
"80448",2006.75,2008.75,2010.5
"80449",2008,2008.5,2008.5
"80451",2004,2004,2013.5
"80452",2006.75,2006.75,2006.75
"80453",2005,2005,2005
"80454",2005,2005,2005
"80455",2006,2006.75,2007.75
"80456",2008.5,2008.75,2010.5
"80457",2005,2005,2005
"80459",2004,2013.75,2015.25
"80461",2007,2007.25,2008.5
"80463",2013.75,2013.75,2013.75
"80465",2005,2005,2005.5
"80466",2007.75,2009,2009
"80467",2013.75,2013.75,2013.75
"80468",2004,2013.5,2015.25
"80469",2013.75,2013.75,2013.75
"80470",2005,2005,2005.5
"80471",2008,2009,2009.5
"80473",9999,9999,9999
"80475",2005,2005,2005
"80476",2006.75,2006.75,9999
"80477",2013.5,2013.75,2013.75
"80478",2015.25,2015.25,2015.25
"80479",2013.75,2013.75,2013.75
"80480",2005,2005,2015.25
"80481",2009,2009,2015.25
"80482",2006.75,2006.75,2015.25
"80483",2013.75,2013.75,2013.75
"80487",2009.25,2013.5,2013.75
"80488",2013.5,2013.75,2013.75
"80497",9999,9999,9999
"80498",2005,2015.25,2015.25
"80501",2009,2009.75,2009.75
"80503",2005.25,2005.25,2009
"80504",2009,2009.75,2009.75
"80510",2013.75,2015.25,2015.25
"80511",9999,9999,9999
"80512",2013,9999,9999
"80513",2006,2007.25,2009.75
"80514",2007.75,2009,2009.75
"80515",2006.75,2010.75,2010.75
"80516",2006,2006.25,2007.75
"80517",9999,9999,9999
"80520",2009,2009.75,2009.75
"80521",2005.5,2005.5,2005.5
"80524",2006.5,2006.5,2007.25
"80525",2005.5,2005.5,2005.5
"80526",2005.5,2005.5,2005.5
"80528",2006.5,2006.75,2007.25
"80530",2009,2009.75,2009.75
"80532",2010.75,2010.75,2010.75
"80534",2006.5,2006.5,2006.75
"80535",2006.5,2006.5,2006.5
"80536",2010,2010.5,2010.75
"80537",2006.25,2006.75,2007
"80538",2006.5,2006.75,2009.75
"80540",2005.25,2005.25,2005.25
"80542",2009.75,2009.75,2009.75
"80543",2006.5,2006.5,2006.75
"80544",2009,2009,2009
"80545",9999,9999,9999
"80546",2007.25,2007.25,2007.25
"80547",2007.25,2007.25,2007.25
"80549",2006.5,2007,2010
"80550",2006.75,2006.75,2007.25
"80601",2005.75,2005.75,2005.75
"80602",2005.75,2006,2006
"80603",2005.75,2005.75,2006
"80610",2006.75,2007.75,2009.75
"80611",2005.75,2005.75,2009.5
"80612",2005.75,2007,2007.75
"80615",2005.75,2006,2007
"80620",2005,2005,2005
"80621",2007,2009.75,2009.75
"80622",2005.75,2006,2009.75
"80623",2006.5,2006.5,2006.5
"80624",2006,2006.75,2007
"80631",2005,2005,2005
"80634",2005,2005,2006.5
"80640",2006.25,2006.25,2006.25
"80642",2006.5,2007.75,2009.25
"80643",2007.25,2009.25,2009.75
"80644",2006,2009.75,2009.75
"80645",2006,2007.25,2009.75
"80648",2006,2007.25,2007.75
"80649",2005.75,2009.75,2009.75
"80650",2005.75,2006.5,2007.25
"80651",2006.5,2006.5,2006.5
"80652",2010.5,2010.5,2010.5
"80653",2009.75,2009.75,2009.75
"80654",2005.75,2008.25,2009.25
"80701",2005.75,2005.75,2008.25
"80705",2005,2005,2005
"80720",2005,2005,2005.75
"80721",2009,2009,2009
"80722",2005.75,2005.75,2005.75
"80723",2005,2005.75,2008.25
"80726",2006.75,2007.5,2008.75
"80727",2005.75,2005.75,2006.25
"80728",2007.75,2007.75,2008.75
"80729",2007.25,2007.25,2007.75
"80731",2007.75,2008.75,2009.75
"80733",2005.75,2005.75,2005.75
"80734",2008,2008,2008.75
"80735",2007.75,2008.25,2008.25
"80736",2009,2009,2009
"80737",2007.5,2008,2009
"80740",2006.25,2006.25,2006.25
"80741",2005.75,2005.75,2005.75
"80742",2006.75,2009.5,2010.75
"80743",2005.75,2006.25,2007
"80744",2007.5,2007.5,2007.5
"80745",2005.75,2006.75,2009
"80746",2009.75,2009.75,2009.75
"80747",2006.75,2007.25,2009
"80749",2007.5,2007.5,2007.5
"80750",2005.75,2005.75,2005.75
"80751",2005.75,2005.75,2007.75
"80754",2006.75,2006.75,2009.5
"80755",2005.75,2006.25,2007.75
"80757",2006.25,2006.25,2006.25
"80758",2006.25,2007,2007.75
"80759",2006.25,2007,2007
"80801",2005,2005,2006.25
"80802",2006.25,2006.25,2009
"80804",2007.25,2007.25,2007.25
"80805",2006.25,2007.25,2007.25
"80807",2007.25,2007.25,2007.25
"80808",2005.75,2005.75,2006
"80809",2005.75,2009.75,2009.75
"80810",2006.25,2006.25,2006.25
"80812",2005,2005,2005
"80813",2005.75,2006.5,2008.25
"80814",2006.25,2006.75,2008.25
"80815",2007.25,2007.25,2007.25
"80816",2008.25,2008.25,2008.25
"80817",2005.25,2005.25,2005.75
"80818",2006.25,2006.25,2007.75
"80819",2001,2001.25,2005.75
"80820",2008,2008,2008
"80821",2005,2006.25,2007
"80822",2005,2005,2005
"80823",2017.75,9999,9999
"80824",2005,2005,2005
"80825",2006.25,2006.25,2006.25
"80827",2008,2008.25,2008.25
"80828",2006.25,2007.75,2010
"80829",2000,2000,2009.75
"80830",2005.75,2006.25,2008.25
"80831",2005.75,2005.75,2005.75
"80832",2005.75,2005.75,2005.75
"80833",2013.75,2013.75,2013.75
"80834",2007.25,2007.25,2007.25
"80835",2005.75,2005.75,2010.5
"80836",2005.5,2005.5,2006.25
"80840",2005.5,2005.5,2005.5
"80860",2005.75,2007,2008.25
"80861",2005.5,2007.25,2007.25
"80862",2008,2008,2008
"80863",2005.75,2005.75,2006.25
"80864",2011.75,2013.75,2015.75
"80902",2005.25,2005.25,2005.25
"80903",2005.25,2005.25,2005.25
"80904",2000,2009.75,2009.75
"80905",2005.25,2005.25,2006.75
"80906",2006,2008.5,2009.75
"80907",2005.25,2005.25,2005.25
"80908",2005.5,2005.75,2005.75
"80909",2005.25,2005.25,2005.25
"80910",2005.25,2005.25,2005.25
"80911",2005.25,2005.25,2005.25
"80913",2005.25,2005.25,2005.25
"80914",2005.25,2005.25,2005.25
"80915",2005.25,2005.25,2005.25
"80916",2005.25,2005.25,2005.25
"80917",2005.25,2005.25,2005.25
"80918",2005.25,2005.25,2005.25
"80919",2005.5,2005.5,2005.5
"80920",2005.5,2005.5,2005.5
"80921",2005.5,2005.75,2005.75
"80922",2005.25,2005.25,2005.25
"80923",2005.25,2005.5,2005.5
"80924",2005.5,2005.5,2005.5
"80925",2005.25,2005.25,2005.25
"80926",2005.75,2006,2008.5
"80927",2005.75,2005.75,2005.75
"80928",2005.75,2008.25,2008.75
"80929",2005.25,2005.75,2005.75
"80930",2005.75,2005.75,2005.75
"80938",2005.25,2005.25,2005.75
"80939",2005.25,2005.25,2005.25
"80951",2005.25,2005.5,2005.75
"81001",2008.75,2008.75,2008.75
"81003",2008.75,2008.75,2008.75
"81004",2008.75,2008.75,2008.75
"81005",2009.5,2009.75,2009.75
"81006",2005,2008.75,2008.75
"81007",2008.75,2009.75,2009.75
"81008",2006.25,2008.75,2008.75
"81019",2008.75,2008.75,2008.75
"81020",2006,2009,2010
"81021",2010,2010,2010
"81022",2005,2005,2006.25
"81023",2008.75,2008.75,2008.75
"81024",2005.5,2005.5,2005.5
"81025",2006.25,2008.75,2008.75
"81027",2006.5,2006.5,2013.75
"81029",2008.25,2009,2010.5
"81030",2009.25,2009.25,2009.25
"81033",2009.25,2009.25,2010.5
"81036",2007.25,2007.25,2007.75
"81038",2009.25,2009.25,2009.25
"81039",2008.25,2009,2009.25
"81040",2010,2010,2010
"81041",2007.75,2007.75,2007.75
"81043",2007.75,2007.75,2007.75
"81044",2008,2010.25,2010.5
"81045",2009.5,2010,2010
"81047",2007.75,2007.75,2007.75
"81049",2009.75,2009.75,2013.75
"81050",2006.25,2006.25,2009.25
"81052",2007.75,2007.75,2007.75
"81054",2010.5,2010.5,2010.5
"81055",2009.5,2009.5,2010
"81057",2007.75,2008,2008
"81058",2006.25,2006.25,2006.25
"81059",2006,2006.5,2009.25
"81062",2009.25,2009.25,2010.5
"81063",2009.25,2011,2017.75
"81064",2009,2009,2009
"81067",2008.25,2009.25,2009.25
"81069",2009.5,2009.5,2009.75
"81071",2007.25,2007.25,2009
"81073",2007.75,2007.75,2008.25
"81076",2006.25,2009.25,2010
"81077",2009.25,2009.25,2009.25
"81081",2009.5,2010,2010.5
"81082",2009.5,2009.5,2010
"81084",2007.5,2007.75,2007.75
"81087",2005.25,2005.25,2005.25
"81089",2010,2010,2010
"81090",2006,2007.75,2007.75
"81091",2009.5,2009.5,2009.5
"81092",2007.75,2007.75,2007.75
"81101",2007.25,2010.5,2010.75
"81120",2010.5,2011.5,9999
"81121",2005,2006.25,2010.5
"81122",2006.25,2010.5,2010.5
"81123",2007.25,2007.25,2010.5
"81124",2005.5,2010.5,2010.5
"81125",2010.5,2010.5,2010.5
"81126",2010.75,2010.75,2010.75
"81128",2009,2009,9999
"81129",2010.5,2010.5,2010.5
"81130",2008.75,2015.25,9999
"81131",2009.75,2009.75,2009.75
"81132",2009.25,2009.25,2009.25
"81133",2009.5,2010,2010.5
"81136",2010.5,2010.75,2010.75
"81137",2006.75,2006.75,2006.75
"81138",2012,2012,2013
"81140",2005.5,2005.5,2010.5
"81141",2010.5,2010.5,2010.5
"81143",2009.75,2010.5,2011
"81144",2010.5,2010.5,2010.5
"81146",2010.5,2010.75,2010.75
"81147",2008.75,2009,2010.5
"81148",2010.5,2010.5,2010.5
"81149",2014.75,2014.75,2015.25
"81151",2007.25,2010.5,2010.5
"81152",2010.75,2012.75,2013
"81154",2008.75,2008.75,2009.25
"81155",2010.5,2010.5,2010.5
"81201",2008.25,2008.25,2010.5
"81210",2008.5,9999,9999
"81211",2005.25,2008.5,2009
"81212",2010.5,2010.5,2010.5
"81220",2015.25,9999,9999
"81221",2009.75,2010.5,2010.5
"81222",2010.5,2010.5,2010.5
"81223",2009.75,2010.5,2010.5
"81224",2008.5,2008.5,2010
"81225",2008.5,2012,9999
"81226",2010.5,2010.5,2010.5
"81227",2011.5,2011.5,2011.5
"81230",2010,2012.75,2015.25
"81231",2005.75,2005.75,2005.75
"81232",2009.75,2009.75,2009.75
"81233",2010.5,2010.5,2010.5
"81235",9999,9999,9999
"81236",2010.5,2010.5,2010.5
"81237",2010,2011.5,2011.5
"81239",2010,2010,2010
"81240",2007,2009.75,2010.5
"81241",2011.5,2011.5,2016.5
"81242",2008.25,2008.25,2008.25
"81243",2012.75,2015.25,9999
"81244",2009.75,2010.5,2010.5
"81248",2011.5,2011.5,2011.5
"81251",2008.5,2010.5,2012
"81252",2009.75,2009.75,2009.75
"81253",2009.75,2009.75,2010.5
"81301",2006.75,2006.75,2006.75
"81303",2006.75,2006.75,2006.75
"81320",2012.5,2012.5,2012.5
"81321",2007.25,2008.5,2008.5
"81323",2007.25,2007.25,2014
"81324",2010.5,2012.5,2012.5
"81325",2012.5,2012.5,2012.5
"81326",2004.75,2006.75,2008.75
"81327",2007.25,2008.5,2008.5
"81328",2007.25,2007.25,2007.25
"81330",2006.25,2007.25,2008.5
"81331",2008.5,2008.5,2008.5
"81332",2014.75,9999,9999
"81334",2006.25,2006.25,2010.5
"81335",2007.25,2008.5,2008.5
"81401",2008.5,2008.5,2008.5
"81403",2008.5,2009.5,2009.5
"81410",2015.75,2015.75,2015.75
"81411",2010.5,9999,9999
"81413",2015.75,2015.75,2015.75
"81415",2008.5,2014.25,2014.25
"81416",2008.5,2014.75,2015.75
"81418",2015.75,2015.75,2015.75
"81419",2014.25,2014.25,2014.25
"81422",2004.5,2012.5,9999
"81423",2006.75,2010.5,2012.5
"81424",2004.5,2004.5,9999
"81425",2005,2008.5,2008.5
"81426",2010.5,2014.75,9999
"81427",2005,2009.5,2014.75
"81428",2014.25,2014.25,2014.25
"81429",2010.5,9999,9999
"81430",2006.75,2006.75,2010.5
"81431",2004.5,2012.5,2012.5
"81432",2009.5,2009.5,2009.5
"81433",2014.75,9999,9999
"81434",9999,9999,9999
"81435",2009.5,2010.5,2010.5
"81501",2010,2010,2010
"81503",2010,2010,2010
"81504",2010,2010,2010
"81505",2005.25,2010,2010
"81506",2010,2010,2010.25
"81507",2010,2010,2010
"81520",2010,2010,2010
"81521",2005.25,2010,2010.25
"81522",2013.5,9999,9999
"81523",2010.25,2013.5,2013.5
"81524",2010,2010.25,2010.25
"81525",2010.25,2010.25,2013.5
"81526",2010,2010,2010
"81527",2010.5,9999,9999
"81601",2006.5,2008,2009.5
"81610",2009.25,2009.25,2009.25
"81611",2008,2012,9999
"81612",2006.75,2006.75,2006.75
"81615",2008,2008,2008
"81620",2005,2005,2005
"81621",2008,2008,2009.5
"81623",2008,2012.75,9999
"81624",2014.75,9999,9999
"81625",2009.5,2010.5,2010.5
"81630",9999,9999,9999
"81631",2006,2006,2012.75
"81632",2006,2006,2006
"81633",9999,9999,9999
"81635",2008.5,2014.25,2014.25
"81637",2011.5,2013.5,2013.75
"81638",2013,2014.25,9999
"81639",2009.25,2009.25,2009.5
"81640",9999,9999,9999
"81641",2014.75,2014.75,2015.25
"81642",2008,9999,9999
"81643",2010,2015.75,9999
"81645",2007.25,2010,2013.5
"81646",9999,9999,9999
"81647",2008.5,2009.5,2014.75
"81648",2009.25,2009.25,2014.75
"81649",2007,2008.5,2008.5
"81650",2008.5,2014.25,2014.75
"81652",2008.5,2008.5,2008.5
"81653",2011,2011,9999
"81654",2008.25,2009.5,2009.5
"81655",2006,2006,2006
"81656",2008,2008,2008
"81657",2005,2005,2006
"82001",2005,2005,2005.75
"82005",2004.25,2004.25,2004.25
"82007",2005.75,2005.75,2005.75
"82009",2006.25,2009.25,2010.5
"82050",2009.25,2009.25,2010.25
"82051",9999,9999,9999
"82052",2005.75,2005.75,2005.75
"82053",2008.25,2008.25,2008.25
"82054",2007.25,2007.25,2007.25
"82055",2007.5,2007.5,9999
"82058",2012.25,2013,2013
"82059",2005.75,2005.75,2005.75
"82060",2006.25,2008.25,2008.5
"82061",2010.5,2010.5,2010.5
"82063",9999,9999,9999
"82070",2010.5,2010.5,9999
"82072",2010.5,2010.5,2012.5
"82073",2010.5,2010.5,2010.5
"82081",2010.5,2010.5,2010.5
"82082",2007.25,2008.25,2009.25
"82083",2007.5,2007.5,2013
"82084",2010.5,2010.5,2010.5
"82190",2014.75,9999,9999
"82201",2008.5,2009,2010
"82210",2010,2010.5,2010.5
"82212",2009,2009,2009.75
"82213",2005.25,2010.5,2010.5
"82214",2009.75,2010.5,2010.5
"82215",2009.75,2010.5,2010.5
"82217",2009.25,2009.25,2009.25
"82219",2005.75,2009,2012
"82221",2009.25,2009.25,2010.5
"82222",2013.5,9999,9999
"82223",2009,2009,2009
"82224",2012.75,2012.75,2012.75
"82225",2010.75,2012.5,2013.5
"82227",2010.5,2010.5,2012
"82229",2010.5,2010.5,2011.75
"82240",2008,2009,2009
"82242",2006.25,2006.25,2012.5
"82243",2008,2009,2009
"82244",2009,2009.25,2009.25
"82301",2009,2010.75,2013.75
"82321",2010.5,2010.5,2010.5
"82322",2008.25,2008.25,2008.25
"82323",2010.5,2010.5,2010.5
"82324",2007.5,2007.5,2010.75
"82325",2010.5,2016.75,2016.75
"82327",2010.75,2013,9999
"82329",2010.75,2010.75,2013
"82331",2015.75,2016.75,9999
"82332",2011,2011,9999
"82334",2009,2009,2015.75
"82335",2010.75,2015.25,2015.75
"82336",2013,2013,2013
"82401",2005.5,2005.5,2011
"82410",2008.75,2008.75,2008.75
"82411",2009.5,2009.5,2009.5
"82412",2010.75,2010.75,2010.75
"82414",9999,9999,9999
"82420",9999,9999,9999
"82421",9999,9999,9999
"82422",2008.75,2008.75,2008.75
"82423",9999,9999,9999
"82426",2008.75,2008.75,2010.5
"82428",2010.5,2010.5,2010.5
"82430",2005.5,2005.5,2005.5
"82431",2009.75,9999,9999
"82432",2008.75,2008.75,2011
"82433",2010.5,2010.5,2010.75
"82434",2008.75,2008.75,2008.75
"82435",2009.5,2010.75,2010.75
"82440",2010.75,2010.75,2010.75
"82441",2008.75,2008.75,2008.75
"82442",2010.5,2010.5,2010.5
"82443",2008.75,2011.5,9999
"82450",2010.5,2010.5,9999
"82501",2009,2011.75,2013
"82510",2008.75,2008.75,2011.75
"82512",9999,9999,9999
"82513",9999,9999,9999
"82514",2008.75,2011.75,9999
"82515",2008.75,2011.75,2011.75
"82516",2013,2013,2013
"82520",2008.75,9999,9999
"82523",2013,2013,9999
"82601",2010.5,2010.5,2010.5
"82604",2010.5,2010.5,2010.5
"82609",2007,2007,2007
"82620",9999,9999,9999
"82630",2005,2009,2009
"82633",2010.5,2010.5,2010.5
"82635",2010.5,2010.5,2010.5
"82636",2008,2008,2008
"82637",2010.5,2010.75,2010.75
"82638",2005,2005,2009
"82639",2010.5,2010.5,2010.5
"82640",2010.5,2010.5,2010.5
"82642",2005,2005,2009
"82643",2010.5,2010.5,2010.5
"82644",2008,2009,2009.75
"82646",2010.5,2010.5,2010.5
"82648",2010.5,2010.5,2010.5
"82649",2005,2005,2005
"82701",2010.75,2010.75,2010.75
"82710",2009.25,2010.5,2010.5
"82711",2005.75,2007.5,2013.75
"82712",2007.5,2007.5,2007.5
"82714",2005.75,2005.75,2009.25
"82715",2017.25,2017.25,2017.25
"82716",2008.5,2010.5,2010.5
"82718",2010.5,2010.5,2010.5
"82720",2005.75,2013.75,2013.75
"82721",2009.25,2009.25,2010.5
"82723",2010.5,2013,2013
"82725",2010.5,2014.5,2014.5
"82727",2008.75,2008.75,2008.75
"82729",2009.25,2009.25,2009.25
"82730",2010.5,2010.5,2010.5
"82731",2010.5,9999,9999
"82732",2010.5,2010.5,2010.5
"82801",2007.75,2008.5,2008.5
"82831",2010.5,2010.5,2010.5
"82832",2007.75,2007.75,2008.25
"82833",2007.75,2007.75,2007.75
"82834",2010.5,2010.5,2010.5
"82835",2010.5,2010.5,2010.5
"82836",2010.5,2010.5,9999
"82837",2010.5,2010.5,2010.5
"82838",2009.75,2010.5,2010.5
"82839",2010.5,2010.5,2010.5
"82842",2007.75,2007.75,2007.75
"82844",2005.75,2010.5,2010.5
"82845",2008.25,2008.5,2008.5
"82901",2005.75,2005.75,2005.75
"82922",9999,9999,9999
"82923",2013.75,9999,9999
"82925",9999,9999,9999
"82929",2011.5,2011.5,2011.5
"82930",9999,9999,9999
"82932",2008.5,2008.5,2008.5
"82933",2009,2009,2009
"82934",2011.5,2011.5,2011.5
"82935",2011.5,2011.5,2011.75
"82936",9999,9999,9999
"82937",2009,2009,2009
"82938",2010.5,2011.75,2011.75
"82939",2009,2009,2009
"82941",2010,2010,9999
"82942",2004.75,2004.75,2004.75
"82943",2005.75,2005.75,2005.75
"82944",2009,9999,9999
"82945",2005.75,2005.75,2005.75
"83001",2015.25,9999,9999
"83011",9999,9999,9999
"83012",2010,2010,2010
"83013",9999,9999,9999
"83014",2010,2010,2012.75
"83025",2010,2010,2010
"83101",2007.75,2008.5,2010.75
"83110",2010.75,2010.75,2011
"83111",2009.75,2010.75,9999
"83112",2015.25,9999,9999
"83113",2007.25,2007.75,2010
"83114",2012.75,2017.75,2017.75
"83115",9999,9999,9999
"83116",2007.75,2008.5,2008.5
"83118",2005.75,2005.75,2005.75
"83119",2010.75,2011,9999
"83120",2009.75,2011,2015.25
"83121",2008.5,2008.5,2010.75
"83122",2009.75,2009.75,2009.75
"83123",2007.75,2007.75,2007.75
"83124",2007.25,2007.25,2007.25
"83126",2011,9999,9999
"83127",2009.75,2010.75,2010.75
"83128",2015.25,9999,9999
"83201",2000.25,2005,2005
"83202",2005,2005.75,2008.25
"83203",2005.75,2005.75,2008.25
"83204",2008.75,2008.75,2010.25
"83209",2005,2005,2005.75
"83210",2009,2010.5,2010.5
"83211",2008.75,2009,2010.5
"83212",2010.25,2010.25,2010.25
"83213",2007.5,2007.5,9999
"83214",2010.25,2010.25,2010.25
"83215",2003,2003,9999
"83217",2006.5,2008.75,2010
"83218",2005.5,2005.75,2005.75
"83220",2011.25,2011.25,2011.25
"83221",2005.25,2009.75,2014
"83223",2011.25,2011.25,2011.25
"83226",9999,9999,9999
"83227",9999,9999,9999
"83228",2009,2009,2009
"83232",2005.25,2005.25,2005.25
"83233",2011.25,2011.25,2012.75
"83234",2010,2010,2010
"83235",2013.5,9999,9999
"83236",2007,2010.5,2012.5
"83237",2006.5,2006.5,2006.5
"83238",2011.25,2012.75,9999
"83239",2011.25,2011.25,2013
"83241",2010,2010,2010
"83243",2010.5,2010.5,2010.5
"83244",2007.5,9999,9999
"83245",2008.25,2008.75,2008.75
"83246",2006.5,2006.5,2006.5
"83250",2010,2010.25,2010.75
"83251",9999,9999,9999
"83252",2009.75,2010.25,2010.5
"83253",9999,9999,9999
"83254",2011.25,2011.25,2011.25
"83255",2007.5,2012.5,9999
"83261",2011.25,2011.25,2011.25
"83262",2003,2010.75,2014
"83263",2006,2006.5,2010
"83271",2010.5,2010.5,2013.25
"83272",2011.25,2011.25,2012.75
"83274",2007,2009.75,2009.75
"83276",2006,2006.5,2011.25
"83277",2005.75,2008.25,2010.5
"83278",9999,9999,9999
"83281",2010.25,2010.25,2010.25
"83283",2010,2010.25,2011.25
"83285",2009.25,2014,2015.25
"83286",2008.75,2009,2009
"83287",2011.25,2011.25,2011.25
"83301",2006,2006.5,2007.5
"83302",2010.75,2012.25,2014
"83311",2008.5,2008.5,2010.25
"83312",2008.5,2008.5,9999
"83313",2005.25,2005.5,2005.5
"83314",2007.5,2009.75,2009.75
"83316",2006,2006,2007.5
"83318",2005.75,2005.75,2005.75
"83320",2012.5,9999,9999
"83321",2006,2006,2007.5
"83322",2006.5,2006.5,2006.5
"83323",2008.75,2010.25,2011.5
"83324",2005.5,2005.5,2006
"83325",2005.5,2005.5,2005.5
"83327",2006.5,2010.75,9999
"83328",2007.5,2007.5,2007.5
"83330",2004,2005,2006.5
"83332",2009.75,2009.75,2009.75
"83333",2005.5,2005.5,2005.5
"83334",2007,2007,2007.5
"83335",2005.5,2005.75,2007.5
"83336",2005.75,2005.75,2006
"83337",2010.75,2010.75,2010.75
"83338",2005.5,2006,2006.5
"83340",2007,9999,9999
"83341",2007,2007,2007.5
"83342",2008.5,2010.5,2011.5
"83344",2005.5,2006,2007
"83346",2008.5,2008.5,2008.5
"83347",2006,2006,2006
"83348",2005.5,2008,2008.75
"83349",2005,2005,2005
"83350",2008,2008,2008
"83352",2005,2005,2005.5
"83353",2005.5,2005.5,2005.5
"83354",2005.5,2005.5,2005.5
"83355",2007.5,2008.75,2009.75
"83401",2005,2005,2005
"83402",2005,2005,2005
"83404",2005,2005,2005
"83406",2005,2005,2005.5
"83414",2005.75,2008,2015.75
"83420",2006,2006,2008.75
"83421",2001.5,2008.75,2010.25
"83422",2005.25,2005.25,2005.75
"83423",2005.75,2005.75,2005.75
"83424",2005.75,2005.75,2008
"83425",2005.75,2005.75,2005.75
"83427",2005,2005,2005
"83428",2005.75,2008,2014
"83429",2006,2010.5,2010.5
"83431",2001.25,2005.75,2005.75
"83433",2006,2010.5,2010.5
"83434",2005.75,2005.75,2005.75
"83435",2005.25,2005.25,2005.25
"83436",2010.25,2010.25,2010.25
"83440",2006,2006,2006.75
"83442",2005,2005,2005.75
"83443",2005.25,2005.75,2010.5
"83444",2005.5,2005.75,2005.75
"83445",2005.75,2006.75,2008.75
"83446",2005.75,2005.75,2005.75
"83448",2006,2006,2006
"83449",2012.5,2014,2014
"83450",2005.25,2005.25,2005.25
"83451",2006,2006,2006
"83452",2005.75,2005.75,2008
"83454",2005.75,2007,2010.5
"83455",2005.25,2005.25,2005.75
"83460",2006,2006,2006
"83462",2005.75,2007.25,2007.25
"83463",9999,9999,9999
"83464",9999,9999,9999
"83465",2013.5,9999,9999
"83466",9999,9999,9999
"83467",2005.75,2013,2013.5
"83468",2005.75,2013,2013.5
"83469",9999,9999,9999
"83501",2005,2009.5,2014.5
"83520",2012,2012,2017.25
"83522",2009.75,9999,9999
"83523",2012,2014,2014
"83524",2010.25,2011.75,2012
"83525",9999,9999,9999
"83526",2009.75,2012,2014
"83530",2008.75,2009.75,2013.25
"83533",2008.75,2012,2014
"83535",2011.75,2012,2014.5
"83536",2014,2015.25,2015.25
"83537",2012,2012,9999
"83539",9999,9999,9999
"83540",2007.75,2009.75,2011.75
"83541",2011.75,2012,2017.25
"83542",9999,9999,9999
"83543",2012,2014,2014
"83544",2014,2017.25,2017.75
"83545",2011.75,2012,2014
"83546",2017.5,2017.5,2017.5
"83547",9999,9999,9999
"83548",2011.75,2011.75,2011.75
"83549",9999,9999,9999
"83552",2008.75,2012.5,2015.25
"83553",2015.25,2015.25,2016.25
"83554",9999,9999,9999
"83555",9999,9999,9999
"83601",9999,9999,9999
"83602",2003,2012.75,9999
"83604",2014.5,9999,9999
"83605",2008.25,2010.75,2010.75
"83607",2006.75,2007,2007.75
"83610",2010.75,2010.75,2012
"83611",9999,9999,9999
"83612",2010.75,2011.75,9999
"83615",2006.75,2006.75,2010.75
"83616",2006,2006,2006
"83617",2010,2010.25,2010.75
"83619",2007.75,2008,2008.75
"83622",2012.75,9999,9999
"83623",2010.75,2010.75,2010.75
"83624",2014.5,2014.5,2014.5
"83626",2007.25,2007.75,2008.75
"83627",2011.25,2011.25,2011.25
"83628",2008,2010.75,2010.75
"83629",2010.25,2010.25,2012.75
"83631",9999,9999,9999
"83632",2010.75,2010.75,2010.75
"83633",2011.25,2011.25,2011.25
"83634",2005.5,2005.5,2005.5
"83636",2006.75,2006.75,2006.75
"83637",9999,9999,9999
"83638",9999,9999,9999
"83639",2007,2007.25,2007.75
"83641",2005,2005,2005
"83642",2005.5,2005.5,2005.5
"83643",2010.75,2010.75,2010.75
"83644",2006,2007.75,2010
"83645",2006.75,2011.5,9999
"83646",2005.5,2005.5,2005.5
"83647",2012.25,9999,9999
"83648",2013.75,2013.75,2014.5
"83650",2014.5,9999,9999
"83651",2006,2006,2006
"83654",2011.75,9999,9999
"83655",2008,2008.75,2010.25
"83656",2007.25,2007.75,2008.75
"83657",2006.75,2010.25,9999
"83660",2005,2005,2007.75
"83661",2008.75,2008.75,2010.25
"83666",2012.75,2014.25,9999
"83669",2006,2006,2006
"83670",2010.25,2010.25,2010.25
"83671",9999,9999,9999
"83672",2006,2008.75,2010.75
"83676",2007.75,2008,2010.75
"83677",9999,9999,9999
"83686",2005,2005,2005
"83687",2005.5,2006,2006
"83702",2005.25,2005.25,2005.25
"83703",2005.25,2005.25,2005.25
"83704",2005.25,2005.25,2005.25
"83705",2005.25,2005.25,2005.25
"83706",2005.25,2005.25,2005.25
"83709",2005.25,2005.25,2005.5
"83712",2005.25,2005.25,2005.25
"83713",2005.5,2005.5,2005.5
"83714",2005.25,2005.25,2005.25
"83716",2006.5,2007.75,2012.75
"83801",2007.75,2008,2009.75
"83802",9999,9999,9999
"83803",2006.75,2006.75,2006.75
"83804",2007.75,2007.75,2007.75
"83805",2012.25,9999,9999
"83806",9999,9999,9999
"83808",9999,9999,9999
"83809",2006.75,2006.75,2006.75
"83810",2007.75,2014.5,2014.75
"83811",2006.75,9999,9999
"83812",9999,9999,9999
"83813",2006.75,2006.75,2006.75
"83814",2006.75,2007.75,2007.75
"83815",2004.25,2004.25,2006.75
"83821",2011.75,9999,9999
"83822",2009.75,2009.75,2009.75
"83823",9999,9999,9999
"83824",2014.75,2014.75,9999
"83825",2006.5,2006.5,2006.5
"83826",2012.25,9999,9999
"83827",9999,9999,9999
"83830",9999,9999,9999
"83832",2007.75,2008.5,2010
"83833",2006,2007.75,2010.25
"83834",9999,9999,9999
"83835",2006.75,2008,2010.25
"83836",2006.75,2006.75,2006.75
"83837",2006.75,2006.75,2006.75
"83839",2006.75,2007.75,9999
"83840",2006.75,2006.75,2006.75
"83841",2007,2007,2007
"83842",2005,2007.75,2014.5
"83843",2008.5,2010,2010
"83844",2010,2010,2011
"83845",2007.75,2011,9999
"83846",2006.75,2006.75,9999
"83847",2009.75,2009.75,2009.75
"83848",9999,9999,9999
"83849",2006.75,2006.75,2006.75
"83850",2006.75,2006.75,2006.75
"83851",2006,2006,2006
"83852",2006.75,2006.75,2006.75
"83854",2006,2006.75,2007.75
"83855",2014.5,9999,9999
"83856",2007,2009.75,2012.75
"83857",2014.5,9999,9999
"83858",2006.75,2007.75,2008
"83860",2006.75,2006.75,2006.75
"83861",2014.5,2014.75,2014.75
"83864",2006.75,2009.75,2011.75
"83866",2014.75,9999,9999
"83867",2006.75,2006.75,2006.75
"83868",2006.75,2006.75,2006.75
"83869",2007.75,2007.75,2008
"83870",2014.75,2014.75,9999
"83871",2014.5,2014.5,9999
"83872",2008.5,2010,2014.75
"83873",2006.75,9999,9999
"83874",2007,9999,9999
"83876",2006,2006,2006
"84001",2007.75,2007.75,2007.75
"84002",2010.5,2010.5,2010.5
"84003",2006.5,2006.75,2006.75
"84004",2006.75,2006.75,2007
"84005",2006,2006,2006
"84006",2000.25,2000.25,2007.25
"84007",2008.25,2010.5,2010.5
"84010",2000,2005.25,2005.25
"84013",2006,2006,2006
"84014",2005.25,2005.25,2005.25
"84015",2006.25,2006.25,2006.25
"84017",2007.75,2007.75,2007.75
"84018",2005.25,2005.25,2005.25
"84020",2005.75,2005.75,2005.75
"84021",2010.5,2010.5,2010.5
"84022",2006.25,2006.25,2008
"84023",2013.25,2013.25,2013.25
"84024",2005.75,2005.75,2005.75
"84025",2007,2009.75,2009.75
"84026",2007.75,2007.75,2010.5
"84027",2005.75,2010.5,2010.5
"84028",2011.25,2011.25,2011.25
"84029",2006.25,2006.25,2006.25
"84031",2010.5,9999,9999
"84032",2005.75,2006.75,2006.75
"84033",2005.25,2005.75,2005.75
"84034",9999,9999,9999
"84035",2007.75,2007.75,2010.5
"84036",2007.75,2010.5,9999
"84037",2007.25,2009.75,2009.75
"84038",2011,2011,2011.25
"84039",2009,2009,2009
"84040",2006,2006,2006
"84041",2006,2006.25,2006.5
"84042",2006.75,2006.75,2008.75
"84043",2005.75,2005.75,2005.75
"84044",2007,2007,2007
"84045",2005.75,2006,2006
"84046",2006.25,2013.25,2013.25
"84047",2006,2006,2006
"84049",2006.75,2006.75,2006.75
"84050",2005.25,2005.25,2005.75
"84051",2010.5,2010.5,2010.5
"84052",2007.75,2007.75,2008.25
"84053",2005,2005,2005
"84054",2005.25,2006,2006
"84055",2007.75,9999,9999
"84056",2006,2006,2006
"84057",2006.75,2007,2008.75
"84058",2006,2006.75,2007
"84060",2007.75,2007.75,2007.75
"84061",2007.75,2007.75,2007.75
"84062",2006.75,2006.75,2007
"84063",2007.75,2010.5,2010.5
"84064",2011,2015,9999
"84065",2005.75,2005.75,2006
"84066",2005,2005,2007.75
"84067",2006.25,2006.25,2006.25
"84069",2006.25,2006.25,2008
"84070",2006,2006,2006
"84071",2006.25,2006.25,2007.25
"84072",2010.5,2010.5,2010.5
"84073",2010.5,2010.5,2010.5
"84074",2006.25,2007.25,2007.25
"84075",2006.25,2006.25,2006.25
"84076",2009,2009,2009
"84078",2009,2010.5,2010.5
"84080",2008,2008,2008
"84081",2000.25,2007.25,2007.25
"84082",2006.75,2006.75,2006.75
"84083",2015.5,9999,9999
"84084",2006,2006,2006
"84085",2009,2009,2010.5
"84086",9999,9999,9999
"84087",2005.25,2005.75,2006
"84088",2006,2006,2006
"84092",2006.75,2007,2007.25
"84093",2006,2006.5,2006.75
"84094",2006,2006,2006
"84095",2006,2006,2006
"84096",2000.25,2000.25,2007.25
"84097",2006.75,2006.75,2008.75
"84098",2007.75,2007.75,2007.75
"84101",2005,2005,2005
"84102",2006.75,2006.75,2006.75
"84103",2006.75,2006.75,2006.75
"84104",2005,2005,2005
"84105",2006.75,2006.75,2006.75
"84106",2006.75,2006.75,2006.75
"84107",2005,2006,2006
"84108",2006.75,2006.75,2006.75
"84109",2006.75,2007,2007.25
"84111",2006.75,2006.75,2006.75
"84112",2006.75,2006.75,2006.75
"84113",2006.75,2006.75,2006.75
"84115",2005,2005,2005
"84116",2005.25,2006,2006
"84117",2000,2006.75,2007.25
"84118",2005,2005,2005.75
"84119",2005,2005,2005
"84120",2005,2005,2005
"84121",2007.25,2007.25,2007.75
"84123",2005,2005,2006
"84124",2000,2006.75,2006.75
"84128",2005,2005,2005
"84144",2005,2005.75,2006.75
"84180",2005,2005,2005
"84301",2007.5,2007.5,2007.5
"84302",2007.5,2007.5,2007.5
"84304",2008.75,2008.75,2008.75
"84305",2008.75,2008.75,2009
"84306",2007,2008.75,2008.75
"84307",2005.75,2006,2011
"84308",2008.75,2008.75,2009.75
"84309",2006.75,2007,2007.5
"84310",2006.75,2007,2008
"84311",2005.75,2006,2006
"84312",2005.75,2006,2007
"84313",9999,9999,9999
"84314",2006.75,2007,2007.5
"84315",2006.25,2006.25,2006.25
"84316",2005.75,2011,2011
"84317",2008,2011.25,2013
"84318",2007,2007,2007
"84319",2011.5,2014.5,9999
"84320",2006,2006,2006.5
"84321",2007,2011.25,2011.75
"84324",2006.75,2007,2007.5
"84325",2005.75,2007.25,2010
"84326",2006.75,2007,2007
"84327",2008.75,2008.75,2008.75
"84328",2006.75,2006.75,2006.75
"84329",9999,9999,9999
"84330",2008.75,2008.75,2009
"84331",2009,2009.75,2009.75
"84332",2007,2007,2007
"84333",2006,2006,2006
"84334",2005.75,2006,2006
"84335",2006,2007,2008.75
"84336",2010.5,2010.5,9999
"84337",2007,2009,2009.75
"84338",2008.75,2008.75,2008.75
"84339",2006.75,2006.75,2006.75
"84340",2006.5,2007.5,2010
"84341",2007,2007,2007
"84401",2006,2006,2006.25
"84403",2006,2006,2006
"84404",2006,2006,2006.75
"84405",2006,2006,2006
"84414",2006,2006,2006
"84501",2010.5,2010.5,2010.5
"84511",2005.75,2008.75,2010.5
"84512",2008.75,2008.75,2011
"84513",2010.5,2010.5,2010.5
"84515",2010.5,2013.5,9999
"84516",2010.5,2010.5,2010.5
"84518",2010.5,2010.5,2010.5
"84520",2010.5,2010.5,2010.5
"84521",2010.5,2010.5,2010.5
"84522",2007.25,2010.5,2010.5
"84523",2010.5,2010.5,2010.5
"84525",2004.5,2010.5,9999
"84526",2010.5,2010.5,2010.5
"84528",2010.5,2010.5,2010.5
"84529",2010.5,2010.5,2010.5
"84530",2010.5,2010.5,2010.5
"84531",2008.75,2011.25,2011.25
"84532",2010.5,2010.5,9999
"84533",9999,9999,9999
"84534",2010.5,2010.5,2010.5
"84535",2005.75,2010.5,9999
"84536",2012.25,2013.75,2013.75
"84537",2009.25,2009.25,2010.5
"84539",2010.5,2010.5,9999
"84540",9999,9999,9999
"84542",2010.5,2010.5,2010.5
"84601",2006,2006,2006
"84604",2006.75,2006.75,2007.75
"84606",2006,2006,2006
"84620",2007,2009,2009
"84621",2007,2007,2007
"84622",2009,2009,2009
"84623",2010,2010,2010
"84624",2010.75,2010.75,2010.75
"84626",2007,2010.5,2010.5
"84627",2009.25,2009.25,2009.25
"84628",2008,2008,2010.5
"84629",2006.75,2006.75,2007.75
"84630",2009,2009.25,2009.25
"84631",2006.5,2007.25,2010.5
"84632",2005.5,2005.5,2005.5
"84633",2006,2007,2007
"84634",2009,2009,2009
"84635",2010.75,2010.75,2010.75
"84636",2010.5,2010.5,2010.5
"84637",2006.5,2006.5,2007.25
"84638",2005.75,2005.75,2005.75
"84639",2009,2009,2010
"84640",2005.75,2005.75,2005.75
"84642",2009.25,2009.25,2009.25
"84643",2009,2009,2009
"84645",2005.5,2005.75,2006.75
"84646",2010,2010,2010
"84647",2009.25,2009.25,2009.25
"84648",2005.5,2005.75,2009
"84649",2005.75,2005.75,2010.5
"84651",2005.75,2005.75,2005.75
"84652",2007,2007,2007
"84653",2005.75,2006,2006
"84654",2010.5,2010.5,2013.75
"84655",2005.75,2006,2006.75
"84656",2007,2009,2009
"84657",2007.25,2007.25,2009
"84660",2006,2006,2006
"84662",2009.25,2009.25,2009.25
"84663",2006,2006.5,2013.5
"84664",2006,2006,2006
"84665",2007,2009,2009
"84667",2010,2010,2010
"84701",2008.75,2008.75,2010.5
"84710",2008.25,2008.25,2008.25
"84711",2010.5,2010.5,2010.5
"84712",2010.5,2010.5,2010.5
"84713",2006.25,2006.25,2007.25
"84714",2008.75,2008.75,2008.75
"84715",2008.75,2008.75,2010.5
"84716",2010.5,9999,9999
"84718",2009,2011.5,2011.5
"84719",2010.5,2010.5,2010.5
"84720",2008.75,2010.5,2010.5
"84721",2010.5,2010.5,2010.5
"84722",2010.5,2010.5,2010.5
"84723",2008.5,2008.5,9999
"84724",2008.75,2008.75,2010.5
"84725",2008.75,2010.5,2010.5
"84726",2010.5,2010.5,9999
"84728",9999,9999,9999
"84729",2008.25,2008.25,2008.25
"84730",2010.5,2010.5,2010.5
"84731",2010.5,2010.5,2010.5
"84732",2008.75,2008.75,2008.75
"84733",2010.5,2010.5,2011.5
"84734",2007.5,9999,9999
"84735",2009,2009,2009.75
"84736",2009,2011.5,2011.5
"84737",2008.75,2008.75,2010
"84738",2010.5,2010.5,2010.5
"84739",2006.5,2007.25,2007.75
"84740",2008.5,2008.5,2008.5
"84741",2009.5,2009.5,2010.5
"84742",2008.75,2010.5,2010.5
"84743",2008.5,2008.5,9999
"84744",2008.75,2008.75,2008.75
"84745",2010,2010,2010
"84746",2010.25,2010.25,2010.5
"84747",2008.75,2008.75,2008.75
"84749",2008.75,2008.75,2008.75
"84750",2008.75,2008.75,2008.75
"84751",2010.5,2010.5,2011
"84752",2010.5,2010.5,2013.5
"84753",2008.75,2013.25,2013.25
"84754",2008.75,2010.5,2010.5
"84755",2008.25,2009.5,2011.5
"84756",2008.75,2008.75,2008.75
"84757",2010.5,2010.5,2010.5
"84758",2008.25,2009.25,2011.5
"84759",2009.75,2009.75,2010.5
"84760",2010.5,2010.5,2010.5
"84761",2010.5,2010.5,2010.5
"84762",2009,2009.75,2011.5
"84763",2010,2010.25,2010.5
"84764",2009,2010.5,2011.5
"84765",2010.25,2010.5,2010.5
"84766",2006.5,2007.25,2007.25
"84767",2010,2010.5,9999
"84770",2006.5,2010.25,2010.5
"84772",2010.5,2010.5,2010.5
"84773",2010.5,9999,9999
"84774",2010.5,2010.5,2010.5
"84775",9999,9999,9999
"84776",2009,2010.5,2010.5
"84779",2010,2010.5,2010.5
"84780",2005.5,2005.5,2005.5
"84781",2010.5,2010.5,2010.5
"84782",2010.5,2010.5,2010.5
"84783",2010.5,2010.5,2010.5
"84784",2009.25,2009.25,9999
"84790",2005.5,2006.25,2010.25
"85003",2005.5,2005.5,2005.5
"85004",2005.5,2005.5,2005.5
"85006",2005.5,2005.5,2005.5
"85007",2005.5,2005.5,2005.5
"85008",2006.5,2006.5,2006.5
"85009",2005.5,2005.5,2005.5
"85012",2006,2006,2006
"85013",2006,2006,2006
"85014",2005.5,2005.5,2005.5
"85015",2006,2006,2006
"85016",2005.5,2005.5,2005.5
"85017",2006,2006,2006
"85018",2006.5,2006.5,2006.5
"85019",2006,2006,2006
"85020",2005.5,2005.5,2005.5
"85021",2006,2006,2006
"85022",2005.5,2005.5,2005.5
"85023",2006,2006,2006
"85024",2006,2006,2006
"85027",2006,2006,2006
"85028",2005.5,2005.5,2005.5
"85029",2006,2006,2006
"85031",2006,2006,2006
"85032",2005.5,2005.5,2005.5
"85033",2006,2006,2006
"85034",2005.5,2006.5,2006.5
"85035",2005.5,2005.5,2005.5
"85037",2005.25,2005.25,2005.25
"85040",2005.5,2005.5,2006.5
"85041",2005.5,2005.5,2005.5
"85042",2005.5,2006.5,2006.5
"85043",2005.5,2005.5,2007.75
"85044",2005.5,2005.5,2005.5
"85045",2007.5,2007.5,2007.5
"85048",2007.5,2007.5,2007.5
"85050",2006,2006,2006
"85051",2006,2006,2006
"85053",2006,2006,2006
"85054",2006,2006,2006
"85083",2006,2006,2006
"85085",2006,2006,2006
"85086",2007.5,2007.5,2007.5
"85087",2007.5,2007.5,2007.5
"85118",2009.25,2009.25,2010.5
"85119",2006.5,2007.5,2010
"85120",2005.5,2005.5,2005.5
"85121",2007,2007,2007
"85122",2005.5,2005.5,2006.5
"85123",2007.75,2008.75,2008.75
"85128",2007,2007,2007.5
"85131",2008.25,2008.25,2008.75
"85132",2007.5,2008.75,2010.5
"85135",2007.5,2010.5,2010.5
"85137",2005.5,2005.5,2007
"85138",2007,2008.25,2008.25
"85139",2005,2006.5,2006.5
"85140",2005.75,2005.75,2005.75
"85141",2008.25,2008.25,2008.25
"85142",2005.75,2006,2006.25
"85143",2007,2007,2007
"85145",2008.25,2008.25,2008.25
"85147",2006,2006,2006.25
"85172",2006.5,2006.5,2008.25
"85173",2010.5,2010.5,2010.5
"85192",2010.5,2010.5,2010.75
"85193",2006.25,2007.75,2008.75
"85194",2007,2007,2007
"85201",2005.25,2005.25,2005.25
"85202",2005.5,2005.5,2005.5
"85203",2005.25,2005.25,2005.25
"85204",2005,2005,2005
"85205",2005.25,2005.25,2005.25
"85206",2005,2005,2005
"85207",2005.5,2005.5,2005.5
"85208",2005.5,2005.5,2005.5
"85209",2005.5,2005.5,2005.5
"85210",2005,2005.25,2005.25
"85212",2005.5,2005.5,2005.5
"85213",2005.25,2005.25,2005.25
"85215",2005.5,2005.5,2006.5
"85224",2005.5,2005.5,2005.5
"85225",2005,2005,2005.5
"85226",2007,2007.5,2007.5
"85233",2005,2005,2005
"85234",2005,2005,2005
"85248",2007,2007,2007
"85249",2006.25,2006.25,2006.25
"85250",2005.25,2005.25,2005.5
"85251",2006.5,2006.5,2006.5
"85253",2005.5,2005.5,2005.5
"85254",2005.5,2005.5,2005.5
"85255",2005.5,2005.5,2005.5
"85256",2005.25,2005.25,2005.25
"85257",2006.5,2006.5,2006.5
"85258",2005.25,2005.25,2005.5
"85259",2005.25,2005.25,2005.25
"85260",2005.25,2005.25,2005.25
"85262",2006,2006.75,2006.75
"85263",2010.5,2010.5,9999
"85264",2005.75,2008.5,2008.5
"85266",2005.5,2005.5,2005.5
"85268",2005.25,2005.5,2005.5
"85281",2006.5,2006.5,2006.5
"85282",2006.5,2006.5,2006.5
"85283",2005.5,2005.5,2005.5
"85284",2005.5,2005.5,2005.5
"85286",2005.5,2005.5,2005.5
"85295",2005,2005,2005
"85296",2005,2005,2005
"85297",2005,2006.25,2006.25
"85298",2006.25,2006.25,2006.25
"85301",2006,2006,2006
"85302",2006,2006,2006
"85303",2006,2006,2006
"85304",2006,2006,2006
"85305",2005.25,2005.25,2005.25
"85306",2006,2006,2006
"85307",2005.25,2005.25,2005.25
"85308",2006,2006,2006
"85309",2005.25,2005.25,2005.25
"85310",2006,2006,2006
"85320",2009.75,2009.75,2009.75
"85321",2005,2005,2005
"85322",2008.75,2008.75,2008.75
"85323",2007.75,2007.75,2007.75
"85324",2009,2009,2009
"85325",2009.75,2010.5,2010.5
"85326",2007.75,2008.25,2008.25
"85328",2010.75,2010.75,9999
"85331",2007.25,2009,2009.75
"85332",2008.75,2008.75,2009.75
"85333",2007,2007,2007.25
"85334",2010.75,2010.75,2010.75
"85335",2005.25,2006,2006
"85336",2007,2007.75,2009
"85337",2006,2007,2007
"85338",2005.25,2005.25,2005.25
"85339",2006.5,2007.5,2007.75
"85340",2005,2005,2005.25
"85341",2005,2005,2005
"85342",2007.5,2009,2009.25
"85343",2008.25,2008.75,2008.75
"85344",2007,2009.25,2009.75
"85345",2005.25,2005.25,2006
"85346",2010.5,2010.75,9999
"85347",2014.75,2014.75,2014.75
"85348",2006.25,2006.25,2006.25
"85349",2007,2007.5,2007.75
"85350",2007,2007.5,2007.75
"85351",2006,2006,2006
"85352",2014.75,2014.75,2014.75
"85353",2007.75,2007.75,2007.75
"85354",2008.75,2008.75,2008.75
"85355",2005.25,2007.75,2007.75
"85356",2008.5,2008.5,2008.5
"85357",2009.75,2009.75,2009.75
"85360",2014.5,2015.5,9999
"85361",2007.75,2009.75,2009.75
"85362",2008.75,2009.75,2009.75
"85363",2005.25,2005.25,2005.25
"85364",2006.25,2006.5,2006.5
"85365",2007,2008.5,9999
"85367",2008,2008.5,2008.5
"85371",2010.75,2010.75,2010.75
"85373",2006,2006,2006
"85374",2006,2006,2006
"85375",2006,2006,2006
"85377",2006,2007.75,2010.5
"85379",2006,2006,2006
"85381",2006,2006,2006
"85382",2006,2006,2006
"85383",2007.5,2007.5,2007.5
"85387",2007.75,2007.75,2009.25
"85388",2007.75,2007.75,2007.75
"85390",2005.5,2009.75,2010.5
"85392",2005.25,2005.25,2005.25
"85395",2005,2005,2005.25
"85396",2008.75,2008.75,2008.75
"85501",2009.25,2009.75,2009.75
"85530",2009.75,2009.75,2014.5
"85531",2005.25,2005.25,2005.25
"85533",9999,9999,9999
"85534",2012.75,2012.75,2012.75
"85535",2005.25,2005.25,2005.25
"85536",2005.25,2005.25,9999
"85539",2006,2007.25,2007.25
"85540",2007.5,9999,9999
"85541",2006.75,2008.75,2011.75
"85542",2009.75,2009.75,2009.75
"85543",2005.25,2005.25,2006.5
"85544",2006.75,2006.75,2013.5
"85545",2009.25,2009.25,2009.25
"85546",2007.5,2007.5,2007.5
"85550",2009.75,2009.75,2009.75
"85551",2006.5,2006.5,2006.5
"85552",2005.25,2005.25,2005.25
"85553",2009.25,2009.25,2014.5
"85554",2009.25,2014.5,2014.5
"85601",2009.25,2017.75,2017.75
"85602",2007,2008.5,2008.5
"85603",2004.75,2005,2005
"85605",2007.25,2007.25,2007.25
"85606",2007,2007,2007
"85607",2005,2005,2005
"85608",2005,2005,2005
"85609",2007,2007,2008.5
"85610",2005,2005,9999
"85611",2007,2010.75,2010.75
"85613",2006,2006,2006
"85614",2006.5,2007,2007
"85615",2005,2005,2006
"85616",2006,2007,2007
"85617",2005,2005,2005
"85618",2010.75,2010.75,2010.75
"85619",2005.5,2007,2009
"85620",2005,2005,2005
"85621",2005.5,2009,2009
"85622",2007,2009.25,2009.25
"85623",2010.5,2010.5,2010.5
"85624",2006,2009,2009
"85625",2005,2005,2005
"85626",2004.75,2004.75,2012.5
"85627",2007,2007,2007
"85629",2006.5,2006.5,2007
"85630",2007,2007,2007
"85631",2010.5,2010.75,2010.75
"85632",2007.25,9999,9999
"85633",2009.25,9999,9999
"85634",2008.75,2008.75,9999
"85635",2005,2005,2006
"85637",2006.5,2010.75,9999
"85638",2007,2007,2007.25
"85640",2005.25,2009,2009
"85641",2008.25,2008.5,2010.25
"85643",2007.25,2007.25,2010.75
"85645",2009.25,2009.25,2009.25
"85646",2005.5,2009,2009
"85648",2005.25,2005.25,2005.25
"85650",2005,2005,2005
"85653",2006.25,2006.75,2006.75
"85654",2006.25,2006.25,2006.25
"85658",2006.25,2006.75,2006.75
"85701",2005.25,2005.25,2005.25
"85704",2000.25,2005.25,2005.25
"85705",2005.25,2005.25,2005.25
"85706",2005.25,2005.25,2005.25
"85707",2005.25,2005.5,2006.25
"85708",2006.25,2006.25,2006.25
"85710",2006.25,2006.25,2006.25
"85711",2006,2006.25,2006.25
"85712",2006.25,2006.25,2006.25
"85713",2005.25,2005.25,2005.25
"85714",2005.25,2005.25,2005.25
"85715",2006.25,2006.25,2006.25
"85716",2005.25,2005.25,2005.25
"85718",2005.5,2006.25,2009
"85719",2005.25,2005.25,2005.25
"85723",2005.25,2005.25,2005.25
"85724",2005.25,2005.25,2005.25
"85726",2005.25,2005.25,2005.25
"85730",2006.25,2006.25,2007.5
"85735",2006,2007,2009.25
"85736",2009.25,2009.25,2009.25
"85737",2005.25,2005.5,2008.25
"85739",2007,2008.25,2009
"85741",2000.25,2005.25,2005.25
"85742",2005.25,2005.25,2005.25
"85743",2005.5,2005.5,2005.5
"85745",2005.25,2005.5,2005.5
"85746",2006,2006,2006.5
"85747",2005.25,2005.25,2005.25
"85748",2006.25,2006.25,2006.25
"85749",2006.25,2007.5,2007.5
"85750",2006.25,2006.25,2007
"85755",2005.25,2005.25,2005.25
"85756",2006.5,2006.5,2006.5
"85757",2006,2006,2006
"85901",2005.25,2005.25,2006.5
"85911",2014,9999,9999
"85912",2005.25,2005.25,2006.5
"85920",2014,2014,2014
"85922",9999,9999,9999
"85923",2005.25,2005.5,2008.5
"85924",2007.25,2007.25,2007.25
"85925",2007.25,2009.25,2009.25
"85926",2013.75,2013.75,2013.75
"85927",2005.75,2007.25,2009.25
"85928",2005.5,2005.5,2005.5
"85929",2006.5,2006.5,2006.5
"85930",2006.5,2006.5,2009.25
"85931",2005.5,2005.5,2009.25
"85932",2014,2014,2014
"85933",2005.5,2005.5,2005.5
"85934",2005.25,2005.25,2006.5
"85935",2006.5,2006.5,2006.5
"85936",2007.25,2007.25,2007.25
"85937",2005.25,2005.25,2005.5
"85938",2007.25,2007.25,2009.25
"85939",2005,2005.25,2005.25
"85940",2006.5,2006.5,2006.5
"85941",2016.75,2017.25,9999
"85942",2007,2008,2009.75
"86001",2006.75,2008.5,2008.5
"86003",2003.25,2013,2013
"86004",2008,2008,2010
"86011",2008.5,2008.5,2008.5
"86015",2006.75,2008.5,2008.5
"86016",2012.5,2012.5,2012.5
"86017",2008.5,2010,2011.75
"86018",2007.25,2007.25,2008
"86020",2008,2012,2012.5
"86021",2009.25,2010.25,9999
"86022",2010.5,2011.5,9999
"86023",2009.5,9999,9999
"86024",2011.75,2011.75,9999
"86025",2007,2009.75,2009.75
"86028",2005.5,2005.5,2005.5
"86029",2008,2008,2009.75
"86030",2011.75,9999,9999
"86031",2014.25,2014.25,2014.25
"86032",2009.75,2009.75,2010.25
"86033",2013.25,2013.75,9999
"86034",2013,2013.25,2014.25
"86035",2010,2012.25,2012.25
"86036",2009.5,2009.5,9999
"86038",2008.5,2011.75,2011.75
"86039",2013,2013,9999
"86040",2008.75,2008.75,2009.5
"86042",2013,2013,9999
"86043",2012.25,9999,9999
"86044",2011.75,2011.75,2012.25
"86045",2009.75,2010,2012
"86046",2008,2008.25,2009.75
"86047",2010,2010.25,2011.75
"86052",9999,9999,9999
"86053",2008.75,2011.75,2011.75
"86054",2011.75,2011.75,2011.75
"86301",2006,2006,2006
"86303",2007.75,2008,2008
"86305",2010,2013.75,2013.75
"86313",2008,2008,2008
"86314",2006,2007.5,2007.75
"86315",2007.5,2007.75,2008
"86320",2007.25,2011.5,2012.75
"86321",2008.75,2008.75,2008.75
"86322",2008.25,2008.25,9999
"86323",2007.75,2008,2008.25
"86324",2008.25,2008.25,2008.25
"86325",2008.25,2008.25,2008.25
"86326",2008.25,2008.25,2008.25
"86327",2008,2008.25,2008.25
"86329",2007.5,2007.75,2008
"86331",2009,2009,2009
"86332",2007.5,2008.75,2008.75
"86333",2008,2009,2009
"86334",2011.25,2011.25,2011.25
"86335",2008.25,2008.25,2011.75
"86336",2008.25,2008.25,2008.25
"86337",2010,2010,2012.75
"86338",2007.5,2007.75,2007.75
"86343",2009,2009,2009
"86351",2008.25,2008.25,2008.25
"86401",2008.25,2014.5,2014.5
"86403",2007,2007,2007
"86404",2007,2007,2008
"86406",2008,2009.25,2013.5
"86409",2008.25,2008.25,9999
"86411",2014.5,2014.5,9999
"86413",2006,2008,2010.75
"86426",2005,2006,2008
"86429",2006,2006,2006
"86431",2006.75,2006.75,2006.75
"86432",9999,9999,9999
"86433",2008,2009.25,2010.75
"86434",9999,9999,9999
"86435",9999,9999,9999
"86436",2008.75,2008.75,2009.25
"86437",9999,9999,9999
"86438",2009.75,2014.5,9999
"86440",2008,2009.25,2009.25
"86441",2006.75,2006.75,2006.75
"86442",2005,2006,2007
"86443",2011.25,9999,9999
"86444",9999,9999,9999
"86445",2006.75,2011.25,2011.25
"86502",2008,2011.5,2011.5
"86503",2012,2013.25,2013.25
"86504",2006.25,2006.25,2012
"86505",2011.75,2012.25,2014.25
"86506",2006.25,2006.25,2011
"86507",2012.25,2012.25,2017.5
"86508",2006.25,2006.25,2006.25
"86510",2013,2013,2013.25
"86511",2005.5,2005.5,2009.5
"86512",2006.25,2011.25,2011.25
"86514",2011,2011,2012.25
"86515",2005.25,2005.5,2005.5
"86520",2013,2013.25,2013.25
"86535",2009,2013.75,9999
"86538",2012,2012,2016.75
"86540",2012.25,2013.25,2016.75
"86544",2012.25,2012.25,2012.25
"86545",2011.75,2013.75,2013.75
"86547",2012,2012.25,2017.5
"86556",2011,2011,2017.5
"87001",2006.25,2008.75,2009.5
"87002",2009.25,2009.25,2009.25
"87004",2005.25,2006.75,2007
"87005",2009.5,2010.25,2010.25
"87006",2009.25,2009.25,2009.25
"87007",2008.75,2008.75,2008.75
"87008",2006,2006.25,2006.25
"87010",2008,2008.5,2008.75
"87011",2010.75,9999,9999
"87012",2013.75,2014.75,2014.75
"87013",2010.5,2010.5,2013.5
"87014",2009,2010.5,2010.5
"87015",2006.25,2006.25,2006.25
"87016",2006.25,2010.25,2012.5
"87017",2013.5,2013.5,2014.75
"87018",2010.5,2015.5,2015.5
"87020",2010.25,2010.5,2014.5
"87021",2008.75,2008.75,2008.75
"87022",2009.25,2009.25,2009.25
"87023",2009.25,2009.25,2009.25
"87024",2005.25,2005.25,2005.25
"87025",2009.5,2013.75,2013.75
"87026",2007,2008.75,2008.75
"87027",2004.5,2013.5,2013.5
"87028",2009.25,2009.25,2009.25
"87029",2010.5,2013.5,2013.5
"87031",2007.75,2009.25,2009.25
"87032",2006.25,2006.25,2006.25
"87034",2010.5,9999,9999
"87035",2006.25,2010.25,2010.25
"87036",2012.5,2012.5,2013.25
"87037",2010.5,2010.5,2010.5
"87038",2010.25,2010.5,2010.5
"87040",2008.75,2010.5,2010.5
"87041",2009.5,2009.5,2009.5
"87042",2009.25,2009.25,2009.25
"87043",2005.75,2006.75,2009.25
"87044",2005.25,2005.25,2009.5
"87045",2008.75,2009.5,2010.5
"87046",2013.5,2013.5,2013.5
"87047",2006.25,2006.25,2006.25
"87048",2005.75,2006,2006.25
"87049",2008.75,2008.75,2008.75
"87051",2008.75,2008.75,2008.75
"87052",2008.75,2009.5,2009.5
"87053",2005.25,2005.25,2007
"87056",2006.25,2010.25,2010.25
"87059",2006.25,2006.25,2007
"87061",2009.25,2012.5,2012.5
"87062",2009.25,2009.25,2009.25
"87063",2007,2012.5,2012.75
"87064",2013.75,2014.75,2014.75
"87068",2008.75,2009.25,2009.25
"87070",2010.25,2010.25,2010.25
"87072",2009.5,2009.5,2009.5
"87083",2009.5,2009.5,2009.5
"87102",2005.25,2005.25,2005.25
"87104",2005.25,2005.25,2005.25
"87105",2006.25,2006.25,2006.25
"87106",2005,2005.25,2005.75
"87107",2005.25,2005.25,2005.25
"87108",2005.75,2005.75,2006.25
"87109",2005,2005.25,2005.75
"87110",2005,2005.25,2005.75
"87111",2005,2005.75,2005.75
"87112",2005,2005.75,2005.75
"87113",2005,2005.25,2005.75
"87114",2005.25,2005.25,2005.25
"87116",2005.75,2005.75,2006.25
"87117",2005.75,2005.75,2006.25
"87120",2005.25,2005.25,2005.25
"87121",2007,2008.75,2008.75
"87122",2005,2005.25,2005.75
"87123",2005.75,2005.75,2005.75
"87124",2005.75,2006.25,2006.75
"87144",2006,2006.25,2006.75
"87301",2005.5,2005.5,2005.5
"87305",2005.5,2005.5,2006.25
"87310",2005.25,2009.75,2010.5
"87311",2009.25,2009.5,2010.5
"87312",2010.5,2010.5,2010.5
"87313",2007,2010.75,2011.5
"87315",9999,9999,9999
"87316",2010.5,2010.5,2010.5
"87317",2005.5,2005.5,2005.5
"87319",2005.5,2005.5,2005.5
"87320",2006.25,2006.25,2006.25
"87321",2006.5,2010.5,9999
"87322",2005.5,2005.5,2005.5
"87323",2010.5,2010.5,2010.5
"87325",2009.75,2009.75,2010.5
"87326",2010.75,2010.75,2010.75
"87327",2010.75,2011.25,9999
"87328",2006.25,2009.75,2011.75
"87347",2010.5,2010.5,2010.5
"87357",2006.5,2006.5,2006.5
"87364",2010.5,2010.5,2010.5
"87375",2005.25,2005.25,2005.25
"87401",2006,2006,2006.25
"87402",2006.25,2006.25,2006.25
"87410",2006.75,2006.75,2010.5
"87412",2010.5,2010.5,2010.5
"87413",2010.5,2010.5,2010.5
"87415",2006.25,2006.25,2006.25
"87416",2006,2006,2010.5
"87417",2006,2006,2006
"87418",2004.5,2006,2006.25
"87419",2010.5,2010.5,2010.75
"87420",2005.25,2010.5,2010.5
"87421",2010.5,2010.5,2010.5
"87455",2007,2010.5,2010.75
"87461",2010.5,2011,2012
"87499",2010.75,2010.75,2010.75
"87501",2006.25,2007.75,2008.75
"87505",2008,2008.5,2008.75
"87506",2006.25,2006.25,2006.25
"87507",2007.75,2007.75,2008.5
"87508",2008,2008.75,2008.75
"87510",2010.5,2011.5,2014.75
"87511",2010.5,2010.5,2011.5
"87512",2013,2013,2013
"87513",2010.5,2010.5,2010.5
"87514",2007.25,2010.5,2010.5
"87515",2014.75,2015.5,2015.5
"87516",2011.5,2014.75,2014.75
"87517",2010.5,2010.5,2010.5
"87518",2014.75,2015.5,2015.5
"87519",2010.5,2010.5,2012
"87520",2009,2009,2015.5
"87521",2010.75,2010.75,2011.5
"87522",2006.25,2006.25,2006.25
"87523",2006.25,2006.25,2006.25
"87524",2012,2012,2013
"87525",2007.25,2007.25,2012
"87527",2009.25,2010.5,2011.5
"87528",2010.5,2010.5,2013.5
"87529",2010.5,2010.5,2010.5
"87530",2010.5,2010.5,2010.5
"87531",2005.75,2005.75,2005.75
"87532",2006,2006.25,2010.5
"87533",2010.5,2010.5,2010.5
"87535",2010.75,2010.75,2010.75
"87537",2010.5,2010.5,2010.5
"87538",2005,2005,2010.75
"87539",2005.75,2005.75,2010.5
"87540",2008.75,2008.75,2010.75
"87543",2009.25,2010.75,9999
"87544",2008.5,2009.5,2009.5
"87548",2010.5,2010.5,2010.5
"87549",2005.75,2005.75,2005.75
"87551",2015.5,2015.5,2015.5
"87552",2010.75,2010.75,2013
"87553",2009.25,2009.25,2009.25
"87554",2010.5,2015.5,2015.5
"87556",2010.5,2012,2013
"87557",2009.25,2009.25,2009.25
"87558",2010.5,2013,9999
"87560",2012.75,2012.75,2014.25
"87562",2005,2010.75,2012.75
"87564",2010.5,2010.5,2010.5
"87565",2005,2005,2005
"87566",2010.5,2010.5,2010.5
"87567",2006,2006,2006
"87569",2005,2012.75,2012.75
"87571",2010.5,2010.5,2010.5
"87573",2013,9999,9999
"87574",2006.25,2006.25,2006.25
"87575",2015.5,2015.5,2015.5
"87577",2011.5,2015.5,2015.5
"87578",2006.25,2009.25,2010.75
"87579",2010.75,2015.75,9999
"87580",2010.5,2010.5,2010.5
"87581",2015.5,2015.5,2015.5
"87582",2006.25,2006.25,2010.5
"87583",2012.75,2012.75,2012.75
"87701",9999,9999,9999
"87710",2010,2012.75,2014.75
"87711",2012.75,9999,9999
"87712",2008,2015.75,2015.75
"87713",2014.75,2014.75,2014.75
"87714",2012.75,2012.75,2014.75
"87715",2015.75,2015.75,9999
"87718",2008.5,2014.75,2014.75
"87722",2014.75,2014.75,2015.75
"87723",2015.75,2015.75,9999
"87724",2012.75,2012.75,2012.75
"87728",2005,2012.75,2012.75
"87729",2008.5,2012.75,2012.75
"87730",2011.5,2011.5,2011.5
"87731",2015.75,2015.75,9999
"87732",2015.75,2015.75,2015.75
"87733",2011.75,2011.75,2011.75
"87734",2008,2008,2014.75
"87735",2008,2015.75,2015.75
"87736",2015.75,2015.75,2015.75
"87740",2006.5,2009.5,2015
"87742",2015.75,2015.75,2015.75
"87743",2011.5,2011.5,2011.5
"87745",2010.75,2010.75,2015.75
"87746",2011.75,2013.75,2013.75
"87747",2008.75,2012.75,9999
"87749",2012.75,2012.75,2014.75
"87750",2003.5,2003.5,9999
"87752",2011.5,2012.75,9999
"87753",2005,2008,2015.75
"87801",2009.25,2009.25,2014.75
"87820",9999,9999,9999
"87821",2014.5,2014.5,2014.5
"87823",2009.25,2009.25,2014.75
"87824",2014,9999,9999
"87825",2014.5,2017.75,9999
"87827",2014.5,2014.5,9999
"87828",2009.25,2009.25,2009.25
"87829",2017.25,9999,9999
"87830",9999,9999,9999
"87831",2009.25,2009.25,2009.25
"87832",2010.25,2014.75,9999
"87901",2010.25,2010.25,2010.25
"87930",9999,9999,9999
"87931",2010.25,2010.25,9999
"87933",2000,9999,9999
"87935",2010.25,2010.25,2010.25
"87936",2000,9999,9999
"87937",2010.25,9999,9999
"87939",2010.25,2010.25,9999
"87940",2010.5,2010.75,9999
"87941",9999,9999,9999
"87942",2010.25,2010.25,2010.25
"87943",9999,9999,9999
"88001",2008.25,2008.25,2008.25
"88002",2010.5,2010.5,2010.5
"88003",2008.25,2008.25,2008.25
"88004",2010.25,2010.25,2010.25
"88005",2008.25,2008.25,2008.25
"88007",2007,2007.75,2010.25
"88008",2005.25,2005.25,2005.25
"88009",2010.5,2010.5,9999
"88011",2006,2006,2007
"88012",2010.5,2010.5,2010.5
"88020",9999,9999,9999
"88021",2005.25,2005.25,2008.25
"88022",2007,2007,2010.5
"88023",2007,2007,2007
"88024",2006.75,2008.25,2010.5
"88025",9999,9999,9999
"88026",2007,2007,2007
"88027",2005.25,2005.25,2005.75
"88028",2010.5,2010.5,9999
"88029",2010.5,2010.5,2010.5
"88030",2007,2010.5,2010.5
"88032",2010.5,2010.5,2010.5
"88033",2006,2010.25,2010.25
"88034",2006,2006,2006
"88038",9999,9999,9999
"88039",9999,9999,9999
"88040",9999,9999,9999
"88041",2007,2007,2007
"88042",9999,9999,9999
"88043",2006,2006,2006
"88044",2007,2007.75,2008.25
"88045",2010.5,2010.5,2010.5
"88046",2008.25,2008.25,2008.25
"88047",2006.5,2007,2008.25
"88048",2007,2008.25,2009
"88049",2017.75,2017.75,2017.75
"88051",9999,9999,9999
"88052",2010.5,2010.5,2010.5
"88053",2010.5,2010.5,9999
"88055",2012.75,2012.75,2012.75
"88056",9999,9999,9999
"88061",2008.75,2010.5,2010.5
"88063",2005.25,2005.25,2005.25
"88065",2007,2007,2007
"88072",2007,2008.25,2009
"88081",2007.75,2007.75,2008
"88101",2005.25,2007.25,2007.25
"88103",2007.25,2007.25,2007.25
"88112",2012,2012,2012
"88113",2006.75,2013,2013
"88114",2008.75,2008.75,2014
"88115",2006.75,2006.75,2012.75
"88116",2012.5,2015.25,2015.25
"88118",2012.5,2012.5,2012.5
"88119",2012.75,2012.75,2012.75
"88120",2012,2012,2014.5
"88121",2012.75,2012.75,2014.5
"88124",2012.5,2012.75,2012.75
"88125",2008.75,2013,2013
"88126",2014,2014,2015.25
"88130",2006.75,2007,2012.5
"88132",2006.75,2012.75,2013
"88134",2012.75,2012.75,2012.75
"88135",2005.5,2007,2007.25
"88136",2012.75,2013,2013
"88201",2009,2011.25,2011.25
"88203",2010.5,2010.75,2013.5
"88210",2007.25,2007.5,2008.5
"88220",2007.25,2010.5,2015
"88230",2008.25,2008.25,2008.75
"88231",2006.75,2006.75,2006.75
"88232",2010.5,2010.5,2011.25
"88240",2006.75,2006.75,2006.75
"88242",2006,2006,2006.5
"88250",2007.5,2013.5,2013.5
"88252",2011.5,2012.5,2012.5
"88253",2008.25,2008.5,2010.5
"88254",2008.5,2008.5,2010.5
"88255",2006.75,2006.75,2006.75
"88256",2010.5,2012.5,2015.75
"88260",2006.75,2006.75,2006.75
"88262",2006.75,2006.75,2006.75
"88263",2010.5,2015,2015.75
"88264",2006.75,2006.75,2006.75
"88265",2005.25,2005.25,2006
"88267",2008.75,2008.75,2010.75
"88268",2007.25,2007.25,2007.25
"88301",2007.75,2007.75,2008.5
"88310",2007.75,2007.75,2007.75
"88311",2007.75,2007.75,2007.75
"88312",2008.5,2010.25,2010.25
"88314",2008.25,2008.25,2010.5
"88316",2014.75,2014.75,2014.75
"88317",2007.75,2010.5,2013.5
"88318",2011.25,2013.25,2014.75
"88321",2012.5,2012.75,2012.75
"88323",2007.25,2007.25,2007.25
"88324",2007.25,2007.25,2007.25
"88325",2007.75,2007.75,2008
"88330",2007.75,2007.75,2007.75
"88336",2007.25,2007.25,2007.25
"88337",2007.75,2007.75,2007.75
"88338",2007.25,2007.25,2007.25
"88339",2010.5,2013.5,2013.5
"88340",2010.25,2010.5,2010.5
"88341",2008.5,2008.5,2008.5
"88342",2008,2008,2010.5
"88343",2010.5,2013.5,2013.5
"88344",9999,9999,9999
"88345",2010.25,2010.25,2010.5
"88346",2007.25,2007.25,2007.25
"88347",2013.75,9999,9999
"88348",2007.25,2007.25,2007.25
"88349",2013.5,2013.75,9999
"88350",9999,9999,9999
"88351",2011.25,9999,9999
"88352",2007.75,2007.75,2008
"88353",2012.25,2012.25,2012.25
"88354",9999,9999,9999
"88355",2010.25,2010.25,2010.25
"88401",2011.75,2013.75,2014.5
"88410",2013.5,2013.5,2014.25
"88411",2011.75,2012,2014.5
"88414",2006.5,2006.5,2006.5
"88415",2009,2009.25,2009.25
"88416",2013.75,2013.75,2013.75
"88417",2009.5,2009.5,2009.5
"88418",2011.5,2012.25,2012.25
"88419",2008.75,2011.5,2015.25
"88421",2013.75,2013.75,2013.75
"88422",2008.75,2011.5,2012.25
"88424",2008.75,2008.75,2008.75
"88426",2011.75,2011.75,2011.75
"88427",2012.75,2014.5,2016.75
"88430",2011.75,2011.75,2014.25
"88431",2009.5,2013.75,2013.75
"88434",2011.75,2011.75,2011.75
"88435",2009.5,2011.5,2013.5
"88436",2009,2009,2009
"89001",2010.5,9999,9999
"89002",2003.5,2005,2005
"89003",2005.5,2005.5,2005.5
"89004",2005.5,2006.5,2007.5
"89005",2006.25,2007.25,2009
"89007",2009.5,2009.5,2009.5
"89008",2010.5,2011.5,2015.75
"89010",2009.75,2009.75,2014.75
"89011",2006.25,2006.25,2006.25
"89012",2005,2005.25,2005.5
"89013",2005,2005,2007
"89014",2005,2005,2005
"89015",2005,2006.25,2006.25
"89017",2009.75,2010.5,9999
"89018",2006.25,2006.25,2006.25
"89019",2008.75,2008.75,2008.75
"89020",2006.5,2008,2008
"89021",2009.25,2009.25,2009.25
"89022",2007.75,9999,9999
"89025",2008.25,2009.5,2009.75
"89026",2008.75,2009,2009
"89027",2006,2006,2006
"89029",2007,2007,2007
"89030",2005,2005,2005
"89031",2005,2005,2005
"89032",2005,2005,2005
"89039",2006.5,2007.5,2007.5
"89040",2009.25,2009.25,2009.25
"89042",2010.5,2010.5,2010.5
"89043",2009,2010.5,2010.5
"89044",2005.25,2005.5,2005.5
"89045",2013,9999,9999
"89046",2006.5,2006.75,2007.5
"89047",2004,9999,9999
"89048",2010.5,2010.5,2011
"89049",9999,9999,9999
"89052",2002.25,2005.5,2005.5
"89054",2005.25,2005.25,2005.25
"89060",2010,2010,2010
"89061",2010.5,2010.5,2010.5
"89074",2005,2005,2005
"89081",2005,2005,2005.25
"89084",2005.5,2005.5,2005.5
"89085",2005.5,2005.5,2005.5
"89086",2005.5,2005.5,2006
"89101",2005,2005,2005
"89102",2005,2005,2005
"89103",2005,2005,2005
"89104",2005,2005,2005
"89106",2005,2005,2005
"89107",2005,2005,2005
"89108",2005,2005,2005
"89109",2005,2005,2005
"89110",2005.25,2005.25,2005.25
"89113",2005,2005,2005
"89115",2005.25,2005.25,2005.25
"89117",2005.25,2005.25,2005.25
"89118",2005,2005,2005
"89119",2005,2005,2005
"89120",2005,2005,2005
"89121",2005,2005,2005
"89122",2006,2006.25,2006.25
"89123",2005,2005,2005
"89124",2006.25,2008.75,2010
"89128",2005.25,2005.25,2005.25
"89129",2005.25,2005.25,2005.25
"89130",2005,2005.25,2005.5
"89131",2005.5,2005.5,2005.5
"89134",2005.25,2005.25,2005.25
"89135",2005.25,2005.25,2005.25
"89138",2005.25,2005.25,2005.25
"89139",2005,2005,2005
"89141",2005,2005,2005
"89142",2006.25,2006.25,2006.25
"89143",2005.5,2005.5,2005.5
"89144",2005.25,2005.25,2005.25
"89145",2005.25,2005.25,2005.25
"89146",2005,2005,2005
"89147",2005.25,2005.25,2005.25
"89148",2005,2005,2005
"89149",2006.75,2008,2008
"89156",2005.25,2005.25,2006.25
"89161",2005,2005.5,2005.5
"89166",2005.25,2006.25,2008
"89169",2005,2005,2005
"89178",2005,2005,2005
"89179",2005.25,2005.25,2005.5
"89183",2005,2005,2005
"89191",2005.25,2005.25,2005.25
"89301",2010.5,2010.5,2010.5
"89310",2010.5,2010.75,2013
"89311",2010.5,2010.5,9999
"89314",2009,2016,2016
"89316",2010.5,2010.5,2010.5
"89317",2009,2009,2013.5
"89318",2010.5,2010.5,2010.5
"89319",2005.5,2007.75,2010.5
"89402",2009.5,2009.5,2009.5
"89403",2006,2006,2006
"89404",9999,9999,9999
"89405",2007.25,2007.25,2007.25
"89406",2005.5,2007.5,2007.5
"89408",2005.5,2005.5,2007.5
"89409",2011.25,2011.25,2011.25
"89410",2009.75,2010,2010
"89411",2008.75,2010,2010.25
"89412",9999,9999,9999
"89413",2005.5,2005.5,2005.5
"89414",2014.25,2015.5,9999
"89415",2010,2011.25,2011.25
"89418",2014.25,9999,9999
"89419",2009,2010.5,2010.5
"89420",2011.25,2011.25,2011.25
"89421",2011.25,2011.25,2011.25
"89422",2014.75,9999,9999
"89423",2008.75,2010,2010.25
"89424",2002,2009,9999
"89425",2011.25,9999,9999
"89426",2006.75,2006.75,9999
"89427",2010,2010,2010
"89428",2006,2006,2006
"89429",2003,2006,2007.75
"89430",2009.25,2009.25,2011
"89431",2005.5,2005.5,2005.5
"89433",2005.5,2005.5,2005.5
"89434",2006.25,2006.25,2006.25
"89436",2005.5,2005.5,2005.5
"89438",2011.25,2011.25,2011.25
"89439",2009.5,2010.5,2010.75
"89440",2007.75,2007.75,2007.75
"89441",2007,2007.5,2009
"89442",2009,2009,2009
"89444",2009.25,2009.25,2012.5
"89445",2010.5,2014.25,9999
"89446",2006.75,2006.75,2006.75
"89447",2011,2011,2011
"89448",2008.75,2010,2010
"89449",2008.75,2010,2010
"89450",2009.5,2009.5,2009.5
"89451",2009.5,2009.5,2009.5
"89460",2000,2010,2010
"89501",2007,2007,2007
"89502",2006.25,2006.25,2006.25
"89503",2007,2007,2007
"89506",2009.5,2009.5,2010.75
"89508",2009.5,2009.5,2009.75
"89509",2006.25,2006.25,2006.25
"89510",2008.25,2009,9999
"89511",2006.25,2006.75,2007.5
"89512",2005.5,2005.5,2007
"89519",2006.25,2006.25,2006.25
"89521",2007.75,2007.75,2007.75
"89523",2007,2007,2007
"89701",2008.75,2008.75,2008.75
"89702",2008.75,2008.75,2008.75
"89703",2005.5,2005.5,2008.75
"89704",2007.75,2008.75,2009.5
"89705",2005.5,2005.5,2005.5
"89706",2008.75,2008.75,2008.75
"89801",2010.5,2010.5,2010.5
"89815",2010.5,2010.5,2010.5
"89820",2009.75,2010.5,2010.5
"89821",2006.5,2006.5,2009.5
"89822",2010,2010,2010
"89823",2010.5,2012.5,2012.5
"89825",2012.25,2012.25,2012.25
"89826",9999,9999,9999
"89828",2010.5,2010.5,2010.5
"89830",2010.25,9999,9999
"89831",2010.25,2010.25,2010.25
"89832",2010.25,2010.25,2010.25
"89833",2010.5,2010.5,2010.5
"89834",2010.5,2010.5,2010.5
"89835",2010,2010.25,2012.5
"89883",2008.75,2008.75,2010.25
"90001",2005,2005,2005
"90002",2005,2005,2005
"90003",2005,2005,2005
"90004",2005.25,2005.25,2005.25
"90005",2005.25,2005.25,2005.25
"90006",2005.25,2005.25,2005.25
"90007",2005.25,2005.25,2005.25
"90008",2005.25,2005.25,2005.25
"90010",2005.25,2005.25,2005.25
"90011",2005,2005,2005.25
"90012",2005,2005,2005
"90013",2005,2005,2005
"90014",2005,2005,2005
"90015",2005,2005,2005
"90016",2005.25,2005.25,2005.25
"90017",2005,2005,2005
"90018",2005.25,2005.25,2005.25
"90019",2005.25,2005.25,2005.25
"90020",2005.25,2005.25,2005.25
"90021",2005,2005,2005
"90022",2005,2005,2005.25
"90023",2005,2005,2005
"90024",2005.25,2005.25,2005.25
"90025",2005.25,2005.25,2005.25
"90026",2005,2005,2005
"90027",2005,2005,2005.25
"90028",2005.25,2005.25,2005.25
"90029",2005.25,2005.25,2005.25
"90031",2005,2005,2005
"90032",2005,2005,2005
"90033",2005,2005,2005
"90034",2005.25,2005.25,2005.25
"90035",2005.25,2005.25,2005.25
"90036",2005.25,2005.25,2005.25
"90037",2005.25,2005.25,2005.25
"90038",2005.25,2005.25,2005.25
"90039",2005,2005,2005
"90040",2005.25,2005.25,2005.25
"90041",2005,2005,2005
"90042",2005,2005,2005
"90043",2005.25,2005.25,2005.25
"90044",2005,2005,2005
"90045",2005,2005.25,2005.25
"90046",2005.25,2005.25,2005.25
"90047",2005,2005,2005
"90048",2005.25,2005.25,2005.25
"90049",2005.25,2005.75,2005.75
"90056",2005.25,2005.25,2005.25
"90057",2005,2005,2005
"90058",2005.25,2005.25,2005.25
"90059",2005,2005,2005
"90061",2005,2005,2005
"90062",2005.25,2005.25,2005.25
"90063",2005,2005,2005
"90064",2005.25,2005.25,2005.25
"90065",2005,2005,2005
"90066",2005.25,2005.25,2005.25
"90067",2005.25,2005.25,2005.25
"90068",2005,2005,2005.25
"90069",2005.25,2005.25,2005.25
"90071",2005,2005,2005
"90073",2005.25,2005.25,2005.25
"90077",2005,2005.25,2005.25
"90079",2005,2005,2005
"90089",2005.25,2005.25,2005.25
"90090",2005,2005,2005
"90094",2005.25,2005.25,2005.25
"90095",2005.25,2005.25,2005.25
"90201",2005.25,2005.25,2005.25
"90210",2005,2005.25,2005.25
"90211",2005.25,2005.25,2005.25
"90212",2005.25,2005.25,2005.25
"90220",2005,2005,2005
"90221",2005.25,2005.25,2005.25
"90222",2005,2005,2005
"90230",2005.25,2005.25,2005.25
"90232",2005.25,2005.25,2005.25
"90240",2005.25,2005.25,2005.25
"90241",2005.25,2005.25,2005.25
"90242",2005.25,2005.25,2005.25
"90245",2005.5,2005.5,2005.5
"90247",2005,2005,2005
"90248",2005,2005,2005
"90249",2005,2005,2005
"90250",2005,2005,2005
"90254",2005.5,2005.5,2005.5
"90255",2005.25,2005.25,2005.25
"90260",2005,2005,2005
"90262",2005.25,2005.25,2005.25
"90263",2007.75,2009,2010.25
"90265",2006,2007.25,2007.75
"90266",2005.5,2005.5,2005.5
"90270",2005.25,2005.25,2005.25
"90272",2005.75,2005.75,2005.75
"90274",2006,2006,2006
"90275",2006,2006,2006
"90277",2005.5,2006,2006
"90278",2005,2005,2005
"90280",2005.25,2005.25,2005.25
"90290",2005.75,2005.75,2005.75
"90291",2005.25,2005.25,2005.25
"90292",2005.25,2005.25,2005.25
"90293",2005.5,2005.5,2005.5
"90301",2005,2005,2005
"90302",2005,2005,2005
"90303",2005,2005,2005
"90304",2005,2005,2005
"90305",2005,2005,2005
"90401",2005.25,2005.25,2005.25
"90402",2005.25,2005.25,2005.25
"90403",2005.25,2005.25,2005.25
"90404",2005.25,2005.25,2005.25
"90405",2005.25,2005.25,2005.25
"90501",2005.25,2005.25,2005.25
"90502",2005.25,2005.25,2005.25
"90503",2005,2005.25,2005.25
"90504",2005,2005,2005
"90505",2005.25,2005.25,2005.25
"90506",2005,2005,2005
"90601",2005.25,2005.25,2005.25
"90602",2005.25,2005.25,2005.25
"90603",2005.25,2005.25,2005.25
"90604",2005.25,2005.25,2005.25
"90605",2005.25,2005.25,2005.25
"90606",2005.25,2005.25,2005.25
"90620",2005.25,2005.25,2005.25
"90621",2005.25,2005.25,2005.25
"90623",2005.25,2005.25,2005.25
"90630",2005.25,2005.25,2005.25
"90631",2005.25,2005.25,2005.25
"90638",2005.25,2005.25,2005.25
"90640",2005.25,2005.25,2005.25
"90650",2005.25,2005.25,2005.25
"90660",2005.25,2005.25,2005.25
"90670",2005.25,2005.25,2005.25
"90680",2005.25,2005.25,2005.25
"90701",2005.25,2005.25,2005.25
"90703",2005.25,2005.25,2005.25
"90706",2005.25,2005.25,2005.25
"90710",2005.25,2005.25,2005.25
"90712",2005.25,2005.25,2005.25
"90713",2005.25,2005.25,2005.25
"90715",2005.25,2005.25,2005.25
"90716",2005.25,2005.25,2005.25
"90717",2005.25,2005.25,2005.25
"90720",2005.25,2005.25,2005.25
"90723",2005.25,2005.25,2005.25
"90731",2005.25,2005.25,2005.25
"90732",2005.25,2005.25,2005.25
"90740",2007,2007,2007
"90742",2007,2007,2007
"90743",2007,2007,2007
"90744",2005.25,2005.25,2005.25
"90745",2005.25,2005.25,2005.25
"90746",2005.25,2005.25,2005.25
"90747",2005.25,2005.25,2005.25
"90755",2005.25,2005.25,2005.25
"90802",2005.25,2005.25,2005.25
"90803",2005.25,2005.25,2005.25
"90804",2005.25,2005.25,2005.25
"90805",2005.25,2005.25,2005.25
"90806",2005.25,2005.25,2005.25
"90807",2005.25,2005.25,2005.25
"90808",2005.25,2005.25,2005.25
"90810",2005.25,2005.25,2005.25
"90813",2005.25,2005.25,2005.25
"90814",2005.25,2005.25,2005.25
"90815",2005.25,2005.25,2005.25
"90822",2005.25,2005.25,2005.25
"90831",2005.25,2005.25,2005.25
"91001",2006,2006,2006
"91006",2005.25,2005.25,2005.25
"91007",2005.25,2005.25,2005.25
"91008",2005.5,2005.5,2005.5
"91010",2005.5,2005.5,2005.5
"91011",2008.25,2008.25,2008.25
"91016",2005.25,2005.25,2005.25
"91020",2008.25,2008.25,2008.25
"91024",2005.25,2005.25,2005.25
"91030",2005,2005,2005
"91040",2005.75,2008.25,2008.25
"91042",2008.25,2009,2009
"91046",2008.25,2008.25,2008.25
"91101",2005.25,2005.25,2005.25
"91103",2005,2006,2008.25
"91104",2005.25,2005.25,2005.25
"91105",2005,2005,2005
"91106",2005.25,2005.25,2005.25
"91107",2005.25,2005.25,2005.25
"91108",2005.25,2005.25,2005.25
"91201",2008.25,2008.25,2008.25
"91202",2008.25,2008.25,2008.25
"91203",2008.25,2008.25,2008.25
"91204",2005,2005,2005
"91205",2005,2005,2005
"91206",2007.75,2008.25,2008.25
"91207",2008.25,2008.25,2008.25
"91208",2008.25,2008.25,2008.25
"91210",2008.25,2008.25,2008.25
"91214",2008.25,2008.25,2008.25
"91301",2007.75,2008.75,2010
"91302",2006.5,2007.75,2010
"91303",2005.75,2006.25,2006.25
"91304",2006.25,2006.25,2006.25
"91306",2006.25,2006.25,2006.25
"91307",2006.25,2006.25,2006.25
"91311",2006.25,2006.25,2006.25
"91316",2005.75,2005.75,2005.75
"91320",2007.25,2007.25,2007.25
"91321",2005.25,2006.5,2006.5
"91324",2006.25,2006.25,2006.25
"91325",2006.25,2006.25,2006.25
"91326",2006.25,2006.25,2006.25
"91330",2006.25,2006.25,2006.25
"91331",2005.25,2005.25,2005.25
"91335",2005.75,2005.75,2005.75
"91340",2005.25,2005.25,2005.25
"91342",2005.25,2005.25,2005.75
"91343",2005.25,2005.25,2005.25
"91344",2005.25,2005.25,2005.25
"91345",2005.25,2005.25,2005.25
"91350",2006.5,2006.5,2006.5
"91351",2006.5,2006.5,2006.5
"91352",2005,2005,2005
"91354",2006.5,2006.5,2006.5
"91355",2006.5,2006.5,2007.5
"91356",2005.75,2005.75,2005.75
"91360",2007.25,2007.25,2007.25
"91361",2007.25,2007.25,2007.25
"91362",2007.25,2007.25,2008.25
"91364",2005.75,2005.75,2005.75
"91367",2005.75,2005.75,2005.75
"91371",2005.75,2005.75,2005.75
"91377",2008.25,2008.75,2010.25
"91381",2008.25,2008.25,2008.25
"91384",2007.75,2008.25,2008.25
"91387",2006.5,2008.25,2009
"91390",2006.5,2006.5,2009.25
"91401",2005,2005,2005
"91402",2005,2005,2005
"91403",2005,2005,2005
"91405",2005,2005,2005
"91406",2005,2005,2005.75
"91411",2005,2005,2005
"91423",2005,2005,2005
"91436",2005.75,2005.75,2005.75
"91501",2008.25,2008.25,2008.25
"91502",2008.25,2008.25,2008.25
"91504",2005,2006.75,2008.25
"91505",2005,2005,2005
"91506",2005,2005,2005
"91601",2005,2005,2005
"91602",2005,2005,2005
"91604",2005,2005,2005
"91605",2005,2005,2005
"91606",2005,2005,2005
"91607",2005,2005,2005
"91608",2005,2005,2005
"91701",2005.5,2005.5,2005.5
"91702",2006,2006.75,2009.25
"91706",2005.25,2005.25,2005.25
"91708",2005.25,2005.25,2005.25
"91709",2005.25,2005.25,2005.25
"91710",2005.25,2005.25,2005.25
"91711",2005.25,2005.25,2005.25
"91722",2005.5,2005.5,2005.5
"91723",2005.25,2005.25,2005.25
"91724",2005.25,2005.25,2005.25
"91730",2005.5,2005.5,2005.5
"91731",2005.25,2005.25,2005.25
"91732",2005.25,2005.25,2005.25
"91733",2005.25,2005.25,2005.25
"91737",2005.5,2005.5,2005.5
"91739",2005.5,2005.5,2005.5
"91740",2005.5,2005.5,2005.5
"91741",2005.5,2005.5,2005.5
"91744",2005.25,2005.25,2005.25
"91745",2005.25,2005.25,2005.25
"91746",2005.25,2005.25,2005.25
"91748",2005.25,2005.25,2005.25
"91750",2006,2006.25,2006.25
"91752",2005.5,2005.5,2005.5
"91754",2005,2005,2005
"91755",2005,2005,2005
"91759",2006.25,2006.25,2006.75
"91761",2005.25,2005.5,2005.5
"91762",2005.25,2005.25,2005.25
"91763",2000,2005.25,2005.25
"91764",2005.25,2005.25,2005.5
"91765",2005.25,2005.25,2005.25
"91766",2000,2005.25,2005.25
"91767",2000,2005.25,2005.25
"91768",2000,2005.25,2005.25
"91770",2005.25,2005.25,2005.25
"91773",2005.25,2005.25,2005.5
"91775",2005.25,2005.25,2005.25
"91776",2005.25,2005.25,2005.25
"91780",2005.25,2005.25,2005.25
"91784",2005.25,2005.25,2005.25
"91786",2005.25,2005.25,2005.25
"91789",2000,2005.25,2005.25
"91790",2005.25,2005.25,2005.25
"91791",2000,2005.25,2005.25
"91792",2000,2005.25,2005.25
"91801",2005,2005,2005.25
"91803",2005,2005,2005
"91901",2006.75,2010.25,2010.25
"91902",2006,2006,2006
"91905",2008.5,2008.5,2008.5
"91906",2008.5,2008.5,2008.75
"91910",2006,2006,2006
"91911",2006.5,2006.5,2006.5
"91913",2006.5,2006.5,2006.5
"91914",2006.25,2006.25,2006.25
"91915",2006.5,2006.5,2009
"91916",2008.75,2010.25,2011.75
"91917",2006.5,2008.75,2010.25
"91931",2008.75,2010.25,2011.75
"91932",2006.5,2006.5,2006.5
"91934",2008.5,2008.5,2008.5
"91935",2006.25,2006.25,2008.75
"91941",2006,2006.25,2006.25
"91942",2006.25,2006.25,2006.25
"91945",2006,2006,2006
"91948",2008.75,2008.75,2011.75
"91950",2006,2006,2006
"91962",2008.75,2008.75,2008.75
"91963",2008.75,2008.75,2008.75
"91977",2006,2006.25,2006.25
"91978",2006.25,2006.25,2006.25
"91980",2008.75,2008.75,2008.75
"92003",2006.5,2006.5,2006.5
"92004",2006.5,2010.25,2011.25
"92007",2007.25,2008.5,2010
"92008",2005.5,2005.5,2005.5
"92009",2007,2007,2007
"92010",2006,2006,2006
"92011",2007,2007,2007
"92014",2005.25,2006,2007.25
"92019",2006.25,2006.25,2006.25
"92020",2005.25,2005.25,2005.25
"92021",2005.25,2005.25,2005.75
"92024",2007,2007,2007
"92025",2008.75,2010.75,2011.75
"92026",2010,2010.75,2010.75
"92027",2008.75,2008.75,2010.25
"92028",2006.5,2007.5,2010.75
"92029",2007,2007,2007
"92036",2011.75,2011.75,2011.75
"92037",2007,2007,2007
"92040",2005.25,2005.75,2005.75
"92054",2005.5,2005.5,2005.5
"92055",2006.25,2006.25,2006.25
"92056",2006,2006,2006
"92057",2006,2006,2006
"92058",2006.25,2006.5,2006.5
"92059",2010.75,2010.75,2010.75
"92060",2008.75,2008.75,2008.75
"92061",2006,2008,2008.75
"92064",2005.75,2005.75,2005.75
"92065",2008,2008,2008
"92066",2011.75,2011.75,2011.75
"92067",2005.5,2007,2007
"92069",2006,2006,2006
"92070",2008,2008.75,2008.75
"92071",2005.25,2005.25,2005.25
"92075",2007,2007,2007.25
"92078",2007,2007,2007
"92081",2006,2006,2006
"92082",2008.75,2009,2010.75
"92083",2006,2006,2006
"92084",2006,2006,2006
"92086",2008.75,2011.75,2014.25
"92091",2005.25,2005.25,2005.25
"92101",2007,2007,2007
"92102",2006,2006,2006
"92103",2006.25,2006.25,2006.25
"92104",2006.25,2006.25,2006.25
"92105",2006,2006,2006
"92106",2007,2007,2008.5
"92107",2007,2007,2007
"92108",2006.25,2006.25,2006.25
"92109",2007,2007,2007
"92110",2007,2007,2007
"92111",2006.25,2006.25,2006.25
"92113",2006,2006,2006
"92114",2006,2006,2006
"92115",2006.25,2006.25,2006.25
"92116",2006.25,2006.25,2006.25
"92117",2006.25,2007,2007
"92118",2008.5,2008.5,2008.5
"92119",2006.25,2006.25,2006.25
"92120",2006.25,2006.25,2006.25
"92121",2005.25,2005.25,2005.25
"92122",2006.25,2006.25,2006.25
"92123",2006.25,2006.25,2006.25
"92124",2006.25,2006.25,2006.25
"92126",2005.25,2005.25,2005.25
"92127",2005.25,2005.5,2007
"92128",2005.75,2005.75,2005.75
"92129",2005.25,2005.25,2005.25
"92130",2005.25,2005.25,2005.25
"92131",2005.25,2005.75,2006.25
"92132",2008.5,2008.5,2008.5
"92134",2006,2006,2006
"92135",2008.5,2008.5,2008.5
"92139",2006,2006,2006
"92140",2007,2007,2007
"92145",2005.75,2005.75,2005.75
"92147",2007,2007,2007
"92154",2006.5,2006.5,2006.5
"92155",2008.5,2008.5,2008.5
"92173",2001,2006.5,2006.5
"92201",2005.25,2005.25,2005.25
"92203",2005.25,2005.25,2005.25
"92210",2005.75,2005.75,2005.75
"92211",2005.25,2005.25,2005.75
"92220",2005.25,2005.25,2006.5
"92222",2007.5,2007.75,2008.5
"92223",2006.5,2006.5,2006.5
"92225",2010.75,2010.75,2010.75
"92227",2006.75,2006.75,2007.5
"92230",2010,2010,2010
"92231",2005,2005,2005.25
"92233",2006.75,2007.5,2007.5
"92234",2005.25,2005.25,2005.25
"92236",2005.25,2005.25,2005.25
"92239",2009.75,2009.75,2009.75
"92240",2006.5,2006.5,2006.5
"92241",2006.5,2006.5,2007
"92242",2009.25,2009.25,2009.25
"92243",2005,2005.25,2005.25
"92249",2005.25,2005.25,2005.25
"92250",2006.75,2007,2009.75
"92251",2006,2006.5,2006.5
"92252",2006,2006,2006
"92253",2005.25,2005.25,2005.75
"92254",2006.75,2006.75,2006.75
"92256",2007,2007,2007.5
"92257",2011,2012.25,2012.75
"92258",2005.5,2005.5,2006.5
"92259",2006.5,2006.5,2006.5
"92260",2005.75,2005.75,2005.75
"92262",2005.5,2005.5,2005.5
"92264",2006.25,2007.25,2007.25
"92266",2011,2012.75,9999
"92267",2007,2007,2007
"92268",2006,2007,2010
"92270",2005.25,2005.25,2005.25
"92273",2005.25,2005.25,2005.25
"92274",2006.75,2007,2007
"92275",2004.25,2006.75,2011
"92276",2005.25,2005.25,2005.25
"92277",2006.25,2006.25,2008.5
"92278",2005.75,2005.75,2005.75
"92280",2006.25,2009.25,2009.75
"92281",2006.75,2006.75,2006.75
"92282",2005.5,2007,2007
"92283",2007,2007,2008.5
"92284",2005,2005,2006
"92285",2005,2005,2005
"92301",2005.25,2007,2007.25
"92304",2011.25,2011.25,9999
"92305",2006,2007,2007
"92307",2007,2007,2008.5
"92308",2006.25,2007,2008.5
"92309",2011.25,2011.25,2011.25
"92310",2006.25,2006.25,2006.25
"92311",2006.25,2006.25,2006.25
"92313",2005,2005,2005
"92314",2005.25,2006,2007
"92315",2005.25,2005.25,2005.25
"92316",2005,2005,2005
"92320",2006.5,2006.5,2006.5
"92321",2005.25,2005.25,2005.25
"92322",2006.75,2007.75,2008.25
"92324",2005,2005,2005
"92325",2005.25,2006,2007.25
"92327",2006.25,2006.25,2006.25
"92328",2010.25,2010.25,2015.75
"92332",2007,2007.5,2011.25
"92333",2005.25,2005.25,2005.25
"92335",2005,2005.5,2005.5
"92336",2005,2005,2005.5
"92337",2005.5,2005.5,2005.5
"92338",2005.25,2005.25,2005.25
"92339",2007,2007,2007
"92341",2005.25,2005.25,2005.25
"92342",2007,2007,2007
"92344",2006.5,2006.5,2007.75
"92345",2006.5,2006.5,2006.5
"92346",2005,2005,2005.25
"92347",2005.25,2006.25,2007
"92352",2005,2005.5,2006
"92354",2005.25,2005.25,2005.25
"92356",2006.25,2007,2008.5
"92358",2006.75,2008.25,2009.75
"92359",2006.25,2006.25,2006.25
"92363",2008.75,2008.75,2009.25
"92364",2010.75,2010.75,2012.75
"92365",2006.25,2006.25,2006.25
"92368",2005.25,2005.25,2007
"92371",2007,2007.75,2009.25
"92372",2007,2007.25,2007.25
"92373",2005.25,2005.25,2005.25
"92374",2005.25,2005.25,2005.25
"92376",2005,2005,2005
"92377",2005,2005,2005
"92378",2005,2005,2005
"92382",2005.25,2005.25,2005.25
"92384",2011,9999,9999
"92385",2005,2005,2005
"92386",2005.25,2005.25,2005.25
"92389",2011,9999,9999
"92391",2005,2005,2005
"92392",2005.75,2006.5,2006.5
"92394",2005.25,2005.25,2005.25
"92395",2000,2000.25,2006.5
"92397",2000,2009.5,2012
"92398",2006.25,2006.25,2006.25
"92399",2006.25,2006.25,2006.25
"92401",2005,2005,2005
"92404",2005,2005,2005
"92405",2005,2005,2005
"92407",2005,2005,2005.5
"92408",2005.25,2005.25,2005.25
"92410",2005,2005,2005
"92411",2005,2005,2005
"92501",2005,2005,2005
"92503",2006.5,2006.5,2006.5
"92504",2005.5,2005.5,2006.5
"92505",2005.5,2005.5,2005.5
"92506",2005,2005,2005
"92507",2005,2005,2005
"92508",2005,2005,2005
"92509",2005.5,2005.5,2005.5
"92518",2005,2005,2005
"92530",2005.5,2005.5,2005.5
"92532",2005.5,2005.75,2005.75
"92536",2007.5,2008.75,2009.75
"92539",2008.75,2008.75,2008.75
"92543",2005.25,2005.25,2005.5
"92544",2005.5,2005.5,2005.5
"92545",2005.25,2005.25,2007.5
"92548",2007.5,2007.5,2007.5
"92549",2005,2005,2005
"92551",2005,2005,2005
"92553",2005,2005,2005
"92555",2009,2009,2009
"92557",2005,2005,2005
"92561",2006.75,2006.75,2008.75
"92562",2005.5,2006.5,2007
"92563",2005.5,2006.5,2006.5
"92567",2007.5,2007.5,2007.5
"92570",2005.75,2005.75,2005.75
"92571",2005.75,2005.75,2005.75
"92582",2005,2005,2007.5
"92583",2005,2005,2005
"92584",2006.5,2006.5,2006.5
"92585",2005.75,2005.75,2005.75
"92586",2005.75,2005.75,2005.75
"92587",2005.75,2005.75,2005.75
"92590",2005.5,2005.5,2005.5
"92591",2005.5,2005.5,2005.5
"92592",2005.25,2005.5,2007.5
"92595",2006.5,2006.5,2006.5
"92596",2005.25,2005.25,2005.25
"92602",2010.75,2010.75,2011.25
"92603",2005.75,2008.5,2008.5
"92604",2008.5,2008.5,2008.5
"92606",2005.5,2005.75,2008.5
"92610",2008.5,2008.5,2008.5
"92612",2005.75,2005.75,2005.75
"92614",2005.75,2005.75,2005.75
"92617",2005.75,2005.75,2005.75
"92618",2008.5,2008.5,2008.5
"92620",2008.5,2010.5,2010.75
"92624",2005.5,2005.5,2005.5
"92625",2005.75,2005.75,2005.75
"92626",2005.5,2005.5,2005.5
"92627",2005.75,2005.75,2005.75
"92629",2005.5,2005.5,2005.5
"92630",2008.5,2008.5,2008.5
"92637",2008.5,2008.5,2008.5
"92646",2005.5,2005.5,2005.75
"92647",2007,2007,2007
"92648",2007,2007,2007
"92649",2007,2007,2007
"92651",2005.75,2005.75,2005.75
"92653",2008.5,2008.5,2008.5
"92655",2005.5,2005.5,2005.5
"92656",2005.5,2008.5,2008.5
"92657",2005.75,2005.75,2005.75
"92660",2005.75,2005.75,2005.75
"92661",2005.75,2005.75,2005.75
"92662",2005.75,2005.75,2005.75
"92663",2005.75,2005.75,2005.75
"92672",9999,9999,9999
"92673",2005.5,2005.5,2005.5
"92675",2005.5,2005.5,2005.5
"92676",2005,2006,2006
"92677",2005.5,2005.5,2005.5
"92678",2005,2005,2005
"92679",2005,2005,2005
"92683",2005.5,2005.5,2005.75
"92688",2005,2005,2005
"92691",2008.5,2008.5,2008.5
"92692",2005.5,2008.5,2008.5
"92694",2005.5,2005.5,2005.5
"92701",2005.5,2005.5,2005.5
"92703",2005.5,2005.5,2005.5
"92704",2005.5,2005.5,2005.5
"92705",2007,2010.5,2010.75
"92706",2005.5,2005.5,2005.5
"92707",2005.5,2005.5,2005.5
"92708",2005.5,2005.5,2005.5
"92780",2010.75,2010.75,2010.75
"92782",2010.75,2010.75,2011.25
"92801",2005.25,2005.25,2005.25
"92802",2005.25,2005.25,2005.5
"92804",2005.25,2005.25,2005.25
"92805",2005.25,2005.25,2005.25
"92806",2005.25,2005.5,2005.5
"92807",2008,2008,2008
"92808",2008,2008,2008
"92821",2005.25,2008,2008
"92823",2008,2008,2008
"92831",2005.25,2005.25,2005.25
"92832",2005.25,2005.25,2005.25
"92833",2005.25,2005.25,2005.25
"92835",2005.25,2005.25,2005.25
"92840",2005.5,2005.5,2005.5
"92841",2005.5,2005.5,2005.5
"92843",2005.5,2005.5,2005.5
"92844",2005.5,2005.5,2005.5
"92845",2005.25,2005.25,2005.25
"92860",2005.5,2005.5,2005.5
"92861",2010.75,2010.75,2011.25
"92865",2008,2008,2008
"92866",2005.5,2010.25,2010.75
"92867",2010.5,2010.75,2010.75
"92868",2005.5,2005.5,2005.5
"92869",2010.75,2010.75,2011.25
"92870",2008,2008,2008
"92879",2006,2006.5,2006.5
"92880",2005.25,2005.25,2005.25
"92881",2006,2006.5,2006.5
"92882",2005.25,2006,2006
"92883",2005.5,2005.5,2005.5
"92886",2008,2008,2008
"92887",2007.5,2008,2008
"93001",2006.5,2008,2011.75
"93003",2006.5,2006.5,2006.5
"93004",2005.75,2005.75,2005.75
"93010",2005.75,2005.75,2005.75
"93012",2005.25,2005.25,2005.75
"93013",2010,2011.75,2012.25
"93015",2005.75,2005.75,2007.75
"93021",2005.75,2005.75,2005.75
"93022",2007.25,2009.5,2011.75
"93023",2007.25,2012,2012
"93030",2005.75,2005.75,2006.5
"93033",2005.25,2005.25,2005.25
"93035",2006.5,2006.5,2006.5
"93036",2005.75,2005.75,2005.75
"93040",2008.25,2008.25,2009
"93041",2005.25,2005.25,2006.75
"93043",2007.25,2007.25,2007.25
"93060",2005.75,2005.75,2006
"93063",2006.25,2006.25,2008.25
"93064",2007.25,2008.25,2009.75
"93065",2008.25,2008.5,2010.25
"93066",2005.75,2005.75,2005.75
"93067",2006.75,2010.25,2012.25
"93101",2006.75,2010,2012.25
"93103",2006.75,2010,2012.25
"93105",2005.25,2006.5,2007
"93108",2006.75,2010.25,2012.25
"93109",2005.75,2006.75,2012.25
"93110",2005.25,2005.25,2006.5
"93111",2005.25,2005.25,2005.25
"93117",2006,2006,2006.5
"93201",2006.75,2007,2007.25
"93202",2005.5,2005.5,2005.5
"93203",2006.25,2007,2007
"93204",2005.5,2005.5,2005.5
"93205",2007.25,2010.75,2012.75
"93206",2006.25,2006.25,2006.75
"93207",2010.75,2012.75,2012.75
"93208",2012.75,2012.75,9999
"93210",2007,2008.25,2012.5
"93212",2005.75,2006.75,2006.75
"93215",2006,2006,2006.25
"93218",2007,2007,2007
"93219",2006.75,2007,2007.25
"93220",2007.5,2008,2009.5
"93221",2007.75,2007.75,2010.5
"93222",2005.75,2012.5,2012.5
"93223",2005,2005.75,2005.75
"93224",2007,2009.25,2009.25
"93225",2005.75,2005.75,2005.75
"93226",2010.75,2010.75,2010.75
"93230",2005.5,2005.5,2005.5
"93234",2007,2007,2007
"93235",2005,2005.75,2005.75
"93238",2010.75,2012.75,2012.75
"93239",2006.75,2006.75,2006.75
"93240",2010.75,2010.75,2010.75
"93241",2006.25,2006.25,2006.25
"93242",2005.5,2005.5,2007
"93243",2005.75,2005.75,2005.75
"93244",2007.75,2007.75,2007.75
"93245",2005.5,2005.5,2005.5
"93247",2007.25,2007.25,2008
"93249",2006.75,2006.75,2006.75
"93250",2006.25,2006.25,2007
"93251",2007,2007,2007
"93252",2012,2012.5,2012.5
"93254",2011,2011,2012.5
"93255",2010.75,2010.75,2011.25
"93256",2007.25,2007.25,2008.25
"93257",2010.5,2010.5,2010.5
"93258",2008,2008,2008
"93260",2010.75,2010.75,2010.75
"93261",2006,2006,2006
"93262",9999,9999,9999
"93263",2005.75,2007,2007
"93265",2010.5,2010.5,9999
"93266",2005.5,2005.5,2006.75
"93267",2006.25,2007.25,2007.25
"93268",2009.25,2009.25,2009.25
"93270",2007,2008,2010.5
"93271",2010.5,9999,9999
"93272",2007.25,2008.25,2009
"93274",2005.25,2005.5,2005.75
"93276",2006.25,2006.25,2006.25
"93277",2006,2006,2006
"93280",2006.25,2006.25,2006.75
"93283",2010.75,2012.75,2013.25
"93285",2010.75,2010.75,2010.75
"93286",2006.25,2007.75,2007.75
"93287",2007,2007,2007.5
"93291",2006,2006,2006.25
"93292",2005.75,2005.75,2006.25
"93301",2005,2005,2005
"93304",2005,2005,2006.25
"93305",2005,2005,2005
"93306",2007.5,2007.5,2007.5
"93307",2006.25,2006.25,2007
"93308",2007,2007.5,2007.5
"93309",2005,2005,2005
"93311",2007,2007,2007.5
"93312",2005.25,2006.25,2007.25
"93313",2007,2007,2007
"93314",2006.25,2006.25,2007
"93401",2005,2005,2005.5
"93402",2005.75,2005.75,2005.75
"93405",2005,2005,2005.75
"93410",2005,2005,2005
"93420",2006.5,2006.5,2010.25
"93422",2006.5,2008.5,2010.75
"93424",2005,2005,2005
"93426",2010.75,2010.75,2010.75
"93427",2006,2006,2006
"93428",2005.75,2005.75,9999
"93429",2005.75,2005.75,2005.75
"93430",2005.75,2005.75,2006.5
"93432",2006.5,2010.75,2011.75
"93433",2006.5,2006.5,2006.5
"93434",2005.75,2006.25,2010.25
"93436",2008,2011.5,2012
"93437",2006,2006.25,2009.5
"93440",2008,2008,2008
"93441",2005.25,2006,2008
"93442",2005.75,2005.75,2009.5
"93444",2005.5,2005.5,2008
"93445",2006.5,2008.5,2010.25
"93446",2006.5,2010.75,2011.75
"93449",2006.5,2006.5,2006.5
"93450",2007.25,2010.75,2010.75
"93451",2004.5,2010.75,2011.75
"93452",2012.25,9999,9999
"93453",2011,2011,2011
"93454",2006.25,2006.25,2009.5
"93455",2005.75,2006,2008
"93458",2005.75,2005.75,2006
"93460",2006,2006.75,2008
"93461",2011,2011,2011.75
"93463",2006,2006.75,2008
"93465",2006.5,2006.5,2011.25
"93501",2007.75,2007.75,2010.25
"93505",2010.5,2010.5,2012
"93510",2007,2009,2009.25
"93512",2010.5,2014.75,2014.75
"93513",2010.5,2010.5,2010.5
"93514",2010.5,2010.5,2010.5
"93516",2005.25,2005.25,2005.25
"93517",2007.25,2007.25,2009
"93518",2007.25,2007.25,2010.25
"93519",2007.75,2007.75,2012
"93522",2010.5,2010.5,2010.5
"93523",2007.25,2009.75,2010.5
"93524",2010.5,2010.5,2010.5
"93526",2010.5,2010.5,2010.5
"93527",2012.75,9999,9999
"93528",2016.75,9999,9999
"93529",2009,2009,2009
"93530",2010.5,2010.5,2010.5
"93531",2007.25,2007.25,2010.25
"93532",2006.5,2006.5,2009.75
"93534",2005.25,2005.25,2005.25
"93535",2005.75,2005.75,2005.75
"93536",2006,2009.25,2009.75
"93541",2008.5,2008.5,2008.5
"93543",2006,2006,2007.25
"93544",2007.25,2007.25,2009.25
"93545",2010.5,2010.5,2010.5
"93546",2010.5,2012.25,2012.25
"93549",2010.5,2010.5,2010.5
"93550",2006,2006,2007.75
"93551",2006.5,2009.25,2009.25
"93552",2006,2006,2006
"93553",2009.25,2009.75,2010.75
"93554",2007.25,2008.5,2008.5
"93555",2005.75,2005.75,2005.75
"93558",2016.75,9999,9999
"93560",2005.75,2009.75,2010.25
"93561",2005.75,2010.25,2010.25
"93562",2011.25,9999,9999
"93563",2009.75,2009.75,2012
"93591",2007.25,2007.25,2007.25
"93592",2010.25,9999,9999
"93601",2007,2007.75,2010.5
"93602",2010,2010.75,2010.75
"93603",2007.75,2007.75,2008.75
"93604",2010,2010,9999
"93605",2010,2010,2010
"93606",2005.75,2005.75,2005.75
"93608",2007,2007.25,2007.25
"93609",2005.5,2005.5,2007
"93610",2006.25,2006.25,2007
"93611",2006.5,2006.5,2006.5
"93612",2005.5,2005.5,2005.5
"93614",2007.25,2010,2010.5
"93615",2007.75,2007.75,2007.75
"93616",2009.75,2009.75,2009.75
"93618",2005.5,2005.5,2005.5
"93619",2006.5,2007.25,2007.25
"93620",2006,2008.25,2008.25
"93621",2010.75,2010.75,2010.75
"93622",2005.5,2005.5,2008.25
"93623",2007,2007.75,9999
"93624",2006.5,2006.5,2006.5
"93625",2007.25,2007.25,2007.25
"93626",2007.25,2007.25,2007.25
"93627",2007,2007,2007
"93628",9999,9999,9999
"93630",2005.5,2006.25,2007
"93631",2005.5,2005.5,2005.5
"93633",9999,9999,9999
"93634",9999,9999,9999
"93635",2006,2006,2008.25
"93636",2005.5,2005.5,2005.5
"93637",2005.75,2006,2006
"93638",2005.75,2005.75,2006
"93640",2005.5,2005.5,2006
"93641",2008.75,2010.75,2010.75
"93643",2010,2010,2010
"93644",2003.5,2007.75,9999
"93645",2010,2010,2010
"93646",2005.5,2005.5,2005.5
"93647",2005.5,2005.5,2006.25
"93648",2005.5,2009.75,2009.75
"93650",2005.5,2005.5,2005.5
"93651",2007.25,2007.25,2008.25
"93652",2005.5,2005.5,2005.5
"93653",2007.75,2010.5,2010.5
"93654",2005.5,2005.5,2006.25
"93656",2006.5,2007,2007
"93657",2006.5,2007.5,2009.75
"93660",2007,2007.25,2007.25
"93662",2005.5,2005.5,2005.5
"93664",2010.75,2010.75,2010.75
"93665",2006,2008.25,2008.25
"93666",2005.5,2005.5,2005.5
"93667",2010.75,2010.75,2010.75
"93668",2007.25,2007.25,2007.25
"93669",2010,2010,2010
"93673",2005.5,2006.25,2006.25
"93675",2005.75,2007.75,2010.75
"93701",2005.5,2005.5,2005.5
"93702",2005.5,2005.5,2005.5
"93703",2005.5,2005.5,2005.5
"93704",2005.5,2005.5,2005.5
"93705",2005.5,2005.5,2005.5
"93706",2005.5,2005.75,2005.75
"93710",2005.5,2005.5,2005.5
"93711",2005.5,2005.5,2005.5
"93720",2005.5,2005.5,2005.5
"93721",2005.5,2005.5,2005.5
"93722",2005.75,2005.75,2005.75
"93723",2005.75,2005.75,2005.75
"93725",2007,2007.25,2007.25
"93726",2005.5,2005.5,2005.5
"93727",2005.5,2005.5,2005.5
"93728",2005.5,2005.5,2005.5
"93730",2005.5,2005.5,2005.5
"93901",2005.5,2005.5,2005.5
"93905",2005.5,2005.5,2005.5
"93906",2005.5,2005.5,2005.5
"93907",2007,2007.25,2008.25
"93908",2005.5,2007.25,2008.25
"93920",2012.25,9999,9999
"93921",2007,2007,2007
"93923",2008.5,2009.75,2012.75
"93924",2011.25,2012.75,2012.75
"93925",2005.5,2006.75,2007.25
"93926",2005.5,2007.25,2008.25
"93927",2010.5,2011,2012.75
"93928",2007.25,2007.25,2007.25
"93930",2007.25,2007.25,2007.25
"93932",2010.75,2010.75,2010.75
"93933",2008.25,2008.25,2008.25
"93940",2007,2007,2008.25
"93943",2007,2007,2007
"93950",2007,2007,2007
"93953",2007,2007,2007
"93954",2007.25,2010.75,2010.75
"93955",2008.25,2008.25,2008.25
"93960",2007.25,2011,2011
"93962",2005.5,2005.5,2005.5
"94002",2007.25,2007.25,2007.25
"94005",2005.75,2005.75,2005.75
"94010",2005.75,2005.75,2005.75
"94014",2005.75,2005.75,2005.75
"94015",2005.75,2005.75,2005.75
"94019",2006,2006.5,2007.25
"94020",2009.25,2010.5,2011.25
"94021",2009.5,2010.5,2011.5
"94022",2005.25,2005.25,2005.25
"94024",2005.25,2005.25,2005.25
"94025",2007.25,2007.25,2007.25
"94027",2007.25,2007.25,2007.25
"94028",2005.25,2007.25,2008.5
"94030",2005.75,2005.75,2005.75
"94037",2006.5,2006.5,2006.5
"94038",2006.5,2006.5,2006.5
"94040",2005.25,2005.25,2005.25
"94041",2005.25,2005.25,2005.25
"94043",2005.25,2005.25,2005.25
"94044",2005.75,2005.75,2005.75
"94060",2007.25,2007.25,2009.25
"94061",2007.25,2007.25,2007.25
"94062",2007.25,2007.25,2007.25
"94063",2007.25,2007.25,2007.25
"94065",2007.25,2007.25,2008.5
"94066",2005.75,2005.75,2005.75
"94070",2007.25,2007.25,2007.25
"94074",2008.5,2009.25,2010.5
"94080",2005.75,2005.75,2005.75
"94085",2005.75,2005.75,2005.75
"94086",2005.75,2005.75,2005.75
"94087",2005.25,2005.25,2005.25
"94089",2005.75,2005.75,2005.75
"94102",2010.25,2010.25,2010.25
"94103",2010.25,2010.25,2010.25
"94104",2006.25,2006.25,2006.25
"94105",2006.25,2006.25,2006.25
"94107",2006.25,2006.25,2006.25
"94108",2006.25,2006.25,2006.25
"94109",2010.25,2010.25,2010.25
"94110",2005.75,2005.75,2005.75
"94111",2006.25,2006.25,2006.25
"94112",2005.75,2005.75,2005.75
"94114",2005.75,2005.75,2007
"94115",2010.25,2010.25,2010.25
"94116",2005.75,2005.75,2010.25
"94117",2010.25,2010.25,2010.25
"94118",2010.25,2010.25,2010.25
"94121",2010.25,2010.25,2010.25
"94122",2010.25,2010.25,2010.25
"94123",2010.25,2010.25,2010.25
"94124",2005.75,2005.75,2005.75
"94127",2005.75,2005.75,2005.75
"94128",2005.75,2005.75,2005.75
"94129",2010.25,2010.25,2010.25
"94130",2006.25,2006.25,2006.25
"94131",2005.75,2005.75,2005.75
"94132",2005.75,2005.75,2005.75
"94133",2006.25,2006.25,2006.25
"94134",2005.75,2005.75,2005.75
"94158",2006.25,2006.25,2006.25
"94301",2007.25,2007.25,2007.25
"94303",2007.25,2007.25,2007.25
"94304",2005.25,2005.25,2005.25
"94305",2005.25,2007,2007.25
"94306",2005.25,2005.25,2005.25
"94401",2005.75,2005.75,2005.75
"94402",2005.75,2005.75,2005.75
"94403",2005.75,2005.75,2005.75
"94404",2008.5,2008.5,2008.5
"94501",2006.25,2006.25,2006.25
"94502",2006.25,2006.25,2006.25
"94503",2006.75,2006.75,2006.75
"94505",2005.25,2009.25,2009.75
"94506",2008,2008,2010.5
"94507",2010.25,2010.5,2010.75
"94508",2005.75,2005.75,2010.25
"94509",2010.5,2010.75,2010.75
"94510",2005.5,2005.5,2005.5
"94511",2010.5,2010.75,2010.75
"94512",2005.75,2005.75,2005.75
"94513",2005.25,2005.25,2005.25
"94514",2009.75,2009.75,2009.75
"94515",2006.75,2010.5,2010.5
"94516",2005.25,2005.25,2005.25
"94517",2008,2008,2008
"94518",2005,2005,2005
"94519",2005,2005,2005
"94520",2005,2005,2005
"94521",2005,2005,2005
"94523",2005,2005,2005
"94525",2007.5,2007.5,2007.5
"94526",2010.25,2010.5,2010.75
"94528",2010.25,2010.5,2010.75
"94530",2006.25,2006.25,2006.25
"94531",2008.25,2010.5,2010.75
"94533",2005.25,2005.25,2005.25
"94534",2006.25,2007.5,2008.75
"94535",2005.25,2008,2009
"94536",2009.5,2009.5,2009.5
"94538",2009.5,2009.5,2009.5
"94539",2009.5,2009.5,2010.5
"94541",2005,2005,2005
"94542",2005,2005,2005
"94544",2005,2005,2005
"94545",2005,2005,2005
"94546",2005,2005,2005
"94547",2007.5,2007.5,2007.5
"94548",2005.25,2005.25,2005.25
"94549",2005.25,2010.25,2010.25
"94550",2008,2008,2008
"94551",2006,2006,2006
"94552",2005.25,2005.25,2006
"94553",2005.5,2005.5,2007.5
"94555",2009.5,2009.5,2009.5
"94556",2005.25,2005.25,2005.25
"94558",2006.75,2007.5,2008
"94559",2006,2006.75,2006.75
"94560",2009.5,2009.5,2009.5
"94561",2010.75,2010.75,2010.75
"94563",2010.25,2010.25,2010.25
"94564",2007.5,2007.5,2007.5
"94565",2008.75,2010,2010.75
"94566",2006,2008,2010.5
"94567",2009.75,2010.5,2010.5
"94568",2006,2006,2006
"94569",2007.5,2007.5,2007.5
"94571",2005.75,2008,2009
"94572",2007.5,2007.5,2007.5
"94573",2008,2008,2010
"94574",2005.75,2010.25,2010.5
"94575",2005.25,2005.25,2005.25
"94576",2005.75,2005.75,2005.75
"94577",2005.25,2005.25,2005.25
"94578",2005,2005,2005
"94579",2005,2005,2005
"94580",2005,2005,2005
"94582",2006,2006,2006
"94583",2006,2006,2006.25
"94585",2005.75,2005.75,2007.5
"94586",2010.5,2010.75,2010.75
"94587",2005,2009,2009.5
"94588",2006,2006,2006
"94589",2006.75,2006.75,2008.75
"94590",2006.75,2006.75,2006.75
"94591",2007.5,2007.5,2008.75
"94592",2006.75,2006.75,2007.5
"94595",2005,2005,2007
"94596",2005,2005,2005
"94597",2005,2005,2005
"94598",2005,2005,2005
"94599",2007.75,2008.75,2010.25
"94601",2005.25,2005.25,2005.25
"94602",2005.25,2005.25,2005.25
"94603",2005.25,2005.25,2005.25
"94605",2005.25,2005.25,2005.25
"94606",2006.25,2006.25,2006.25
"94607",2006.25,2006.25,2006.25
"94608",2006.25,2006.25,2006.25
"94609",2006.25,2006.25,2006.25
"94610",2005.25,2005.25,2006.25
"94611",2005.25,2006,2010.25
"94612",2006.25,2006.25,2006.25
"94613",2005.25,2005.25,2005.25
"94618",2010.25,2010.25,2010.25
"94619",2005.25,2005.25,2005.25
"94621",2005.25,2005.25,2006.25
"94702",2006.25,2006.25,2006.25
"94703",2006.25,2006.25,2006.25
"94704",2010.25,2010.25,2010.25
"94705",2010.25,2010.25,2010.25
"94706",2006.25,2006.25,2006.25
"94707",2010.25,2010.25,2010.25
"94708",2010.25,2010.25,2010.25
"94709",2010.25,2010.25,2010.25
"94710",2006.25,2006.25,2006.25
"94720",2010.25,2010.25,2010.25
"94801",2007.5,2008.25,2010.25
"94803",2007.5,2007.5,2007.5
"94804",2006.25,2006.25,2006.25
"94805",2007.5,2007.5,2010.25
"94806",2007.5,2007.5,2009.5
"94850",2006.25,2006.25,2006.25
"94901",2007,2007.5,2010.25
"94903",2007,2007.25,2008
"94904",2007,2007,2007.25
"94920",2006.25,2007,2010.25
"94922",2005.25,2005.25,2005.25
"94923",2005.25,2005.25,2005.25
"94924",2013.75,2013.75,9999
"94925",2007,2007,2007.25
"94928",2005.75,2005.75,2005.75
"94929",2005.25,2005.25,2005.25
"94930",2007,2007,2009
"94931",2005.75,2005.75,2005.75
"94933",2007.25,2008,2010
"94937",2010,2013.75,9999
"94938",2007.25,2009,2011.5
"94939",2007,2007,2007.25
"94940",2007,2008,2010
"94941",2007,2007,2010.25
"94945",2007,2007,2007
"94946",2007,2007.25,2009
"94947",2005,2005,2007
"94949",2007,2007,2007
"94950",2007.25,2009,2011.5
"94951",2005.75,2006.5,2006.5
"94952",2005.25,2005.25,2005.75
"94954",2007,2007,2007
"94956",2009,2012.25,2013.75
"94957",2007,2007,2007.25
"94960",2007,2007.25,2009
"94963",2007.25,2008,2010
"94964",2007,2007,2009
"94965",2010.25,2010.25,2010.25
"94970",2007.25,2010.75,9999
"94971",2005.25,2005.25,2005.25
"94972",2005.25,2005.25,2005.25
"94973",2007.25,2008,2010
"95002",2005.75,2005.75,2005.75
"95003",2005.75,2005.75,2005.75
"95004",2009,2010.5,2010.5
"95005",2005,2006.75,2010.5
"95006",2009.25,2009.5,2010.75
"95007",2005,2005,2005
"95008",2005,2005,2005
"95010",2005.75,2005.75,2005.75
"95012",2007.5,2008.25,2008.5
"95013",2010.75,2010.75,2010.75
"95014",2005.25,2005.25,2005.25
"95017",2005,2005.75,2010.25
"95018",2006.25,2008.5,2010.5
"95019",2010.5,2010.5,2010.5
"95020",2010.5,2010.5,2010.5
"95023",2006.75,2006.75,2009
"95030",2006.25,2008.25,2010.25
"95032",2005,2005,2006.5
"95033",2009.25,2010.5,2010.75
"95035",2006,2006,2006
"95037",2010.5,2010.75,2010.75
"95039",2008.5,2010.5,2010.5
"95041",2008.5,2010.5,2010.75
"95043",2012.25,9999,9999
"95045",2008.25,2008.25,2009
"95046",2010.5,2010.5,2010.5
"95050",2005.75,2005.75,2005.75
"95051",2005.75,2005.75,2005.75
"95053",2005.75,2005.75,2005.75
"95054",2005.75,2005.75,2005.75
"95060",2005,2005.75,2009.25
"95062",2005.75,2005.75,2005.75
"95064",2010.5,2010.5,2010.5
"95065",2005.75,2005.75,2005.75
"95066",2007.25,2010.5,2010.75
"95070",2007.25,2009.25,2010.5
"95073",2005.75,2005.75,2005.75
"95075",2008.25,2012.25,2012.25
"95076",2010.5,2010.5,2010.5
"95110",2005,2005,2005.75
"95111",2005,2005,2005
"95112",2005,2005,2005
"95113",2005,2005,2005
"95116",2005,2005,2005.5
"95117",2005,2005,2005
"95118",2005,2005,2005
"95119",2010.75,2010.75,2010.75
"95120",2010.5,2010.75,2011.25
"95121",2005.5,2005.5,2005.5
"95122",2005,2005.5,2005.5
"95123",2005,2005,2005
"95124",2005,2005,2005
"95125",2005,2005,2005
"95126",2005,2005,2005
"95127",2005.5,2005.5,2005.5
"95128",2005,2005,2005
"95129",2005,2005,2005
"95130",2005,2005,2005
"95131",2005.75,2005.75,2005.75
"95132",2006,2006,2006
"95133",2005.75,2005.75,2005.75
"95134",2005.75,2005.75,2005.75
"95135",2005.5,2005.5,2005.5
"95136",2005,2005,2005
"95138",2010,2010.75,2010.75
"95139",2010.75,2010.75,2010.75
"95140",2006.25,2010,2010.75
"95148",2005.5,2005.5,2005.5
"95202",2005.5,2005.5,2006.5
"95203",2005.5,2005.5,2005.5
"95204",2005.5,2005.5,2005.5
"95205",2005.5,2006,2006.5
"95206",2006.5,2006.5,2006.5
"95207",2005.5,2005.5,2005.5
"95209",2005.5,2005.5,2005.5
"95210",2005.5,2005.5,2005.5
"95211",2005.5,2005.5,2005.5
"95212",2006,2006,2006
"95215",2006,2006.5,2007.75
"95219",2005.5,2005.5,2005.75
"95220",2005.5,2005.5,2005.5
"95222",2007,2007.5,2010.75
"95223",2011,9999,9999
"95224",2011,2011,9999
"95225",2010.75,2010.75,2010.75
"95226",2007.25,2007.25,2007.25
"95227",2008.75,2008.75,2008.75
"95228",2007.5,2007.5,2007.5
"95230",2007.5,2007.5,2007.75
"95231",2006.5,2006.5,2006.5
"95232",2007,2010.75,2010.75
"95233",2008.25,2011,2011
"95234",2009,2009.25,2009.25
"95236",2008.25,2008.75,2009
"95237",2005.5,2005.5,2006
"95240",2006,2006,2007.75
"95242",2005.25,2005.25,2005.25
"95245",2005.5,2007,2007.25
"95246",2004,2004,2011
"95247",2008.25,2008.25,2010.75
"95248",2005.5,2011,2011
"95249",2007,2007,2007
"95250",2005.5,2011,2011
"95251",2006.5,2007,2008.25
"95252",2007.5,2010.75,2010.75
"95254",2007.25,2010.75,2010.75
"95255",2005.5,2007,9999
"95257",2005.5,2005.5,9999
"95258",2005.5,2005.5,2005.5
"95301",2006,2006.5,2007.5
"95303",2006.25,2006.25,2006.25
"95304",2008,2009.25,2009.25
"95305",2008.25,2008.25,2010.75
"95306",2006.75,2007.5,2007.75
"95307",2006.5,2006.5,2006.5
"95310",2006,2006.5,2008.25
"95311",2010.75,2010.75,2015
"95312",2006,2006,2006.5
"95313",2006.5,2006.75,2007.5
"95314",2012.5,2012.5,9999
"95315",2007,2007.5,2009
"95316",2005.25,2005.5,2006.25
"95317",2006.5,2007.5,2007.75
"95318",2006.75,2006.75,2017.75
"95319",2005.25,2005.25,2005.25
"95320",2007.5,2007.75,2008.75
"95321",2008.25,2015,9999
"95322",2006,2006,2008.25
"95323",2005.5,2005.5,2005.5
"95324",2006,2006,2006
"95325",2006.75,2007,2007.75
"95326",2005.25,2005.25,2005.25
"95327",2006,2006.5,2006.5
"95328",2006.5,2006.5,2006.5
"95329",2005.5,2006.5,2008.25
"95330",2006.25,2006.25,2006.5
"95333",2006.25,2006.25,2006.5
"95334",2006,2006,2007.5
"95335",2008.25,2008.25,2008.25
"95336",2006.25,2006.25,2006.5
"95337",2006.25,2006.25,2006.25
"95338",2007,2010.75,2010.75
"95340",2006.5,2006.5,2006.5
"95341",2007.5,2007.5,2007.5
"95345",2006.75,2006.75,2006.75
"95346",2006.5,2008.25,2008.25
"95348",2006.25,2007.5,2007.5
"95350",2005,2005,2005
"95351",2005,2005,2006.5
"95354",2005,2005,2005
"95355",2005,2005,2005
"95356",2005,2005,2005
"95357",2005.25,2006,2006
"95358",2006.5,2006.5,2007.5
"95360",2008.25,2012.5,2012.5
"95361",2006,2006,2007.5
"95363",2007.5,2007.5,2009.5
"95364",9999,9999,9999
"95365",2006.5,2006.5,2006.5
"95366",2006.75,2007.5,2007.75
"95367",2006,2006,2006
"95368",2005,2005,2005
"95369",2006.25,2006.25,2006.25
"95370",2006,2006,2006.5
"95372",2006,2006,2006.5
"95374",2007.75,2007.75,2008.25
"95375",9999,9999,9999
"95376",2009.25,2009.25,2009.25
"95377",2008,2008,2008.75
"95379",2008.25,2008.25,2008.25
"95380",2006,2006,2006
"95382",2005.25,2005.25,2006.5
"95383",2006.5,2006.5,2008.25
"95385",2007.5,2008,2009
"95386",2005.5,2005.5,2005.5
"95387",2007.25,2008,2009.25
"95388",2006,2006.25,2007.5
"95389",2017.75,9999,9999
"95391",2009.75,2009.75,2009.75
"95401",2005,2005,2005
"95403",2006.75,2006.75,2007.75
"95404",2006.5,2007,2007.75
"95405",2007.75,2007.75,2007.75
"95407",2005,2005,2005
"95409",2007.75,2007.75,2007.75
"95410",2011.25,2015.5,2015.5
"95412",2011.5,2011.5,9999
"95415",2011.25,2011.25,2011.25
"95417",9999,9999,9999
"95420",2009,2011,2011
"95421",2011.5,2012.75,9999
"95422",2007.75,2008,2008
"95423",2008,2008,2008
"95425",2006.75,2011.25,2011.5
"95426",2006.75,2007.75,2008
"95427",2011,2011.25,2015
"95428",9999,9999,9999
"95429",9999,9999,9999
"95430",2006.75,2007,2010
"95431",2006.5,2006.5,2006.5
"95432",2011.25,2015,9999
"95435",2006.5,2006.75,2007.75
"95436",2006.75,2006.75,2006.75
"95437",2009,2011,2011
"95439",2005,2005,2005
"95441",2006.75,2006.75,2007
"95442",2006.5,2006.5,2007.5
"95443",2007.75,2007.75,2007.75
"95444",2005,2005,2005
"95445",2014.5,2014.5,2017.5
"95446",2006.75,2007,2010
"95448",2006.75,2006.75,2006.75
"95449",2006.5,2006.75,2010.75
"95450",9999,9999,9999
"95451",2006.75,2007.75,2007.75
"95452",2006.5,2006.5,2006.5
"95453",2006.5,2007.75,2008.25
"95454",2011.75,9999,9999
"95456",2011,2015.5,2015.5
"95457",2006.75,2007.75,2008
"95458",2006.25,2006.25,2006.25
"95459",2011.25,2011.25,9999
"95460",2011,2011,2011
"95461",2005.75,2009.75,2009.75
"95462",2006.75,2007,2010
"95463",2011.25,2015.5,9999
"95464",2006.25,2006.25,2006.25
"95465",2005.25,2005.25,2005.25
"95466",2011.25,2015,2015
"95467",2005,2005,2006.75
"95468",2014.5,2014.5,2014.5
"95469",2007.75,2007.75,2007.75
"95470",2006,2006,2006
"95471",2006.75,2007,2010
"95472",2005,2005,2005.25
"95476",2006.5,2006.75,2007
"95482",2006.5,2006.5,2008.75
"95485",2006.25,2006.25,2006.25
"95486",2006.75,2007,2010
"95488",2011.75,9999,9999
"95490",2007.75,2009,2010.75
"95492",2006.75,2006.75,2006.75
"95493",2005,2006.25,2006.25
"95494",2011.25,2011.25,2015
"95497",9999,9999,9999
"95501",2007,2007,2007.5
"95503",2007.75,2008.75,2010
"95511",2006.5,2006.5,2006.5
"95514",2006.5,2006.5,2006.5
"95519",2009.75,2010.25,2010.25
"95521",2007.5,2007.5,2007.5
"95524",2007.5,2007.5,2007.5
"95525",2010.25,2010.25,2012
"95526",2007.5,2007.5,9999
"95527",9999,9999,9999
"95528",2008.75,2010,2010
"95531",2007.25,2010.75,9999
"95536",2008.75,2010,2015.5
"95537",2007.75,2008.75,2009.75
"95540",2007.75,2007.75,2007.75
"95542",2007.5,2010.75,2010.75
"95543",2011.75,9999,9999
"95545",2007.5,2007.5,2008.5
"95546",2012,2012,9999
"95547",2007.75,2007.75,2007.75
"95548",2006.75,2009.75,2010.75
"95549",2008,2009.75,2011.5
"95550",2007.75,2010.25,2012
"95551",2007.75,2008.75,2009.75
"95552",9999,9999,9999
"95553",2006.5,2006.5,2006.5
"95554",2006.5,2006.5,2006.5
"95555",2006.75,2006.75,2006.75
"95556",9999,9999,9999
"95558",2008.75,2009.5,9999
"95559",2006.5,2006.5,2006.5
"95560",2006.5,2006.5,2010.75
"95562",2007.75,2007.75,2008
"95563",2012,9999,9999
"95564",2007,2007,2007
"95565",2007.75,2008.75,2010
"95567",2007.75,2009.75,2011.25
"95568",9999,9999,9999
"95569",2007.5,2008.75,2008.75
"95570",2007.5,2007.5,2007.75
"95571",2007.5,2007.5,2007.5
"95573",2012,2012,2012
"95585",2011.75,2012.5,9999
"95587",2010.75,2010.75,2012.5
"95589",2008.5,2010.75,9999
"95595",2006.5,2006.5,9999
"95601",2007.25,2008,2009.5
"95602",2006,2006,2006
"95603",2006,2006,2006
"95604",2009.5,2009.5,2009.5
"95605",2006,2006,2006
"95606",2008,2008,2010
"95607",2010,2010,2010
"95608",2006.5,2006.5,2006.5
"95610",2005.5,2005.5,2005.5
"95612",2006.75,2006.75,2006.75
"95614",2006,2006.75,2006.75
"95615",2006.75,2006.75,2006.75
"95616",2010,2010,2010
"95618",2006.25,2006.25,2006.25
"95619",2006.75,2007.25,2007.5
"95620",2006.25,2006.25,2006.75
"95621",2005.5,2005.5,2005.5
"95623",2007.25,2007.25,2007.25
"95624",2006,2006,2006
"95625",2005.75,2005.75,2005.75
"95626",2006.5,2006.5,2006.5
"95627",2008,2008,2008
"95628",2006.5,2006.5,2006.5
"95629",2007.25,2007.5,2008.25
"95630",2007.5,2007.5,2007.5
"95631",2006,2006,2006
"95632",2005.25,2005.25,2005.5
"95633",2006,2006,2006
"95634",2006,2006,2006.75
"95635",2006,2006,2006
"95636",2006.75,2006.75,2007.5
"95637",2010,2010,2010
"95638",2010.75,2010.75,2010.75
"95639",2006.75,2006.75,2006.75
"95640",2006.5,2007.25,2007.25
"95641",2005.75,2005.75,2006
"95642",2005.5,2005.5,2005.5
"95645",2008,2010.5,2010.5
"95646",2006.25,9999,9999
"95648",2006.5,2006.5,2006.75
"95650",2006,2006,2006
"95651",2006,2006,2006.75
"95652",2006.5,2006.5,2006.5
"95653",2008,2008,2008
"95655",2006.5,2006.5,2006.5
"95658",2006.75,2007,2010.5
"95659",2007.75,2008.25,2010.5
"95660",2005.5,2005.5,2005.5
"95661",2005.5,2006,2006
"95662",2006,2006,2006.5
"95663",2009.5,2010.75,2012.75
"95664",2006.75,2006.75,2006.75
"95665",2007,2008.25,2010.75
"95666",2007,2007.5,9999
"95667",2006.75,2006.75,2007.25
"95668",2006.5,2007.25,2008.25
"95669",2006.5,2007.25,2007.25
"95670",2006.5,2006.5,2006.5
"95672",2005.5,2005.5,2005.5
"95673",2006.5,2006.5,2006.5
"95674",2007.5,2007.75,2010.75
"95675",2007.25,2008,2008.25
"95677",2006,2006,2006
"95678",2005.5,2005.5,2005.5
"95679",2010,2010,2010
"95680",2009.25,2010.5,2010.75
"95681",2006,2006,2006
"95682",2005.5,2006,2006
"95683",2006,2006,2006.25
"95684",2007.25,2007.5,2007.5
"95685",2007.25,2007.25,2008.25
"95686",2005.75,2005.75,2006.25
"95687",2005.75,2005.75,2005.75
"95688",2005.75,2005.75,2005.75
"95689",2007.25,2007.5,2007.5
"95690",2008.75,2009.25,2010.75
"95691",2006.25,2006.25,2006.25
"95692",2006,2006.75,2010.25
"95693",2006.25,2006.25,2006.5
"95694",2008,2008,2009.75
"95695",2008,2008,2008
"95697",2008,2008,2008
"95698",2010,2010,2010.5
"95699",2007.25,2008,2009.5
"95701",2005.5,2005.5,2005.5
"95703",2006.5,2007,2012.5
"95709",2005.75,2005.75,2005.75
"95713",2006,2006.75,2007
"95714",2005.5,2005.5,2005.5
"95715",2006,2007.5,2007.5
"95717",2005.5,2005.5,2005.5
"95720",2006.75,2006.75,9999
"95721",2006.25,2006.25,2011.75
"95722",2006,2006,2006
"95724",2009.5,2010.5,2010.5
"95726",2005.75,2006.75,2007.5
"95728",2010.5,2010.5,2010.5
"95735",2006.25,2006.25,2011.75
"95736",2006.75,2008,2012.5
"95742",2006.5,2006.5,2006.5
"95746",2006,2006,2006
"95747",2005.5,2005.5,2006.5
"95757",2006,2006,2006.75
"95758",2006,2006,2006
"95762",2007.5,2007.5,2007.5
"95765",2006.5,2006.5,2006.5
"95776",2006,2006.25,2007.25
"95811",2005.25,2005.25,2005.25
"95814",2005.25,2005.25,2005.25
"95815",2005.25,2005.25,2005.25
"95816",2005.25,2005.25,2005.25
"95817",2005.25,2005.25,2005.25
"95818",2005.25,2005.25,2005.25
"95819",2005.25,2005.25,2005.25
"95820",2005.25,2005.25,2005.25
"95821",2005.25,2005.25,2006.5
"95822",2005.25,2005.25,2005.25
"95823",2006,2006,2006
"95824",2005.25,2005.25,2005.25
"95825",2005.25,2005.25,2005.25
"95826",2005.25,2005.25,2005.25
"95827",2006.5,2006.5,2006.5
"95828",2005.25,2006,2006
"95829",2006,2006,2006
"95830",2006.25,2006.25,2006.25
"95831",2006.25,2006.25,2006.25
"95832",2006.75,2006.75,2006.75
"95833",2006.5,2006.5,2006.5
"95834",2006.5,2006.5,2006.5
"95835",2006.5,2006.5,2006.5
"95837",2006,2006,2006.5
"95838",2006.5,2006.5,2006.5
"95841",2005.5,2005.5,2005.5
"95842",2005.5,2005.5,2005.5
"95843",2005.5,2005.5,2005.5
"95864",2005.25,2005.25,2005.25
"95901",2010.75,2010.75,2010.75
"95903",2010.75,2010.75,2010.75
"95910",2007.5,2011.25,9999
"95912",2008.75,2010,2010
"95914",2010.75,2010.75,2010.75
"95915",2010,2010.75,9999
"95916",2010.75,2010.75,2010.75
"95917",2008.75,2009.25,2009.25
"95918",2010.75,2010.75,2010.75
"95919",2010.75,2010.75,2010.75
"95920",2008.75,2008.75,2009.25
"95922",2010.75,2010.75,2013.5
"95923",2006.75,2006.75,2006.75
"95925",2010.75,2010.75,2010.75
"95926",2006,2006,2006
"95928",2006,2007,2009.25
"95930",2010.75,2010.75,2010.75
"95932",2008.75,2008.75,2010.75
"95934",2007.5,2009.5,2010
"95935",2010.75,2010.75,2010.75
"95936",9999,9999,9999
"95937",2010,2010,2010
"95938",2009.25,2010,2010.75
"95939",2010.5,9999,9999
"95941",2010.75,2010.75,2010.75
"95942",2008.5,2009,9999
"95943",2009.25,2010,2010
"95944",2013.5,2013.5,9999
"95945",2005.5,2005.5,2006
"95946",2010.75,2010.75,2010.75
"95947",2007.5,2010,2010
"95948",2008.75,2010.25,2010.75
"95949",2006,2007.5,2010.75
"95950",2008.75,2008.75,2010.25
"95951",2009.25,2009.25,2010
"95953",2008.75,2010.25,2010.75
"95954",2009.25,2010.75,2011.25
"95955",2008.75,9999,9999
"95956",2010.75,2012.5,2016
"95957",2006.75,2010.25,2010.25
"95959",2005.5,2006,2007.5
"95960",2006,2010.75,2010.75
"95961",2007.75,2010.25,2010.25
"95962",2010.75,2010.75,2010.75
"95963",2009.25,2010.5,2010.5
"95965",2009.25,2010,2010.75
"95966",2009.25,2010.75,2010.75
"95968",2010.75,2010.75,2010.75
"95969",2009.25,2010,2010.75
"95970",2008.75,2008.75,2008.75
"95971",2009.5,2009.5,2010
"95973",2007,2009.25,2009.25
"95974",2007.5,2008.75,2009.25
"95975",2010.75,2010.75,2010.75
"95977",2010.75,2010.75,2010.75
"95978",2010.75,2010.75,2011.25
"95979",2008.25,9999,9999
"95981",2013.5,2013.5,2013.5
"95982",2008.75,2008.75,2008.75
"95983",2010,2010,2010
"95984",2009.5,2010,2010
"95986",2005.75,2006,2007.5
"95987",2008,2008.75,2010
"95988",2010.5,2010.5,9999
"95991",2006.75,2006.75,2008.75
"95993",2006.75,2006.75,2008.75
"96001",2006.5,2006.5,2006.5
"96002",2006.5,2006.5,2006.5
"96003",2006.5,2008.5,2009
"96006",2009,2009,2009
"96007",2005.75,2006.5,2008
"96008",2006.5,2008.5,2009
"96009",2009,2009,2009
"96010",9999,9999,9999
"96011",2010.75,2010.75,9999
"96013",2009,2009,2009
"96014",2007.75,9999,9999
"96015",2009,2009,2009
"96016",2006.25,2006.25,2006.25
"96017",2006.75,2011,2012.75
"96019",2006.5,2008.5,2009
"96020",2007.5,2007.5,2009
"96021",2009.5,2009.5,2009.5
"96022",2009,2009,2009
"96023",2005.75,2006.75,2006.75
"96024",2011,2011.5,9999
"96025",2006.75,2007.75,2007.75
"96027",9999,9999,9999
"96028",2006.25,2006.25,2006.25
"96029",2009.5,2009.5,2010.5
"96031",9999,9999,9999
"96032",2011.25,2011.25,2011.25
"96033",2008.5,2009.75,2009.75
"96034",2007.25,2007.75,2007.75
"96035",2009.5,2009.5,2009.5
"96037",2011.25,2011.25,2011.25
"96038",2006.5,2006.5,2006.5
"96039",9999,9999,9999
"96040",2006.25,2006.25,2006.25
"96041",2010.5,2010.5,2017
"96044",2007.75,2007.75,2008
"96046",2017,9999,9999
"96047",2009,2009,2009
"96048",2011,9999,9999
"96049",2011.75,2011.75,2011.75
"96050",9999,9999,9999
"96051",2007.75,2009.75,2012.5
"96052",2008.5,2011,2011
"96054",2009,2009,2009
"96055",2009.5,2009.5,2009.5
"96056",2006.25,2006.25,2012.5
"96057",2007.75,2011.25,2012.75
"96058",2006.75,2006.75,9999
"96059",2009,2009,2009
"96061",2009,2009,2009
"96062",2006.5,2008,2009
"96063",2009,2009,2009
"96064",2006.5,2006.5,2006.75
"96065",2009,2009,2009
"96067",2006.75,2007.75,2007.75
"96068",2006.25,2006.25,2009
"96069",2009,2009.75,2010.75
"96071",2006.25,9999,9999
"96073",2006.5,2006.5,2006.5
"96074",2010.5,2010.5,2010.5
"96075",2009,2009,2009
"96076",9999,9999,9999
"96080",2009.75,2009.75,2009.75
"96084",2009,2010.75,2010.75
"96085",9999,9999,9999
"96086",9999,9999,9999
"96087",2008.5,2008.5,2009.75
"96088",2009,2009,2010.75
"96090",2009.5,2009.5,2009.5
"96091",2011,9999,9999
"96092",2008.5,2009.25,2009.5
"96093",2011,2011,2011
"96094",2006.75,2006.75,2007.25
"96096",2010.75,2010.75,9999
"96097",2006.5,2007.75,2010.75
"96101",2009,2009,2009
"96103",2009.5,2012.25,2012.5
"96104",2009,2009,2009
"96105",2009.5,2009.5,2009.75
"96106",2004.5,2012.5,2012.5
"96107",2007.25,2012.5,2012.5
"96108",2009,2013,9999
"96109",2007,2007,2008.25
"96110",2009,9999,9999
"96111",2009.5,2009.75,2010.75
"96112",2009.75,2009.75,9999
"96113",2007,2007,2007
"96114",2008.75,2008.75,2008.75
"96115",2009,2009,2009
"96116",2008.5,9999,9999
"96117",2005,2008.5,2008.75
"96118",2009.5,2009.5,2009.75
"96119",2008.5,2008.5,2008.5
"96120",2010,2010,2015.75
"96121",2007,2007,2007
"96122",2004.5,2012.5,2012.5
"96123",2008.5,2008.5,2008.5
"96124",2011.25,2012.5,2012.5
"96125",9999,9999,9999
"96126",2011.25,2014.5,9999
"96128",2008.25,2008.75,2008.75
"96129",2007,2008.25,2012.5
"96130",2005,2006,2008.5
"96132",2008.5,2008.5,2008.5
"96133",2007,2007,2009.75
"96134",2005.75,2005.75,2007.75
"96135",2009.75,2010.75,2010.75
"96136",2008.25,2008.25,2008.25
"96137",2006,2006,2006
"96140",2009.5,2009.5,2009.5
"96141",2010.5,2010.5,2012.5
"96142",2009.5,2010.5,2011.75
"96143",2009.5,2009.5,2009.5
"96145",2009.5,2009.5,2010.5
"96146",2010.5,2010.5,2010.5
"96148",2009.5,2009.5,2009.5
"96150",2006.25,2006.25,2006.25
"96155",2006.25,2006.25,2011.75
"96161",2009.5,2009.5,2010.5
"97001",2010.25,2011.75,2013.75
"97002",2006,2006,2006
"97004",2007,2007,2007.5
"97005",2005,2005,2005
"97006",2005,2005,2006.5
"97007",2008.25,2008.25,2008.25
"97008",2005,2005,2005
"97009",2005.25,2005.25,2007.25
"97011",2009.5,2010.25,2012.5
"97013",2006.25,2007.5,2007.5
"97014",2007.5,2007.5,2007.5
"97015",2005,2005,2005
"97016",2008,2008.25,2008.75
"97017",2007.5,2008.75,2009.75
"97018",2006.25,2006.25,2006.25
"97019",2005.25,2006.5,2006.5
"97020",2006,2006,2006
"97021",2012.25,2012.25,2012.25
"97022",2000,2007.25,2007.25
"97023",2007.25,2009.5,2012.5
"97024",2005,2005,2005
"97026",2005.5,2005.5,2005.5
"97027",2005,2005,2005
"97028",2010,2010,2010
"97029",2012.25,2012.25,2012.25
"97030",2005.25,2005.25,2005.25
"97031",2008.75,2008.75,2008.75
"97032",2006,2006,2006
"97033",2012.25,2013.75,2013.75
"97034",2005,2005,2005
"97035",2005,2005,2005
"97037",2010.25,2011.75,2012.25
"97038",2006.25,2007.5,2008.75
"97039",2008.5,2008.5,2008.5
"97040",2008.5,2008.75,2012.25
"97041",2010,2010,2010
"97042",2007.5,2007.5,2007.5
"97045",2007,2007,2007
"97048",2005.5,2006.25,2007.75
"97049",2010,2010,2010.25
"97050",2005,2005,2005
"97051",2006.25,2008,2008.25
"97053",2005,2005,2008.25
"97054",2006.25,2006.25,2008.25
"97055",2000.25,2007.25,2009.5
"97056",2005,2005,2005
"97057",2010.25,2011.75,2011.75
"97058",2006.5,2008.25,2008.5
"97060",2005.25,2005.25,2005.25
"97062",2005,2005,2005
"97063",2012.25,2012.25,2012.25
"97064",2008.25,2008.25,2008.25
"97065",2007,2007,2008.5
"97067",2008.75,2010,2010.25
"97068",2005,2005,2005
"97070",2007,2007,2007
"97071",2005.5,2006,2006
"97080",2005.25,2005.25,2005.25
"97086",2005,2005,2005
"97089",2005,2005,2005
"97101",2005.5,2005.5,2005.5
"97102",2005.25,2014.5,9999
"97103",2006.25,2006.25,2009
"97106",2006.5,2008.25,2009.75
"97107",2005.25,2005.25,2005.25
"97108",2010.25,2010.25,2011.5
"97109",2008.25,2008.25,2009
"97110",2007.75,2007.75,2011.25
"97111",2009.5,2009.5,2009.5
"97112",2010.25,2010.25,2010.25
"97113",2005.5,2006.5,2008.25
"97114",2005.5,2005.5,2005.5
"97115",2005.25,2005.25,2005.25
"97116",2005.25,2005.25,2005.5
"97117",2006.5,2007.75,2010
"97118",2005.25,2005.25,2011.5
"97119",2005.25,2008.25,2011
"97121",2006.25,2009,2009
"97122",2010.25,2010.25,2010.25
"97123",2008.25,2008.25,2008.25
"97124",2005.5,2005.5,2005.5
"97125",2006.5,2008.25,2010
"97127",2005.25,2005.25,2009.5
"97128",2009.5,2009.5,2009.5
"97130",2005.25,2005.25,2005.25
"97131",2005.25,2007.75,2011.25
"97132",2005.25,2005.25,2007
"97133",2005.5,2007.75,2008.25
"97134",2005.25,2005.25,2005.25
"97135",2010.25,2010.25,2010.25
"97136",2005.25,2005.25,2005.25
"97137",2005.5,2005.5,2005.5
"97138",2007.75,2007.75,2007.75
"97140",2007,2007,2007
"97141",2005.25,2005.25,2011.5
"97144",2007.75,2007.75,2007.75
"97145",2001,9999,9999
"97146",2006.25,2006.25,2009
"97147",2005.25,2005.25,2005.25
"97148",2009.75,2011,2011
"97149",2008,2008,2008
"97201",2005,2005,2005
"97202",2005,2005,2005
"97203",2007.75,2007.75,2007.75
"97204",2005,2005,2005
"97205",2005,2005,2005
"97206",2005,2005,2005.25
"97208",2005,2005,2005
"97209",2005,2005,2005
"97210",2005,2005,2005
"97211",2005.25,2005.25,2005.25
"97212",2005.25,2005.25,2005.25
"97213",2005.25,2005.25,2005.25
"97214",2005.25,2005.25,2005.25
"97215",2005.25,2005.25,2005.25
"97216",2005.25,2005.25,2005.25
"97217",2005.25,2005.25,2005.25
"97218",2005.25,2005.25,2005.25
"97219",2005,2005,2005
"97220",2005.25,2005.25,2005.25
"97221",2005,2005,2005
"97222",2005,2005,2005
"97223",2005,2005,2005
"97224",2005,2005,2007
"97225",2005,2005,2005
"97227",2005,2005,2005.25
"97229",2005,2005,2005
"97230",2005.25,2005.25,2005.25
"97231",2007.75,2007.75,2007.75
"97232",2005.25,2005.25,2005.25
"97233",2005,2005,2005
"97236",2005,2005,2005
"97239",2005,2005,2005
"97266",2005,2005,2005
"97267",2005,2005,2005
"97301",2005,2005,2005
"97302",2005.25,2005.25,2005.25
"97303",2005,2005,2005
"97304",2005,2005.5,2005.5
"97305",2006.25,2007,2007.5
"97306",2006.25,2007.75,2007.75
"97317",2005.25,2005.25,2005.25
"97321",2005.25,2005.25,2006.5
"97322",2005.25,2005.25,2007.75
"97324",2007.75,2008.25,9999
"97325",2005.25,2005.25,2007.25
"97326",2008.25,2011.75,2011.75
"97327",2008.25,2010.75,2010.75
"97329",2007,2007,9999
"97330",2009.75,2009.75,2009.75
"97331",2009.75,2009.75,2009.75
"97333",2006,2006,2006
"97338",2006,2006,2006.25
"97341",2005.75,2005.75,2005.75
"97342",2005,2005,9999
"97343",2011.75,2011.75,9999
"97344",2006,2006,2006
"97345",2007,2007,2007
"97346",2008.75,2014.75,2014.75
"97347",2007.5,2007.5,2007.5
"97348",2007.75,2007.75,2008.25
"97350",2014.75,9999,9999
"97351",2007.75,2007.75,2007.75
"97352",2005.25,2006.5,2007.75
"97355",2007,2007.75,2007.75
"97357",2011.75,2011.75,2011.75
"97358",2008.75,2014.75,2014.75
"97360",2008.75,2008.75,2008.75
"97361",2006.5,2007.75,2008.75
"97362",2006.25,2006.25,2006.25
"97364",2006,2006,2006
"97365",2006.5,2006.5,2006.5
"97366",2006.5,2010.75,2010.75
"97367",2005.75,2005.75,2005.75
"97368",2006,2006,2006
"97369",2011.25,9999,9999
"97370",2007.75,2007.75,2008.25
"97371",2006,2006.5,2007.75
"97373",2006.25,2006.25,2006.25
"97374",2006.5,2007.5,2008.75
"97375",2009,2009.75,2012.75
"97376",2010.75,2011.25,2011.25
"97377",2006.5,2006.5,2006.5
"97378",2006.25,2009,2010.5
"97380",2005.75,2006.5,2011.75
"97381",2007.5,2007.5,2007.5
"97383",2006.5,2007,2007.5
"97384",2006.5,2007,2007.5
"97385",2006.5,2007.5,2007.5
"97386",2005,2006.5,2007
"97388",2005.75,2005.75,2005.75
"97389",2006.5,2006.5,2006.5
"97390",9999,9999,9999
"97391",2011.25,2011.75,2011.75
"97392",2005.25,2005.25,2005.25
"97394",2010.75,2011.25,2011.25
"97396",2007.5,2007.5,2011
"97401",2006.5,2006.5,2006.5
"97402",2006.5,2007.75,2008.25
"97403",2006.5,2006.5,2006.5
"97404",2006.5,2006.5,2006.5
"97405",2005.5,2006.5,2007
"97406",9999,9999,9999
"97408",2006.5,2006.5,2006.5
"97410",2009,2010.75,9999
"97411",2007.75,2007.75,2007.75
"97412",2007.75,2007.75,2008.25
"97413",2009.75,9999,9999
"97414",2009,2010.5,2010.5
"97415",2006.25,2007.75,2009.25
"97416",2006.75,2007.25,2007.5
"97417",2009,2009,2009
"97419",2005,2005,2006.5
"97420",2007.25,2008,2008.25
"97423",2007.75,2008.25,2008.25
"97424",2006.75,2007.75,2009.25
"97426",2005.5,2005.5,2006.5
"97429",2009,2010.75,9999
"97430",2005,2007.75,9999
"97431",2005,2005,2005
"97434",9999,9999,9999
"97435",2007.25,2008.75,2009.25
"97436",2008.75,2008.75,2008.75
"97437",2005,2006.5,2007.75
"97438",2005,2005,2008.25
"97439",2010,2011.25,2011.25
"97441",2006.75,2006.75,2006.75
"97442",2009,2009,2010.75
"97443",2007.75,2007.75,2008.5
"97444",2006.25,2007.5,2010.75
"97446",2007.75,2008.25,2008.25
"97447",2007.75,2007.75,9999
"97448",2007.75,2008.25,2008.25
"97449",2007.25,2007.25,2007.25
"97450",2008.75,2009,2012.75
"97451",2005,2007,2007.25
"97452",2005,2005,2005
"97453",2010,2011.25,2011.25
"97454",2005,2006.5,2007.75
"97455",2005.5,2005.5,2006.5
"97456",2007.75,2007.75,2008.25
"97457",2009,2009,2009
"97458",2010.5,2010.5,2010.5
"97459",2007.25,2007.25,2007.5
"97461",2008.25,2008.25,2008.25
"97462",2008.75,2008.75,2009.25
"97463",9999,9999,9999
"97465",2006.75,2008.5,2008.75
"97466",2010.5,2010.5,9999
"97467",2008.75,2009.75,2011
"97469",2007.25,2007.5,2009
"97470",2007.75,2007.75,2008.5
"97471",2006.25,2006.75,2006.75
"97473",2009.75,2009.75,2011
"97476",2008.75,2008.75,2012.75
"97477",2006.5,2006.5,2006.5
"97478",2005,2005.5,2006.5
"97479",2007.75,2008.25,2009.25
"97480",2010,2011.25,9999
"97481",2006.75,2006.75,2006.75
"97484",9999,9999,9999
"97486",2008.75,2010.75,2012.5
"97487",2007.75,2008.25,2008.25
"97488",2005,2005,2005
"97489",2005,2005,2006.5
"97490",2007.75,2008.25,9999
"97492",9999,9999,9999
"97493",2010,2010,2010
"97494",2007.25,2007.75,2008.25
"97495",2006.25,2006.75,2007.25
"97496",2006.75,2006.75,2006.75
"97497",2005.5,2009,2009
"97498",2010.75,2011.25,9999
"97499",2008.25,2008.75,2009.25
"97501",2006.25,2006.25,2006.25
"97502",2006.25,2006.25,2007
"97503",2007,2007.75,2007.75
"97504",2006.25,2006.25,2006.25
"97520",2007.75,2008,2008
"97522",2007.5,2007.5,2009.5
"97523",2006.75,2011.75,2011.75
"97524",2007.5,2008,2008.25
"97525",2007.25,2007.75,2009.5
"97526",2005.5,2005.5,2006.75
"97527",2006.75,2007.75,2009.25
"97530",2012.25,9999,9999
"97531",2006.75,2009.25,2012.25
"97532",2006.75,2008.75,2009
"97534",2006.75,2006.75,2011.75
"97535",2006.25,2006.25,2006.25
"97536",2010.25,9999,9999
"97537",2005,2007,2009.5
"97538",2009.25,2009.25,2012.25
"97539",2009.5,2009.5,2009.5
"97540",2006.25,2008.25,2008.25
"97541",2009.5,2014.75,2014.75
"97543",2009.25,2009.25,2009.25
"97544",2011.75,2012.25,9999
"97601",2006.75,2007.75,2007.75
"97603",2005.75,2005.75,2006.5
"97604",9999,9999,9999
"97620",2009.75,2009.75,2009.75
"97621",2011.75,2011.75,2011.75
"97622",2009,2009,2011.75
"97623",2007.75,2007.75,2007.75
"97624",2007.75,2009.5,2009.5
"97625",2006.5,2006.5,2007.5
"97626",2007.75,2007.75,2007.75
"97627",2006.75,2006.75,2006.75
"97630",2009.5,2009.5,2009.5
"97632",2005.75,2006.5,2007.75
"97633",2005.75,2005.75,2005.75
"97634",2005.5,2005.5,2005.5
"97635",2009.5,9999,9999
"97636",2006.75,2006.75,2006.75
"97637",2009.75,9999,9999
"97638",2008,2009,2009
"97639",2009.5,2011.75,2011.75
"97640",2006.75,2006.75,2006.75
"97641",2009,2009,2009
"97701",2006.25,2007.75,2008
"97702",2005,2006,2006.25
"97707",2009,2009,2009.5
"97710",9999,9999,9999
"97711",2011.75,2013.75,9999
"97712",2004.5,2006.25,2008
"97720",2009.5,2009.5,2009.5
"97721",2009.5,2009.5,2009.5
"97722",2009.5,2009.5,2009.5
"97730",2012,2014.75,2014.75
"97731",2009.5,2009.5,2009.5
"97732",2009.5,2009.5,2009.5
"97733",2009.5,2009.5,2009.5
"97734",2006.75,2007.75,2008.25
"97735",2008,2008,2009
"97736",2009.5,2009.5,2009.5
"97737",2009,2009,2009.75
"97738",2009.5,2009.5,2009.5
"97739",2005.5,2008,2008.25
"97741",2007.75,2008.25,2010.25
"97750",9999,9999,9999
"97751",2005.25,2009,2009
"97752",2009,2009,2009
"97753",2007.25,2007.25,2007.75
"97754",2008,2009,2009
"97756",2007.25,2007.25,2007.25
"97758",2004.5,2004.5,2004.5
"97759",2008.25,2009.75,2014.25
"97760",2007.25,2007.75,2007.75
"97761",2007.25,2010.75,2014.75
"97801",2005.75,2007.25,2007.25
"97810",2005.75,2005.75,2006.75
"97812",2007,2008.5,2010.5
"97813",2005.75,2005.75,2005.75
"97814",2006,2009.25,2010.25
"97817",9999,9999,9999
"97818",2006.75,2006.75,2006.75
"97819",2006,2006,2006
"97820",2008.75,9999,9999
"97823",2009.5,2009.5,2013.25
"97824",2005.25,2006,2006
"97825",2008.75,2008.75,2008.75
"97826",2005.25,2005.25,2010.75
"97827",2007,2010.75,2014.75
"97828",9999,9999,9999
"97830",2008.75,9999,9999
"97833",2009.25,2009.25,2009.25
"97834",2006,2006,2013
"97835",2007.25,2007.25,2007.25
"97836",2011,2011,9999
"97837",2006,2006,9999
"97838",2005.25,2006.75,2007.75
"97839",2010.5,2010.75,2011
"97840",2014,2014,9999
"97841",2006,2006,2010.75
"97842",9999,9999,9999
"97843",2010.5,2011,2011
"97844",2006.75,2006.75,2006.75
"97845",2005.75,2005.75,2008.75
"97846",9999,9999,9999
"97848",2008.75,9999,9999
"97850",2010.25,2010.75,2010.75
"97856",2009.75,2012.5,9999
"97857",2010,2011.5,9999
"97859",2005.75,2010.75,2014.5
"97862",2007.5,2009,2009.75
"97864",9999,9999,9999
"97865",2008.75,2008.75,2008.75
"97867",2009.25,2009.25,2010.25
"97868",2004.5,2004.5,2014.5
"97869",2009,2009,2015
"97870",2006,2006,2006
"97873",9999,9999,9999
"97874",9999,9999,9999
"97875",2005.25,2006.75,2007.75
"97876",2010.75,2010.75,2010.75
"97877",9999,9999,9999
"97880",9999,9999,9999
"97882",2006.75,2007.75,2010.75
"97883",2005,2006,2010.25
"97884",9999,9999,9999
"97885",2007,2007,2011.5
"97886",2007.5,2007.5,2010
"97901",2008,2010.75,2011.5
"97903",2007.75,2010.75,9999
"97904",2005.25,2010.5,2010.5
"97905",2006,2006,2006
"97906",2010.5,2014.75,2017.75
"97907",2006,2006,2010.75
"97908",2006,9999,9999
"97909",2006,2006,2010.75
"97910",2017.75,2017.75,9999
"97911",2010.5,2010.5,2010.5
"97913",2012.25,2017.75,9999
"97914",2007.75,2008,2008.75
"97918",2007.75,2007.75,2010
"97920",2017.75,2017.75,9999
"98001",2005.25,2005.25,2005.25
"98002",2005.25,2005.25,2005.25
"98003",2005.25,2005.25,2005.25
"98004",2006,2006,2006
"98005",2006,2006,2006
"98006",2005.5,2006,2006
"98007",2006,2006,2006
"98008",2005.5,2006,2006
"98010",2005,2005,2005
"98011",2005,2005,2005.5
"98012",2005.75,2005.75,2005.75
"98014",2005.5,2005.75,2005.75
"98019",2005.75,2005.75,2008.25
"98020",2010,2010.75,2010.75
"98021",2005.5,2006.5,2006.5
"98022",2009.75,2009.75,9999
"98023",2004.5,2005.75,2005.75
"98024",2005.75,2005.75,2005.75
"98026",2009.75,2010.75,2010.75
"98027",2005.75,2005.75,2005.75
"98028",2005,2005,2005
"98029",2005.75,2005.75,2005.75
"98030",2005.25,2005.25,2005.25
"98031",2005.25,2005.5,2005.5
"98032",2005.5,2005.5,2005.5
"98033",2005.5,2006,2006
"98034",2005,2005,2005
"98036",2005,2006,2009.75
"98037",2009.75,2010.75,2010.75
"98038",2005,2005.25,2006.75
"98039",2006,2006,2006
"98040",2006,2006,2006
"98042",2005,2005,2005
"98043",2005,2005,2005
"98045",2009.75,2010.5,2014
"98047",2005.25,2005.25,2005.25
"98050",2005.75,2005.75,2005.75
"98051",2006.5,2006.5,2006.5
"98052",2005.5,2005.5,2005.5
"98053",2005.5,2005.5,2005.5
"98055",2005.25,2005.25,2005.25
"98056",2005.25,2005.25,2005.25
"98057",2005.25,2005.25,2005.5
"98058",2005.25,2005.25,2005.25
"98059",2005.25,2005.25,2005.25
"98065",2005.75,2005.75,2005.75
"98068",2012,2012,9999
"98070",2005.75,2006.5,2006.75
"98072",2006.5,2006.5,2006.5
"98074",2005.5,2005.5,2005.5
"98075",2005.5,2005.75,2005.75
"98077",2006.5,2006.5,2006.5
"98087",2005.75,2005.75,2006
"98092",2005.25,2005.25,2005.25
"98101",2005,2005,2005
"98102",2006,2006,2006
"98103",2005,2005,2005
"98104",2005,2005,2005
"98105",2005,2005,2005
"98106",2005,2005,2005
"98107",2006.25,2006.25,2006.25
"98108",2005,2005,2005
"98109",2005,2005,2005
"98110",2006.25,2006.25,2006.25
"98112",2006,2006,2006
"98115",2005,2005,2005
"98116",2005,2005,2005
"98117",2006.25,2006.25,2006.25
"98118",2005,2005,2005.5
"98119",2006.25,2006.25,2006.25
"98121",2005,2005,2005
"98122",2006,2006,2006
"98125",2005,2005,2005
"98126",2005,2005,2005
"98133",2005,2005,2005
"98134",2005,2005,2005
"98136",2005,2005,2005
"98144",2005,2005.5,2005.75
"98146",2005,2005,2005
"98148",2005.5,2005.5,2005.5
"98154",2005,2005,2005
"98155",2005,2005,2005
"98158",2005.5,2005.5,2005.5
"98164",2005,2005,2005
"98166",2005.5,2005.5,2005.5
"98168",2005.5,2005.5,2005.5
"98174",2005,2005,2005
"98177",2005,2005,2005
"98178",2005.25,2005.5,2005.5
"98188",2005.5,2005.5,2005.5
"98195",2005.5,2006,2006
"98198",2005.5,2005.5,2005.5
"98199",2006.25,2006.25,2006.25
"98201",2005.75,2007,2008
"98203",2005.75,2005.75,2005.75
"98204",2005.75,2005.75,2005.75
"98205",2005.75,2006.5,2006.5
"98207",2008,2009.75,2010.25
"98208",2005.75,2005.75,2005.75
"98220",2007.75,2007.75,2007.75
"98221",2006.5,2006.75,2007.5
"98222",2007.5,2007.5,2010
"98223",2006.25,2006.25,2007.5
"98224",2010.5,2012,2014
"98225",2006.5,2006.5,2006.5
"98226",2005.25,2005.25,2006.5
"98229",2006.5,2006.5,2006.5
"98230",2005.5,2005.5,2005.5
"98232",2005.75,2005.75,2006.5
"98233",2005.75,2005.75,2005.75
"98235",2007.75,2010,2010
"98236",2007.75,2007.75,2007.75
"98237",2007.75,2010.5,2015.75
"98238",2005.5,2005.5,2005.5
"98239",2007.25,2007.25,2007.25
"98240",2005.5,2005.5,2005.5
"98241",9999,9999,9999
"98243",2007.5,2009,2010
"98244",2008.25,9999,9999
"98245",2007.5,2007.5,2009
"98247",2005.25,2006.75,2007.75
"98248",2005.25,2005.25,2005.25
"98249",2005.75,2007.75,2007.75
"98250",2010,2010,2010
"98251",2005.75,2005.75,9999
"98252",2010.5,9999,9999
"98253",2005.75,2005.75,2005.75
"98255",2010.5,2015.25,2015.25
"98256",2012,9999,9999
"98257",2005.75,2006.5,2006.5
"98258",2006.75,2006.75,2006.75
"98260",2007.75,2007.75,2007.75
"98261",2007.5,2007.5,2007.5
"98262",2006.5,2006.5,2006.5
"98263",2007.75,2010,2010
"98264",2005.25,2005.25,2006.75
"98266",2007.75,2007.75,2008.25
"98267",2017.5,2017.5,9999
"98270",2006.75,2006.75,2006.75
"98271",2006.75,2006.75,2007.5
"98272",2006.5,2007,2009.75
"98273",2005.75,2005.75,2005.75
"98274",2005.5,2005.5,2006.25
"98275",2005.75,2005.75,2006.75
"98276",2007.75,2007.75,2007.75
"98277",2006.5,2006.5,2006.5
"98278",2006.5,2006.5,2006.5
"98279",2006.5,2006.5,2007.5
"98280",2007.5,2010,2010
"98281",2005,2013,2013
"98282",2005.75,2005.75,2005.75
"98283",9999,9999,9999
"98284",2007.75,2007.75,2010.5
"98286",2007.5,2010,2010
"98288",2012,2012,9999
"98290",2006.5,2006.5,2006.5
"98292",2005.75,2005.75,2005.75
"98294",2005.5,2005.5,2005.5
"98295",2007.75,2007.75,2007.75
"98296",2005.75,2006.5,2006.5
"98297",2007.5,2007.5,2009
"98303",2010,2010,2010
"98304",2013,9999,9999
"98305",2006.75,2006.75,2011.25
"98310",2006.5,2006.5,2006.5
"98311",2006.5,2006.5,2006.5
"98312",2006.5,2008.5,2008.5
"98314",2006.5,2006.5,2006.5
"98315",2005,2005,2005
"98320",2009,2010.5,9999
"98321",2006,2006,2006
"98323",2009.5,2009.75,2009.75
"98325",2009,2009,2009
"98326",2006.75,9999,9999
"98327",2006.75,2010,2010
"98328",2006.75,2007.75,2013
"98329",2007,2007,2007
"98330",2013,2013,9999
"98331",2011.25,9999,9999
"98332",2005.75,2006.5,2007
"98333",2005.25,2005.25,2005.25
"98335",2006.5,2007,2007.25
"98336",2008.75,2008.75,9999
"98337",2006.5,2006.5,2006.5
"98338",2006.75,2007,2009
"98339",2009,2009,2009
"98340",2006.5,2006.5,2006.5
"98342",2005.5,2005.5,2005.5
"98345",2006.5,2006.5,2006.5
"98346",2005.5,2005.5,2005.5
"98349",2009.75,2009.75,2009.75
"98350",2011.25,2011.25,2011.25
"98351",2010,2010,2010
"98353",2006.75,2006.75,2006.75
"98354",2004.5,2005.75,2005.75
"98355",2013,9999,9999
"98356",2010,2010,2010
"98357",9999,9999,9999
"98358",2009,2009,2009
"98359",2006.75,2006.75,2007
"98360",2007,2009.5,2009.5
"98361",2007.25,9999,9999
"98362",2013.75,9999,9999
"98363",2006.75,9999,9999
"98364",2005.5,2005.5,2005.5
"98365",2006.5,2006.5,2006.5
"98366",2006.75,2006.75,2007.25
"98367",2007,2007,2007
"98368",2009.5,2009.5,2009.5
"98370",2005.5,2005.5,2005.5
"98371",2005.5,2005.5,2005.75
"98372",2005.5,2005.5,2005.5
"98373",2005.5,2005.5,2005.5
"98374",2005.5,2005.5,2005.5
"98375",2005.5,2005.5,2005.5
"98376",2007,2007,2007
"98377",2007.25,9999,9999
"98380",2008.5,2008.5,2008.5
"98381",9999,9999,9999
"98382",2009.5,2009.5,2009.75
"98383",2006.5,2006.5,2006.5
"98385",2006,2006,2006
"98387",2006.5,2006.5,2006.5
"98388",2005.25,2005.25,2005.25
"98390",2006,2006,2006
"98391",2006,2006,2006
"98392",2005.5,2005.5,2005.5
"98394",2009.75,2009.75,2009.75
"98396",2009.5,2009.5,2009.5
"98402",2004.5,2005.75,2005.75
"98403",2004.5,2005.75,2005.75
"98404",2004.5,2005.75,2005.75
"98405",2004.5,2005.75,2005.75
"98406",2005.75,2005.75,2005.75
"98407",2005.75,2005.75,2005.75
"98408",2004.5,2005.75,2005.75
"98409",2005.75,2005.75,2005.75
"98416",2004.5,2005.75,2005.75
"98418",2004.5,2005.75,2005.75
"98421",2004.5,2005.75,2005.75
"98422",2004.5,2005.75,2005.75
"98424",2004.5,2005.75,2005.75
"98430",2006.5,2006.5,2006.5
"98433",2005.25,2006.5,2006.5
"98438",2006.5,2006.5,2006.5
"98439",2006.5,2006.5,2006.5
"98443",2004.5,2005.75,2005.75
"98444",2005.75,2005.75,2006.5
"98445",2005.5,2005.5,2005.5
"98446",2005.5,2005.5,2005.5
"98447",2006.5,2006.5,2006.5
"98465",2005.25,2005.25,2005.25
"98466",2005.25,2005.25,2005.25
"98467",2005.25,2005.25,2005.25
"98498",2005.25,2005.25,2005.25
"98499",2005.25,2005.25,2005.25
"98501",2009.25,2010,2011.25
"98502",2005,2005,2009.5
"98503",2006.75,2006.75,2006.75
"98506",2005,2005,2005
"98512",2006.5,2006.5,2009.75
"98513",2006.75,2006.75,2006.75
"98516",2010,2010,2010
"98520",2006.25,2007.75,2008.25
"98524",2009.75,2010.25,2012
"98526",2007.75,2010.5,2011.75
"98527",2005,2007.5,2007.5
"98528",2007,2008.5,2009.75
"98530",2009.25,2010,2012.25
"98531",2005.25,2005.25,2008.25
"98532",2006.75,2008.25,2009.75
"98533",2006.75,2009,2010
"98535",2005,2006.25,2010.5
"98536",2007.75,2010.5,2010.5
"98537",2008.25,2008.25,2008.25
"98538",2009.75,2009.75,2009.75
"98541",2008.25,2008.25,2009.75
"98542",2007,2007,2007
"98544",2006,2009.25,2012.5
"98546",2009.75,2009.75,2009.75
"98547",2007.5,2007.5,2007.5
"98548",2006.25,2012,9999
"98550",2006.25,2009,2009
"98552",2007.75,2007.75,2009
"98555",2008.5,2010.25,2012
"98557",2009.75,2009.75,2010.75
"98558",2009,2009,2009
"98559",2008.25,2009.75,2012.75
"98560",2006.25,2006.25,2006.25
"98562",2010.5,2010.5,2010.5
"98563",2006.25,2008.25,9999
"98564",2008.75,2008.75,2008.75
"98565",2005.25,2005.25,2005.25
"98568",2008.25,2009.75,2010.75
"98569",2013.5,9999,9999
"98570",2006.75,2006.75,2007
"98571",2008.25,2010.5,2010.5
"98572",2009.75,2009.75,2009.75
"98575",2007.75,9999,9999
"98576",2009,2009,2009
"98577",2007.5,2008.25,2009.75
"98579",2006.5,2006.5,2009.25
"98580",2006.5,2006.75,2006.75
"98581",2009.75,2009.75,2010
"98582",2006.75,2006.75,2006.75
"98583",2008.25,2008.25,2009
"98584",2006.25,2006.25,2006.25
"98585",2006.75,2006.75,2010
"98586",2007.5,2007.5,2009
"98587",2010.5,2010.5,2010.5
"98588",2008.5,2008.5,2010.25
"98589",2008.25,2010,2011.25
"98590",2007.5,2007.5,2007.5
"98591",2008.75,2008.75,2008.75
"98592",2005,2005,2005
"98593",2005.5,2005.5,2005.5
"98595",2007.75,2008.25,2009
"98596",2005.5,2005.5,2005.5
"98597",2009,2009,2009
"98601",2007.25,2007.25,2007.25
"98602",2008.25,2008.5,2008.75
"98603",2007.25,2007.75,9999
"98604",2007,2007,2007.25
"98605",2005.5,2007.5,2008.25
"98606",2007,2007,2007
"98607",2005,2005,2005
"98610",2013.75,9999,9999
"98611",2008.5,2008.75,2009
"98612",2008,2008,2008
"98613",2005.75,2005.75,2006.5
"98614",2009,2009,2009
"98616",9999,9999,9999
"98617",2008.25,2008.25,2008.25
"98619",2005.5,2005.5,2011.5
"98620",2005.75,2005.75,2005.75
"98621",2009.75,2009.75,2013
"98624",2009,2009,2009
"98625",2007.75,2007.75,2008
"98626",2008.25,2009,2009
"98628",2008.25,2008.25,2008.25
"98629",2007.25,2007.25,2007.25
"98631",2009,2009,2009
"98632",2007.75,2007.75,2008
"98635",2008.25,2008.25,2008.25
"98638",2005,2006.25,2009
"98639",2007.5,2007.5,2007.5
"98640",2011.5,2011.5,2011.5
"98641",2011.5,2011.5,2011.5
"98642",2008.25,2008.25,2008.25
"98643",2006.25,2006.25,2009.75
"98644",2009,2009,2009
"98645",2008.75,2008.75,2009
"98647",2009.75,2009.75,2013
"98648",2007.5,2007.5,2007.5
"98649",2007.75,2007.75,2007.75
"98650",2005.5,2005.5,2005.5
"98651",2005.5,2007.5,2008.25
"98660",2005.25,2005.25,2005.25
"98661",2005.25,2005.25,2005.25
"98662",2005.25,2005.25,2005.25
"98663",2005.25,2005.25,2005.25
"98664",2005.25,2005.25,2005.25
"98665",2005.25,2005.25,2005.25
"98670",2008.25,2008.25,2008.25
"98671",2005.25,2006.5,2006.5
"98672",2005.5,2006.5,2008.25
"98673",2005.75,2008.25,2008.5
"98674",2007.5,2007.75,2007.75
"98675",2007.25,2008.5,2012.5
"98682",2005,2006.5,2007
"98683",2005,2005.25,2005.25
"98684",2005,2005,2005.25
"98685",2005.25,2005.25,2005.25
"98686",2005.25,2005.25,2005.25
"98801",2007.75,2007.75,2008.5
"98802",2007.75,2007.75,2007.75
"98811",2006.75,2007.5,2008
"98812",2006.75,2007.5,2007.75
"98813",2005.25,2006.5,2009.75
"98814",2007.75,2007.75,2007.75
"98815",2007.75,2009.75,2010
"98816",2007.5,2008,9999
"98817",2008,2008,2008
"98819",2015.75,9999,9999
"98821",2007.75,2009.75,2010
"98822",2010,2010.25,9999
"98823",2007.5,2009,2009
"98824",2005,2005,2005
"98826",2015.75,9999,9999
"98827",9999,9999,9999
"98828",2008.5,2008.5,2008.5
"98829",2007.5,2007.5,2007.75
"98830",2007.5,2009.75,2009.75
"98831",2006.75,2006.75,2006.75
"98832",2011,2012.25,2015.25
"98833",9999,9999,9999
"98834",2006.75,2006.75,2006.75
"98836",2006,2007.75,2007.75
"98837",2009.75,2010,2010
"98840",2007,2007.5,2009.75
"98841",2007.5,2007.75,2008
"98843",2007.5,2007.75,2007.75
"98844",2012.75,2015,9999
"98845",2009,2009.5,2009.75
"98846",2006.75,2006.75,2006.75
"98847",2008.75,2010,2011.75
"98848",2007.5,2007.5,2007.75
"98849",2007.75,2007.75,2008
"98850",2008.5,2008.5,2009.5
"98851",2009.75,2009.75,2009.75
"98852",9999,9999,9999
"98853",2009.75,2009.75,2012.25
"98855",2007.75,2012.75,2015
"98856",2007.75,2015.25,9999
"98857",2007.5,2010,2010.25
"98858",2007.5,2007.5,2007.5
"98859",2015,2015,9999
"98860",2015.25,2015.25,2015.25
"98862",9999,9999,9999
"98901",2006,2007,2007.75
"98902",2006,2006,2006
"98903",2009,2009,2010.5
"98908",2005.25,2005.25,2005.25
"98921",2007,2007,2007
"98922",2008.75,2010.25,2011.75
"98923",2005.25,2005.25,2005.25
"98925",2009.75,2009.75,2011.75
"98926",2006.25,2007.75,2010.25
"98929",9999,9999,9999
"98930",2010.5,2010.5,2010.5
"98932",2007.75,2007.75,2007.75
"98933",2006,2007.75,2010.5
"98934",2010.5,2010.5,2010.5
"98935",2007.75,2007.75,2007.75
"98936",2007,2007,2007
"98937",2011.75,9999,9999
"98938",2007.75,2008,2010.5
"98939",2005.5,2005.5,2005.5
"98940",2011.75,2012,2016.75
"98941",2008.75,2009.75,2009.75
"98942",2006.75,2009.5,2009.5
"98943",2009.75,2009.75,2009.75
"98944",2006,2006,2007.5
"98946",2010.5,2010.5,2011.75
"98947",2005.25,2005.25,2005.25
"98948",2007.75,2007.75,2010.5
"98950",2007.5,2007.5,2007.75
"98951",2005.5,2006,2007
"98952",2006.5,2007,2010.25
"98953",2010.5,2010.5,2010.5
"99001",2000,2006.25,2006.75
"99003",2009.75,2009.75,2010.25
"99004",2005.5,2006.25,2006.75
"99005",2005,2005,2005.75
"99006",2008.75,2009.75,2011.5
"99008",2005.5,2005.5,2006.75
"99009",2009.75,2009.75,2009.75
"99011",2000,2006.25,2006.75
"99012",2006,2006,2006
"99013",2007.25,2007.25,2007.25
"99016",2005.75,2005.75,2005.75
"99017",2005,2005,2007
"99018",2006,2006,2006
"99019",2005.75,2006,2007.75
"99020",2000,2006.75,2007.5
"99021",2005,2005,2007.75
"99022",2005.5,2006.25,2006.25
"99023",2006,2006.75,2007.5
"99025",2007.75,2007.75,2008.75
"99026",2007.25,2008.75,2008.75
"99027",2005.75,2005.75,2005.75
"99029",2006.25,2006.75,2010
"99030",2006,2006,2006
"99031",2006,2006.75,2007.5
"99032",2005,2005,2005.5
"99033",2006,2006,2006
"99034",2007.25,2007.25,2012.25
"99036",2006,2006.75,2006.75
"99037",2005.75,2005.75,2005.75
"99039",2006,2006.75,2006.75
"99040",2006.75,2010,2015
"99101",2005.5,2005.5,2008.5
"99102",2006,2006,2006
"99103",2007.75,2009.75,2014.5
"99105",2007,2009.5,2012.25
"99109",2005.5,2005.5,2007.25
"99110",2005.5,2007.25,2007.25
"99111",2005.5,2007.5,2008.25
"99113",2007.5,2007.75,2009.5
"99114",2009.25,2013.75,2015.25
"99115",2009.75,2009.75,2015.25
"99116",2008.75,2015.25,2015.25
"99117",2009.75,2009.75,2015.25
"99118",2015,2015,2015.25
"99119",2009.75,2012,9999
"99121",2013.25,2013.25,2015.25
"99122",2009.75,2010,2011
"99123",2006.25,2015.25,2015.25
"99124",2008.75,2015.25,2015.25
"99125",2007,2007,2007
"99126",2008.5,2009.25,2013.25
"99128",2006,2006,2008.5
"99129",2009.75,2009.75,2015.25
"99130",2007.75,2008.25,2008.5
"99131",2007.25,2008.5,2012
"99133",2006.25,2015.25,2015.25
"99134",2011,2011,2011
"99135",2014.5,2015.25,2015.25
"99136",2007,2007,2007
"99137",2005.5,2007.25,2007.25
"99138",2015.25,2015.25,2015.25
"99139",9999,9999,9999
"99140",2015.25,2015.25,2015.25
"99141",2013.25,2013.25,2015.25
"99143",2007,2007,2009.5
"99144",2007,2011,2011
"99146",2013.25,2013.25,2015.25
"99147",2009.75,2009.75,2015.25
"99148",2005.5,2007.25,2007.25
"99149",2014.5,2014.5,2014.5
"99150",2013.25,2015,2015.25
"99151",2009.25,2009.25,2009.25
"99152",2008.5,9999,9999
"99153",9999,9999,9999
"99154",2011,2011,2011
"99155",2015.25,2015.25,9999
"99156",2009.75,2009.75,2009.75
"99157",2013.75,2015.25,9999
"99158",2006,2007.75,2007.75
"99159",2007,2010.5,2011
"99160",2013.25,2013.25,2015.25
"99161",2007.5,2008.25,2008.5
"99163",2006,2007.5,2007.5
"99164",2007.5,2007.5,2007.5
"99166",2013.5,2013.5,2015.25
"99167",2008.5,2008.5,2009.5
"99169",2007.25,2007.25,2009.5
"99170",2012.5,2012.5,2014.5
"99171",2005.5,2007.75,2015
"99173",2007.25,2007.25,2007.25
"99174",2007.75,2007.75,2007.75
"99176",2007.75,2007.75,2007.75
"99179",2008.5,2009.5,2009.5
"99180",2009.75,2009.75,2009.75
"99181",2007.25,2007.25,2007.25
"99185",2008.75,2014.5,2015.25
"99201",2005.5,2005.5,2005.5
"99202",2005.5,2005.5,2005.5
"99203",2005.5,2005.5,2005.5
"99204",2005.5,2005.5,2005.5
"99205",2006,2008.75,2008.75
"99206",2005.75,2005.75,2005.75
"99207",2005.5,2005.5,2005.5
"99208",2008.75,2008.75,2008.75
"99212",2005.5,2005.75,2005.75
"99216",2005.75,2005.75,2005.75
"99217",2005,2005,2005.75
"99218",2008.75,2008.75,2008.75
"99223",2005.5,2005.5,2005.5
"99224",2005.5,2006.25,2006.25
"99301",2005.75,2007.25,2007.75
"99320",2005.25,2007.5,2010.5
"99321",2005,2007.5,2007.5
"99322",2007.75,2007.75,2007.75
"99323",2009,2009.25,2010.5
"99324",2006.75,2006.75,2006.75
"99326",2007.25,2007.75,2007.75
"99328",2007.5,2013.25,9999
"99329",2006.75,2006.75,2007.5
"99330",2005.75,2006.75,2009
"99333",2009.5,2009.5,9999
"99335",2007.25,2007.75,2007.75
"99336",2005.25,2005.25,2005.25
"99337",2007.25,2007.25,2007.75
"99338",2007.25,2007.75,2009.5
"99341",2007.25,2007.75,2009.5
"99343",2006.5,2007.5,2007.75
"99344",2006,2007.5,2007.5
"99345",2006.75,2008.25,2008.25
"99346",2007.25,2007.75,2010.5
"99347",2007,2009.75,2013.25
"99348",2009,2009.75,2009.75
"99349",2007.5,2007.75,2007.75
"99350",2006.5,2007.75,2008.25
"99352",2005.25,2005.25,2005.25
"99353",2005.25,2005.25,2005.25
"99354",2005.25,2005.25,2005.25
"99356",2007,2007,2007.75
"99357",2005,2007.5,2007.75
"99359",2009.5,2013.25,2013.25
"99360",2009,2009.75,2010
"99361",2007.5,2009.75,2011.5
"99362",2006.75,2007.5,2009
"99363",2009,2009.25,2010.5
"99371",2009.5,2009.5,2009.5
"99401",9999,9999,9999
"99402",2006.75,2006.75,2007.75
"99403",2005.75,2006.75,2006.75
